t1_feature_1,t1_feature_2,t1_feature_3,t1_feature_4,t1_feature_5,t1_feature_6,t1_feature_7,t1_feature_8,t1_id
1.390320193461579,-0.4238068230632212,-2.23283507241717,1.7030627493264756,0.1702465005315144,0.24943627638450436,0.7116039479685875,1.3057624839537227,1
-0.4658642868848285,1.0443829545422567,0.5447813482918276,1.1956838967508152,-0.6001866084858195,-0.09473161027793787,-0.15821666975904855,0.8872908435147144,2
0.6035562552703518,-0.6047834403297797,-1.1974654923575452,0.6403103333166643,-0.35066843764027245,1.5547715240084166,0.5762792798175657,0.675890116489017,3
-0.1943230363979615,1.5107563744619228,0.29798865498818683,-0.3349793898968335,0.7851236363243426,-2.578959398864144,-0.01612889380713762,0.02333676152901771,4
-1.435212241064457,-0.3207959499549852,-0.9003362039155471,-0.8605892652613788,-0.8235370917215293,-0.4738115072503763,0.5083559865449252,-0.275377293693186,5
-1.2293234381046871,1.0364974273433196,-1.633517454553507,0.4543698901351302,0.796768793446179,-0.6644575513906693,-0.04974006277048839,-1.990386314656372,6
-1.2439370429708327,1.5767546263612517,2.3380746387618654,0.09188481575693318,1.5667902170627857,-0.18023235554005088,1.4134937963097503,0.5631278577849622,7
-1.0286929675239642,0.34271105641059235,-0.952904054551832,2.0571349331879114,2.563386003192496,-0.6328264701612385,2.237085039841197,0.16083156218558617,8
-0.727692016384043,-1.653965776669343,0.710251117547002,-0.3489151148876653,-0.6315499300324747,0.02856784895937194,-0.7241204058236187,-0.03710385555812392,9
-1.3290959482629665,1.469347710014642,1.2257687372114334,-0.45398976009384817,-2.355798890380491,0.765015811354071,0.09986256647036558,-0.6537548334759526,10
-0.4718146439916615,-0.3314793413803155,-1.0565226788212945,0.5952390026419674,-0.14155134514690715,1.6210412374396956,2.2260271570945083,-0.03286884609046606,11
0.3245287548113885,-2.1130053376559452,1.165465402169091,-1.0451535506426815,-0.6437293714765701,0.19752133621279103,-0.6674144221678691,0.8359174581400929,12
-0.4460345926084995,-1.4499620613951172,1.0316806206971496,0.7309176155774503,-0.8042759231613101,-1.6411695485868707,0.20911315789160234,-0.6241493820999897,13
-0.34699953031394987,1.122287392389516,-0.963807891240075,-0.4784819914383766,-0.2607444086052422,1.6344131632676149,-0.4636452301698986,-1.0574633536020797,14
-2.4436219654392097,0.6309274862824211,1.257443299496464,-0.1175038198754602,1.2123157520980539,0.7522167301774975,2.216702060208375,-0.18467654850550452,15
1.6273985451995312,1.1007556222458377,-0.41693072127414954,-0.7702522975431552,-0.821368118132062,-0.676163546619399,0.8901882306845803,0.7217405735867126,16
0.9583533650929257,-0.36953392289172565,-0.05798563628339648,-0.4265963412573286,0.18969831348078547,-0.32059895109772835,0.2970303331543303,1.1039078778828952,17
-2.128872410089981,0.533891559873485,-0.044916584630536945,0.5367000119793881,0.7075696232696473,0.2891068992315731,0.37320870358264974,-0.9188617669209068,18
0.17989299596743194,-0.7609439844325079,-0.6777525656330351,0.37434571980094583,-0.3601077365881264,0.31164337183769547,1.3763542903794566,-0.4184536172200272,19
0.10860081818683766,-0.46411441796496883,0.9570062914253538,0.6107477057737093,-0.7008325531460647,0.45722722387534026,-1.4457251795138586,1.259290298535708,20
-0.20086070203569661,1.6282887114062508,1.2055986354385817,-2.3916014624973374,-0.32839716472048347,-0.3209963320361278,1.6567520746625715,-2.793476617555393,21
0.7531405571360866,-0.9218124130648685,0.13000389644309998,-0.6657135442654906,0.5119102922138685,-2.1270347882169385,1.4200229340169082,0.13558967902432603,22
0.17622646049852705,-0.20432348982282564,0.8320435536405546,0.03656830014318022,-0.7874713693431096,-1.4865002668952876,-0.20299140432840418,1.3528436724201602,23
1.6659337044054348,0.6002981855765689,1.8220570933735334,1.4135135947721358,-0.30793270167825254,2.0814396257018446,-1.6481370997223304,-1.2332624990731034,24
-0.9132066213591031,-0.18997562132186468,-0.7282470494907637,0.8947609895628654,-0.8719575017428599,1.2551802169673814,-1.8144994695190784,1.5113395429140806,25
0.16257229634881679,2.0287079113013995,-0.4484011860171163,-1.072033520470484,0.9338928078842644,-2.010592410402107,1.4423545586110111,-0.10150130902258635,26
-0.0035446753535124495,-0.5124432695333478,-0.21714401054876173,-1.100108515061242,-0.452732402819921,0.8485190072916552,-0.5236311951636626,0.35733351685731385,27
-0.151887052330705,-0.6348288240576665,-0.30331251136519644,0.5357635595418587,0.1659479653932683,-0.441896015480381,-1.2244642428094714,-0.6457948345813506,28
-1.0022401661703382,0.0787510394182176,-0.47236107304523767,-0.8714175599550488,0.043262739468620935,1.0759604341073994,-0.7533469667204076,1.1981894456027815,29
0.9859766066010377,-0.42347378392508445,1.5458880964379949,-1.5920383439705035,0.2463897753241151,-0.8797868392402134,-0.4881371738494817,0.11502444586755035,30
0.23754806538407705,-2.4616196226348466,2.07528433002267,-2.1523828074956155,0.16427460715733389,1.851430910950588,0.13738515715679003,-1.4401028034521943,31
-1.3246822965771485,0.42876050368137153,0.8176517996344169,0.5207118509174564,-0.30037580701460737,-0.36304131044593163,0.2433894451445606,-0.34311076991051803,32
-0.03039042864951968,0.46196226735385904,0.10753068244255651,-0.6518392979029707,-0.060017138732508614,-0.8754893709485383,1.1218052717546474,-1.1119281096401157,33
0.04340581056590101,-2.1091517592200333,0.3777521645210996,0.7482097703432704,-1.0313872794401118,-0.9755400269778243,1.0226136550443359,-0.13341981389426882,34
-0.6281208890280231,0.28712767495887626,-0.706785539152926,-0.8631052307341905,-0.2417344942205418,-0.27365363190614833,-1.4582758550196178,-0.29176444097119475,35
-0.36952127596511464,-1.232253980251123,1.6110189312723402,0.06590653550541095,-2.740155098828663,-0.3513925605160801,1.850016302559052,0.7234831285314623,36
-0.7989459615646768,-0.5622051570260912,0.4892558965764594,-1.6993142190361747,0.01757022683182199,0.3996649767920162,0.43729741849420134,0.11051118258256189,37
1.0253613365380951,-0.9115969414693914,0.26878207739697196,0.27666381123944983,0.15045903355331122,0.24044234792324204,3.6813768845079005,-1.0566871730389509,38
-0.16434545318939214,-1.16365712626562,-0.24920238172991122,2.242428790217689,0.08684961711187729,-2.197797775100269,0.39119070746922974,-0.22718569230140961,39
0.7685280447267847,-2.0289506750908717,-0.09578585550617391,0.8311816795911361,-1.183244539527887,-0.40894782189151896,-0.05700428045306014,0.31474923408121547,40
-1.1262490255951676,1.0911368462009885,-0.06967166785269237,-1.0678778171678922,-0.18884935617923454,0.7068737487028728,-0.8151823001570807,1.918896863704034,41
0.823704400228935,2.551768621145332,-0.2880752887086229,1.0650532082274464,-0.9847882799359049,-0.13664599559681184,1.6920455890088735,1.0717531544536703,42
0.15856839609589835,-0.21486870746254436,2.035126294295866,0.22713077197846834,0.42348953317101296,-0.3254396895045814,0.3464064949864554,-0.26371977275103603,43
-1.3488169245481612,0.5275395621032739,-0.5639530785747348,0.6923800158860228,-1.0048647513538767,0.6396464489444386,0.9702541920691328,1.0840153129584598,44
1.2232547325707377,1.8911005099120883,-0.6292872694247729,-2.0355431837284423,-0.8412357994408624,0.23669132418733632,-0.676833788860654,-0.1484877723005228,45
-0.4829023505225107,-0.12765590419902093,0.24991494090025115,1.33222269800722,0.47696029882885843,0.1946551395228822,1.6012834334956503,-1.3411871441455037,46
-0.5131082658132459,0.5967710409696476,-0.9428496055181415,1.0017528181734572,-1.4648123651117566,-0.8681099463474207,-0.05965009198557632,-0.9790882603643316,47
1.312573052528305,0.6743517489202533,-0.7035990102897269,-1.7063477937340137,0.903602299220088,-0.29891103918282935,1.2795096664668355,-1.1493138363140252,48
-1.889647317619065,-2.194378007522612,0.6185767497137878,0.37179423592731636,-0.5139306262583043,-0.251440755264835,1.5194952229000276,-0.16373584613544406,49
0.671476805930662,0.7748309594294953,0.8399369533730264,0.6837259330766281,-1.3302263870470388,0.08841917787038411,-0.9260396203807287,-1.078879330741745,50
0.014436979337085062,-0.3094210712101913,-1.683172365592464,-0.04996024508042019,0.2873503562834083,0.5276207821235525,0.5954382742753617,0.7048757244095556,51
-0.6149544773163009,-0.13109769209527003,0.25810293365933745,0.34203208221741094,0.5828595501549154,0.3400874369208174,-0.6511517206764751,0.943233467990664,52
0.32615711824388216,1.3510527179358152,0.3107349054969849,2.751090493602567,0.20497513421139205,1.4747719187405108,-1.904186675658432,0.6609499569291398,53
-1.890268981950476,1.1816473725272922,-1.1804481675683418,0.6870748534989027,-0.006402075940400907,0.16645906994807322,-1.2675571855595404,0.915490408967921,54
0.9545088577397566,0.9647746823035749,-0.3035132021647019,-0.8020635121237291,2.8145018602069376,1.793823649663068,-0.1514551573274594,0.31698771281080984,55
1.5781826054225876,-0.33294965671088006,0.8452837248726947,0.9248795680083615,0.6860291583948548,0.4191124581640831,0.3906017325153651,0.9389912725956062,56
0.8044827450686214,1.2481210480874219,0.775991625591869,0.6023874999469085,0.25752964036623727,1.2744274554010506,0.00891938848137902,1.941031420399885,57
-1.0750779297842286,-0.5168220045021984,1.2772864751698787,-0.8111287609636323,-0.423052968351572,1.220625912424965,-0.22984654479907685,0.7150709594687601,58
-0.8464403295781733,-0.5879100344917706,0.28765321354101125,0.8624973899495342,-1.2455063416173142,-0.5890405854386305,-0.29019438709213324,-0.7285592510695544,59
-0.6559525316449512,-0.4446691636576964,0.8160746099225524,0.4241463272262045,-0.6347253157115851,1.0094706518684027,-0.08088232681438919,-0.21821066131447858,60
-0.15329947202349684,0.18991831684141156,0.7168749663877112,1.7262473907934688,0.6872952229015035,0.4290887856975547,1.3560135094485315,-1.713760811522194,61
-0.3668398610557734,-0.21974983474049686,0.026279874807407354,-0.2634538372655056,-0.05053338553946057,-0.755455971983976,0.9068888163324501,-0.5850231473254324,62
0.1671537026868506,0.17677754855130412,0.5681196030500076,-0.22235006408556063,-0.04937777721661615,-0.3229829551510996,-0.47491702036134054,-1.3343992669649778,63
3.388265841079495,0.0568487671278309,1.6052280107141912,-0.9544655161190362,-0.27117119556690494,-2.36110737702995,-1.4252800567543282,-0.4537346987188532,64
-0.9301309018864008,-1.8310701608468771,0.42576032095935035,-0.6952046105259617,1.3990448776994437,-0.4051456199731812,-0.8004086693198085,-0.3894394844780259,65
-1.1996879860895588,1.6885803308377167,-0.19236154034337447,-0.1159172214518381,1.5151078280161385,-0.7110979320821568,-0.9523103666015531,0.26032459742929,66
-1.3992981902381991,-0.4664547419234522,-0.8344838644596937,-2.568204819877571,-2.6184973832193645e-05,-1.8817761784467069,1.0635208630471187,0.8236295513860395,67
0.14537719927841034,-0.5995495272977158,-0.9355914990817606,0.2212266796921111,0.002709939889622329,-0.5817590890121777,0.6547983363268999,-0.896337676038733,68
0.2213770409034378,0.03255595397179352,0.7690211833333938,1.2753278907227175,-0.9771776343204267,-0.7947404950580139,-0.9345380901662717,0.12874928838243133,69
-0.12823485612432334,0.06895527349349798,0.11887841673892986,0.3111816389307609,1.0300909969781062,0.10535483033834572,-1.5040205324420441,1.0327732301969699,70
-0.5239691957795317,0.20911237234983954,-1.0674051323594453,-0.7900070057654656,-1.358648396171141,-0.6205269593132151,0.4630733267969359,0.10674581448584212,71
-1.9241030914802537,-0.10153914902670198,0.1685216539661114,-0.8803085641385572,0.3626710461135124,-0.3435202289129258,2.017459859790048,-1.8016497815708994,72
0.05925758647004122,1.7638073543163109,0.13047400795657155,0.7980609018839061,0.14174042864407496,-0.2611618154569144,0.5105015959971835,0.9949219120670407,73
1.0332339120697138,-0.3027767464677442,-0.6482804888890265,-0.0020876264671435734,-0.5802099555760982,1.5189040184962053,1.2393213402846261,-0.15576944814070426,74
-2.391864189148454,1.1975903191452273,-0.6040719343406812,-2.504480778508173,-0.5973949046174354,1.5405084627771781,1.167936608300222,0.06887365685203135,75
-0.230735323762637,1.9548160371987204,1.0737912128823195,1.2752223732706147,-0.5154017079128891,1.303509831720391,0.019043828972244145,1.2086224655263822,76
-0.5893466129786402,2.303468296809437,-0.17766316351835498,-0.45737482983626204,-1.0719425884626863,-0.5005373388930662,0.4034189275514334,0.05284148843697569,77
0.25811898641464925,-0.34376211227018844,-0.6644216657889245,-0.8020732658040951,1.0712900498128892,-1.5039099793560011,-0.9690115720282025,1.1100547031684498,78
-1.5558493712896644,-1.2086484938133355,1.5162334473894865,0.8609649411401542,-0.9929103814843281,1.0373244520861276,0.3311677043769328,0.441698886231894,79
-0.010590656845843326,0.5161013429265553,-0.8648337413271003,-2.0374165869958873,-2.1557370533737235,1.342858862195435,0.5629562141634846,-0.3795993542530469,80
1.3097188676662381,0.8157915171207247,-0.9544163480349191,0.6323953318653645,-0.7271634293963944,-0.8960776074651353,0.2899343583322755,2.265948394725145,81
-0.26290263274115716,0.536112648294053,-0.14972209142760154,-0.3539279409399706,0.04955476755495396,-0.4807316600918106,-0.44994347763414716,-1.3325161988275673,82
0.573810337353725,-0.14795953140458187,-0.15005269965840742,0.4887459004182328,-1.5467116411856054,-0.07846500092876411,0.4861286679984312,-0.4718085195179309,83
1.7919777556667513,-1.227328532638956,-0.459907868070372,0.03783017283841653,1.8588359128397227,-1.4297671741390245,0.7694630950964418,-0.48568310121380137,84
-0.279205285072877,0.14224619322823898,-2.0961228569709265,-0.6574428575595419,-0.181014365480745,-1.176224448765066,-1.2568935118577644,-2.579598699189664,85
2.200586928894117,-1.0467981605080547,-0.7634090198020824,0.6615329276577008,-0.5618926799742728,-0.36854006716477267,0.9045348987701847,-0.4061487224728661,86
0.4922328243818723,0.44739677288616664,-0.941455615653756,-1.3413525690866517,-0.0846359942493949,0.09192713299453373,-2.0372680700178294,-0.5970488119384607,87
-0.4073275640213485,0.39138079278165644,0.9307742734870635,-0.29782555295721247,-0.8456429681066202,-0.6650436725844459,0.22208747195638165,1.512626782536412,88
-0.20868947993391007,-1.2854690999873915,0.5747632466506866,-0.9242122771698645,-0.9777586819844742,-0.4551583331056565,-2.935519423172639,-0.003192786402893764,89
0.15354492506108283,0.19248698829619415,0.20190711792473917,2.339415276743952,0.06948968307907737,-0.24490565506853654,-1.267224593172038,-0.15475103999675643,90
0.09994981220713557,0.14195181467884488,0.39094032007334806,-1.3829738675986245,-1.1160491247354454,-0.07514289951599741,-1.1786496579221288,1.7921077589515393,91
-0.18903517268398243,-2.9583565251398256,-0.5918921332751126,-2.0905690097093195,-0.20292691451223624,-0.7040439673284651,-0.6150885599012947,1.0593826767813708,92
-0.1612879314520097,-1.031140429243051,-0.7394729182962455,-1.9738351256989026,0.1740763151395991,-0.5550981273913085,1.0742506210147136,1.9119281447392296,93
0.2599724807321928,-0.4343523784463027,1.4992247506376797,0.9185530588911341,0.776138870230989,-0.9558354281309782,1.0449919015881066,-1.3245027454620755,94
0.7068336159188188,-0.20439845718049868,-0.12204141930845291,0.06119239193142686,-0.8738279231299254,-0.8609034883425092,-0.9069580846572636,-0.009109757698265828,95
-2.1841147666402776,0.7697505020222081,-0.11371876083416269,-0.6731639484344625,-0.6531168037119421,0.38965455376547353,1.4523516462040755,-0.38962974972937114,96
1.2081260974283918,0.6135681805291306,-0.2530258665889122,1.0857908108901346,-0.6655495475412827,0.16879546175822865,-0.195036696086666,-1.5261324359981692,97
0.28093856204858647,0.4759019186950994,-2.0594416639460014,-0.5293791643382695,0.13591624022336296,-0.42527821139252125,0.2250304580281285,0.8262116791429666,98
2.9681684873652316,-0.859024032446718,1.6905720555622565,-0.3385035182782226,0.03317698070975235,-2.1637166648661763,-0.05905038075060373,-2.176046429548942,99
-0.40710103013856763,-0.33303687265762,0.16864136860780402,0.2618431193813281,-0.37071936966480096,1.478643472844522,1.342618247919702,0.5493253369028439,100
1.4748584497562625,1.5184862955604772,0.5725127127553815,0.7706313746920688,-0.007375936125943277,1.0476247983826088,-0.42496714842324734,-0.4352983643287208,101
-1.3997561329922386,-1.1062714354835836,-1.3716584057554435,1.3320641328691083,0.23224145812603272,1.385312853871451,-1.4720180245872494,-0.449784269313034,102
-0.1980679981470036,-0.25755050613613917,0.6563555718494055,0.6543155840390121,-2.2732470035407117,2.362298579119956,-1.79584686096242,-0.9774582644174798,103
-0.176182117578611,0.5746301678062086,-0.37469345129439935,-0.8174167274994072,1.6792313108243702,-0.6779115368302893,1.1785441406057628,0.5745728085735664,104
-0.19531395919928662,-1.4710165976383671,-1.3127330446339018,0.9838661210781096,0.22486818598023808,-1.1474524754869344,-0.338439803540275,-0.933066986840795,105
-1.4537789337780336,0.24649500719804285,-0.5031910398672838,1.731028734698863,-2.357212948964087,-0.37186345175676894,0.0944980194266114,0.47200410066140186,106
1.1755992264956339,0.5837869862356199,-0.6280338936545979,1.3921723230002097,1.0324938557210355,0.42159920791857686,0.5347383209635079,0.0790307430914067,107
-0.301248570335368,-0.8839098979854624,0.06254289525716196,-0.01382567089170395,1.2666253923384352,0.13543454433059726,-0.28718082329477285,-1.2614149356682094,108
-0.07499294599090325,-1.386825068409986,-0.7635924048661162,0.5437386578421594,0.4477800350195957,-0.22931866451024077,0.38089303293697224,0.2903744408000315,109
-1.4823160744136596,-0.15474680356652618,0.8018568479587129,-0.43813721094875874,0.24327488893594387,0.8631624566230215,-0.3624946015794261,-2.355350462170248,110
0.3016546743905343,0.6456109468910847,1.0787815855683929,0.002055067673407712,1.5084579800713516,0.01757890630593703,0.052883742172234266,1.7062737524384137,111
-1.0415714449334148,-1.7596336098808412,0.5320954049354314,-0.4568350058461575,-0.2814090722687339,-1.3030545051878792,-0.21225050390823794,-0.09509380141932929,112
0.6178616602406464,-1.6474907536490222,-1.5920336102134098,1.0260319880811277,1.26864752137568,-1.2063974137197366,1.2791969497789424,0.5181272718800353,113
0.5009734740190432,0.8328162072723818,0.23259258871372895,0.9617823325801115,0.4461299905479045,1.5906077792501712,-1.121461534299564,-0.3251073144407014,114
-0.32383624453596915,0.029482472261656668,-1.2012530897542182,-0.4005586787495046,-0.3771738516084281,-0.5508005721654464,1.2236917993966963,0.5344346392612848,115
0.7429656290618146,-1.0724329068562088,-1.1089021948074798,2.1155804221342405,-0.596616370562147,-1.6226305607420553,0.3927677325022084,-0.6028615414203774,116
-0.9341583127981319,-2.201315013054112,-0.759287383270065,-0.3437306399919109,0.2007124282029994,-0.3928559394924886,-0.6887748653484568,0.0036062103877561075,117
0.008159347943705398,-0.36583796182823974,-1.0657983855307986,-0.8748225636878109,1.1786382274561549,-0.36526843167506423,0.2478237287432836,1.876108533263946,118
0.09737454345638163,-1.1725122569738395,-0.18363050360386096,-1.0468600533890637,0.23273577528275802,1.0098796181153733,0.8770726642136708,1.1078917234475,119
0.7876343199882927,0.10578232184312354,0.7530447746914521,-0.5200958211573359,-0.7056963924254209,-0.4944119293230756,0.28343073762650434,-0.08036415432407458,120
1.1586611996800589,0.5137482702627233,-0.5750206242190113,2.5980713801694817,-0.9690012885367435,0.17865659331590925,0.1240240774573343,-2.0865229100698355,121
1.5330742084278686,-2.2904211522771156,0.3754484508313222,1.174521232515126,1.4601526430034795,-0.6220409037418496,0.775113821225395,-1.13270408112383,122
-0.49579718735197686,-0.8219348854507813,1.0059028264900434,0.8871875029456802,1.596599678632468,-0.17403861900710632,-0.7287673436590285,0.5518298481056049,123
0.5472682847254807,-1.796248432962913,-0.03220426889069459,-0.4415162319366146,1.43846582809094,-0.44801851795927716,-1.3745402638188504,-1.0029658634007297,124
-0.9770332554419199,-0.5021747901887269,0.13778449436490647,1.4131653950749836,-0.5934813841930774,0.6001303715558093,1.272440474816782,-0.040013961514891935,125
0.4726241057099544,-1.0030256220373275,0.13423734114722577,0.8703379256372478,1.4194092802031286,0.13275479673189436,-0.3082258687361689,-1.8134329765810837,126
-0.428767728964281,-1.6990260753766055,-0.1546278315032452,1.5933348371565144,0.877309914011936,0.9805301238899601,-0.44724876283081894,-0.44259359093492207,127
-2.9013195819377144,-0.9525172612545983,0.9331715481207055,-0.5008923882550176,-1.2390615780408385,1.3722081441975984,1.8774525045700245,-0.40797606543442044,128
0.281134675727475,0.31612065015833785,0.7191234502987908,-0.07741866736825248,0.583345309781892,0.8537478348491149,1.0658290759349676,-0.9476123535772252,129
-1.6430852416861783,0.1857697744583793,0.07723919130325554,0.7057617852077657,0.30285631069780516,0.15903859645766055,0.4811011415094451,-0.5419044161900993,130
-0.8075835488245591,0.7786592879241155,0.6826207171862683,-1.55811113606117,-1.654469561303289,2.702402444073466,-0.6560137627255913,-2.7291086774418076,131
-1.1511100022270795,1.944409128690704,-0.9657655698607224,0.5602752353037401,-0.26850974247245035,1.2795870307667383,0.12074891073117584,1.7452735122222094,132
1.1048928788129564,-0.3898597907918921,-1.0684009882324377,-0.7420757135795697,0.34850009210095106,-2.441906413375172,-0.6293215069056562,-0.49484972385196085,133
0.5132788624370295,0.6583292241279994,0.9908255268430581,1.6298388717727295,0.31500328191228644,0.8745056854629051,-0.8296040479479183,-0.8500569603389302,134
0.7079610202061664,-1.477804682207095,2.1263217072253644,-2.392432359921457,-1.2082783444340213,0.3378860850693947,-0.1544531413767766,-0.3122486789879586,135
-0.42732369115828656,0.8959218204475022,-0.567050192346715,1.967127823890341,1.0646776732786407,-0.7705352296720743,0.7285034284819473,1.7833847424709732,136
-0.5819324962403835,-0.2662156554565013,0.017252670266877088,0.05725002417432816,-0.5203906817274786,-0.8100939111328829,-0.3724433830953171,-1.0517328405499895,137
0.8940453453553205,-0.13385044645768715,-0.5679845160538086,0.5565952796503859,-0.5156713465593828,-0.5018526822886438,0.8719570469484477,-0.3252766728017906,138
-1.1372193715964591,-0.062114441372891654,0.7969714269996829,-0.21454621656877942,1.071305464796823,1.258808520788864,1.294054623539202,0.2157080400312712,139
1.7303975576748902,-0.01028819314308154,0.20992897043365347,0.7628948048154693,-1.5997243122243892,0.856524867718739,-1.4161874656057034,-0.28236068450594076,140
-0.7975121849592458,-2.490474157016286,0.1395230189802779,0.943436455735315,-2.457663349748377,0.10380411486232853,-0.36885240602131913,-0.318031604346444,141
-0.4555572883767352,-0.5734079697748377,-0.8395468019627226,0.6824321193207704,-0.381937153486114,0.47406709468290764,0.0851006587538945,1.218624084548099,142
-0.4574232373281261,0.5328138966548399,-0.15169558991791074,0.3501461892214811,-0.21526320755363781,0.04555685450168667,0.3545646136736396,-0.240691518856375,143
-0.4903244332647883,-0.3655337310168358,-0.12527947926096358,-0.05061693047605218,1.448067599336553,-0.14691009573106464,0.3946845868199439,0.6546333328278213,144
-0.12456873352955043,-0.16691517037444817,-0.18210412380530508,0.3118268166221784,-0.22564713987968485,-1.1552244661981714,0.8426162300551471,1.5277912731442733,145
0.5839187869496342,1.0976934939382839,0.6523023104116887,-1.2467247445599627,1.7562688861877573,-0.7051630463518581,-1.7267427152810428,-0.10042433132197917,146
-0.12263614048996,0.8781918766290403,0.5190739989415994,2.0939322917630876,-0.9215710646000255,-1.0124872795707858,0.17946015290476672,-0.942517717187114,147
0.9223128140022702,0.8133589332432627,1.8418603188797593,0.5116730501630926,1.9763248010621481,0.08522710152736257,-0.788407760849014,-1.505647024195926,148
0.274012572120677,1.1816526906620206,-0.17370613779582134,0.7047429430825021,-1.6150758575897668,0.5192799755103408,-0.8901811202906807,-1.145448672195873,149
-0.9230439515886321,2.600529800835895,-0.3463281895292327,-0.48449506949546983,2.1933369665709272,0.24075712581016223,-0.509757627380647,0.4067470286411681,150
-0.6185200975523818,-0.005771140299823362,0.2184864767149794,-0.2677580739033253,-0.31624219009628435,0.07597733965906575,0.20147451614912992,-0.4091780271955512,151
2.1129160581291164,-0.20047529426230665,-2.114244813230413,-1.3576836888661648,0.8911541977744283,-2.1233143521067666,-0.9130819190006029,0.4547224876583806,152
-0.34688761519956995,1.8600590106626715,0.43654191099522627,-0.817167269549884,0.2513629210987954,0.5711222723350821,0.5885836639242081,-1.5781554148015857,153
-0.5789122602012956,1.1298418506043335,-0.7450527087661744,0.481849166320903,-0.0635877025423078,-0.9496306482299977,-0.49854463955759687,-0.28805751379322314,154
-0.021685966672341465,-1.2174466364948884,0.20074477501065002,-0.10163234687722873,-0.1801304703737646,1.4819443094113698,-1.37598577048163,0.3555110726891581,155
-0.16756776473333837,1.0318952757331705,-1.4768746579941374,-2.7305123355434606,-0.5626590371652977,-0.4479148276867563,-0.38915089635137395,-0.03026847197191117,156
-1.020822601242752,0.47614718310566745,-0.4053602011323213,-0.23258229743916897,-0.45005162869119897,-0.7082563663839971,-1.3165269096035326,0.6970070100076552,157
0.011672609888430953,0.1642590522531468,0.39221542059429604,-0.5265298855507962,1.1746702921427754,0.4782380757136912,-0.7956935332703917,0.15069693929801248,158
-0.5975772612168576,0.38599097968093127,-1.0725929892367514,1.4539943288885002,-0.05578084588085215,0.4015759907370025,1.0950173940083319,0.391280637218315,159
0.37044092721352856,0.4191879098112587,-0.1177602584532686,-0.7040001730020465,-1.6871668922221235,-1.4101393949011962,-0.47037138943637397,3.1548475929916178,160
-0.12581982937872896,0.3936955719315526,-0.6577984257056178,0.033369052594748504,-0.8729785097876369,1.0108985225470437,0.5845161222180543,-0.5115167663028304,161
1.281713135289901,0.5377745879227618,0.5751811907011638,0.6480261612953854,0.13858021578824659,-2.2072378158594472,1.5728472651218603,-1.4312865944061128,162
-0.9894484800716303,-0.44222012715849185,-0.37064013453613953,1.5879622312378399,-0.9434486688699057,0.19660401711977843,-0.9036041699351776,-2.177425047742393,163
-1.1565071902587416,-0.6529796182464551,1.4398453293967117,-0.5250048327961722,0.9533274462950231,-2.158244839090685,0.43881950262515884,-0.7620255865885602,164
0.2659407805007297,0.20313006834425337,1.7578997818992523,-1.1088869332734652,-0.43397904245337965,-0.755918114590137,0.14777931388839574,1.3346612383307934,165
0.0001679539181310634,1.3571849561715648,0.9670551818278214,0.10898360110535617,-0.42212135280292323,0.9483222313397417,1.4795452193593186,0.992703484077067,166
-0.7213062968694203,-0.39939601730731333,0.9363036601108284,1.6373730149993733,0.03890584032306451,0.14387291703250804,0.6247773245440078,-1.9329009480343708,167
0.0030397688542828636,0.4253311109930067,-1.1490497736822765,-1.1071209600209493,-1.6022484895691382,0.1815405518085591,0.1883843972913837,0.5361343033200032,168
-2.777009708372101,-0.5522372193159543,2.403290485695357,1.1549399642471205,0.9859695150258609,0.2425959009251951,-1.0616374711753023,-1.89342596205341,169
0.601129956133408,-1.9808998203782173,-0.5406247740672541,-1.2570749835913846,0.14937087202063612,-3.2202008430799642,-0.9138871278905969,-1.8178252312365635,170
-0.06551248191917092,-0.9557733741886729,-1.2453487074694312,0.20398602207063019,1.0503458771129475,-0.14717038837732163,-1.6951175922695734,1.122596891856343,171
-1.3516729381429955,0.4061895917747032,-0.9612513476241412,1.6343752817602595,-0.03623952516147623,0.8262026473643665,0.1252825820127815,1.0119753718547915,172
0.5176005952018101,-0.29590552710065665,0.7679330639825032,1.2685725030847317,1.038702642750439,-0.07427614355786932,-0.009964175086187521,-0.3133483673480582,173
0.7317751088063655,0.7953476189065288,-0.33048385356074084,0.20269651341555997,-0.704057897762855,1.4972375231993835,-1.0185843107827792,-0.07867442369643539,174
0.018408675824052312,-0.3393750356895827,-0.08212821186959454,-2.434761167149722,0.9544950784718171,-1.4436234748010603,0.34208152036944317,-0.6610458539123264,175
2.1431775813357943,0.3339393861010585,-0.4200561792640329,-0.5110992627981309,0.6788693438885243,0.6305849819510877,1.1975316383359205,0.24065221904277745,176
-0.3542423500211378,-0.2413113367127272,1.867580449119341,0.06877786677316525,0.6231586393999949,1.0619032547864826,0.47748616753850953,1.0173548937652301,177
-0.16744567777666267,1.1679038941643312,-0.26358639995928707,-0.9690431138571942,0.398254377733068,-0.17821804532846158,0.9242731124997464,0.5714438717476014,178
0.07578222437347357,-0.3986864202035202,0.5855494444939038,0.18752378987723095,0.7961683663373823,-2.1559243860220776,-0.44449489449205243,-1.0030782141890036,179
0.7709104806146352,-0.8845871585578747,-0.8284726291858,0.07385749533476589,0.5667164545736441,0.7973996301860049,1.0768747140884778,-0.8176261578891713,180
0.3676983176868033,-0.3173195899429389,0.646818628916971,-0.045855261214855704,3.3102029135065463,0.6932032808205797,-1.493397971170484,0.5199738522469156,181
0.9386340075562609,0.5969115945963327,-2.071149775236117,-0.25605595860838076,-0.5560394220349331,0.3497111924052425,-1.0579265495160701,1.1545055440174918,182
0.7820729480969001,-1.7934644829875055,1.9994011727293928,0.06695764665028672,-0.35833097095490424,0.330727970145313,-2.460337505492881,-1.1720369156923054,183
1.2352217938394776,0.9479152114146324,-0.011701151241934403,0.1289056486570128,0.1617516084240051,0.13676849905134522,2.876206370311464,0.3665819487621354,184
-0.8264134741631158,2.4538660598316406,-0.799200665421743,-0.3998340809101472,-0.04452504668550956,0.9241870999090888,-0.09467642649075995,-0.6785847695887031,185
-0.47617191184652546,-0.5804021647487617,1.1305845973982473,-0.5595184954868129,-0.510951298454544,1.4510040253227958,1.258875994454696,0.409288708859922,186
-1.3443579284863705,-0.3814682932493752,0.593936336951279,0.27700827590292265,1.4708352419139898,0.8170479124738177,-1.0619525318584842,-0.19459434045854473,187
1.0607140788914262,-0.45916528016615243,0.6585830103022999,-1.3041646075082534,1.431741391019636,0.2576760922190002,-1.433534922796206,0.4330618840654975,188
-2.1681564674912073,-0.34349236605073935,-0.002929275449852377,-0.694381116598324,0.6878642350642415,1.2448055118027783,-1.1877540455060978,0.16095828643684332,189
0.09057808734212121,0.25668738246934664,-0.8675041974194013,0.169483203293532,-0.6874803233228827,0.233125800141974,0.1969717489169798,0.28963656610696503,190
-1.8469043865398937,0.9378159022341321,-0.04391350923764528,-0.010088992302694633,0.7097209913924167,0.2752549133676557,0.5731809012974072,-0.7520321094348068,191
1.2565589881430481,0.33088555454443935,-0.08916931670122738,0.30262352767618966,-0.3516469118082223,0.008066051132004017,0.204936745439489,0.7823729924127838,192
1.1232321333878712,0.943354552432355,-2.9435141522389414,2.3868833680118593,0.5657701862496173,-0.7530209113609142,-1.239823041803806,0.16791548101919565,193
0.7126264743467917,0.28943930997213624,-0.18829810575982583,-1.063366514494452,0.0007346590648159561,-0.6372683420843129,0.7980929461989107,-0.661113728325565,194
0.3054888311990404,-0.27518473107571395,-1.344254963469853,-0.747112064251337,-0.830804303053705,0.21844133587774184,-0.6964178360997556,0.16527530803532128,195
-0.6712420539757791,0.10135015908767829,0.8913032594070305,0.10845440052575941,-0.1386669316708092,0.9777492880526678,0.3339813736029055,-0.6465841861248954,196
-1.2883798986210826,0.24283950326874756,1.3963084330789712,-0.5435650139046573,0.38472653151478464,1.872511557032825,-0.28511674813529353,0.5580276714854235,197
-0.24595436988072847,-0.2868905769904653,0.008778210608207437,0.38067556072374703,2.191458498427714,1.8822986868644895,-0.6738437714729582,-0.6318829370157822,198
0.2565636823699256,0.7146289539367823,-0.2168068995639261,0.966190488598122,0.1782577696227167,0.17427937586555275,-0.08788985917889545,-0.39369905499308017,199
0.30000729539594584,-0.09400201528000557,0.8084080918346732,-0.5986562148697637,-1.6144825973091859,-1.7271646878045068,-0.5339833112786991,0.4249263961929027,200
1.4350103348816843,-0.20227101823617477,1.310842370842517,-0.21254743116469413,0.4554630344053949,1.1563443864742076,-0.40480222259610876,-0.4386139247068383,201
-0.9263645196231404,0.29968698478099687,-0.7476570320210233,0.3703601925530569,-0.9410613280286061,-1.3840795515276387,-0.43738594477017084,0.9882042777359901,202
-0.7667710776888392,-1.9253399427307143,1.4530295623613714,-0.02158111652695623,-1.1164023348524048,-0.33135623773862005,0.47933264201870457,0.47009446997452264,203
-0.6897088433248352,0.48244515878218514,-0.6612449380955344,0.009287457304192628,-1.5162457006686283,1.1398813160084516,0.4396335983860373,0.4759119344256285,204
-0.2614681387707121,-2.2433194365745734,0.4994156300641796,0.42423320931024594,-1.9332692806048288,0.3019281182630936,1.6608036976423595,-1.7094538349779482,205
1.2530929427341981,0.6834991099620692,0.7842601152909172,0.41240392422765715,-0.02024152824296462,-1.879402727312876,0.5149942446732612,0.675502674096641,206
1.0247440052930465,-0.03648405729293286,0.8963945062106687,-0.13996391256213284,-0.5718755359168902,0.5681098527036795,0.23464561412196566,0.5720279815462797,207
-1.1798616281447059,2.1008152712818338,0.7501637589745045,-0.7087041099432823,0.7507971857934368,-1.0392687570897257,1.309842078332403,-0.011140105779317412,208
-0.5659102674180082,1.039273856593603,1.8593801921353286,1.2103025161514382,1.9885750207353454,0.7894396397214771,1.4958146988465073,0.08840925164299354,209
-1.616128311188531,0.17603269548092515,-1.2856741923375123,-0.14831698919717004,0.7886396589162581,0.27300227090618495,0.31135322913807245,-0.23398401352040776,210
0.2681125375649565,0.23511418241581125,0.5547497862137724,-1.0246806336868148,-1.2812152592398012,-0.40256067759273445,-1.4540554494336329,1.765065990742467,211
-1.9923249317296243,-0.10894995631248554,-1.057122445739253,0.0023031611388476215,-0.3396170429080016,1.3539652051550046,0.10306447261307684,0.6661427164624331,212
-2.103493769220099,0.24057182780391673,-0.628311019588966,0.3797307042364511,-1.3708154872441813,0.27032207987788565,-1.473344622962876,-0.5423279955518676,213
0.1691877816530196,-1.6976868146577466,1.6386489888041225,-0.19400168374755888,1.3982552236512664,-0.4340407134504133,0.8098694115269556,0.6037768252857836,214
0.46431783410484484,-0.7957817220384734,0.8242575792768666,0.656064568847732,0.2972453647321518,0.7697745627096138,0.929039238415169,-1.138060606775732,215
-1.030139082719145,-0.288771032686861,-2.9166147612045776,1.631896538935437,-0.8578903670447093,-1.2526734931178525,0.202203537630849,-0.12186078257729877,216
0.3084180154446871,-0.36569383489827756,-1.9761817858936463,0.06975640433960664,1.5605727349143095,-0.9092029665749221,-0.626841733804555,-0.44233244015608203,217
-0.83256685749978,-0.814144070300461,-1.2861197402888662,2.5201730767495634,0.5607272258279759,0.7818963750106138,-0.4719894831143678,-1.0655156021315568,218
-0.3887923060677775,1.4908273608591884,-0.6877026714291875,0.5581658605777121,-0.15627221940477964,-0.6994007107718622,0.07569840798240095,1.1821135204808797,219
-1.707126156157532,0.18098655713648865,0.49618958212905695,0.05651190895512408,-0.021553064103293017,-0.8905021164862323,-0.2547432417767311,0.48726239173307345,220
1.072360636471548,1.8298966510851213,-1.5772786388398379,-0.11007827253352832,-0.846575459156007,0.03589725124495092,1.4044163585637648,-0.5284907910230577,221
-1.5701419394119738,1.637490674892837,0.3982232093597343,1.0629692451554917,-1.5126783137488937,-1.0209033017765414,0.19265610965930358,0.15648685041001073,222
0.517625104937627,2.112093780058007,1.7316531895234586,0.5289531175888831,1.0862328277266164,0.7954376137362881,-0.4255989720864924,-0.4211896826099894,223
-0.8101046389432467,0.05446530661581076,-0.4290150808733837,-0.8405395285766153,0.8530895797729557,-0.8363897551960113,0.44952858727192996,-0.3564861655390669,224
-0.41719721640565843,-0.7919918469140693,0.3148153385430478,-1.5116231502299313,0.030285557356435382,0.3756262354044022,-0.09514774349259601,0.21601087950570416,225
-1.454133175584137,3.6995761035978583,-0.7810753817241356,-0.5853251781324662,0.7026099167063955,-0.46302043565775186,0.7572852002666398,-0.5560454972107928,226
-0.15855229390428982,-1.1627895028749573,-1.4137908787562623,-0.9050009839252119,2.721912031111241,1.4341182595875328,-0.7233208931438703,-0.9689421917525863,227
-0.43572319536279336,1.0716637637699888,-1.2988762100656481,-0.3762315307451132,0.7019965841302357,0.9155031741312568,0.1788556822742209,1.497165793952111,228
-0.7467055379074583,-0.14874036075230815,-1.1584587968773634,-2.2979855766712727,1.3365952264164933,0.18188739462648992,0.20987730664046678,1.257294259992756,229
-1.6538107749147521,0.41996261650557676,1.7913353457054824,0.021539450047198653,-0.34384617045931287,-0.4478818188769612,2.158471105741941,0.2796163268318008,230
0.7559767832370723,-0.8510818105973774,-0.6050610092289057,1.2147385776205715,0.5106115969976265,-0.6246935026463998,0.8996205002030668,0.27995477895668397,231
-1.9170787716536195,-0.26243851557160663,0.4389356830374683,-0.7557888126911289,0.7608868277718908,0.5071844600732545,1.0396651267110109,1.0720804588774409,232
-0.5629340365295817,0.1703513105762852,-1.5725159048706776,-0.17428381844992463,-0.6747057731416695,1.0162880531610001,-0.4932552784583732,-1.1106462104652088,233
-0.7627261251335672,1.604006368239864,-1.3418217942943635,-0.28556592196443137,-1.2046071153008853,-1.6040069818073002,-0.13562147913514697,-0.1283300951652341,234
0.6744035476553509,-0.37017156833174103,-2.2843256794086653,-0.8438369584085257,0.3384173050689053,1.074967666642082,0.5511063796457206,-0.6469509632140619,235
0.13207971737137458,0.4556791968434619,1.5977470131095608,-0.17682997221820324,0.8393260766160761,-2.0733343922325442,-0.5932413348778693,0.7514916559046078,236
-1.223237079151449,0.626964082898754,-1.1833854997432118,1.5270145561961823,-1.146021231092579,-0.902830473640641,-0.25125994307462096,-0.4135199975819604,237
-0.8994414506611375,-1.3138425162537561,-1.2211369935987997,0.48519804156685653,0.2046539053263244,0.07274464475573325,0.029514642005988908,-0.41671025858088606,238
1.827639362193233,-0.13150361774141694,-0.6611796682903467,-1.710411141387479,0.020496535188773018,-1.6621924547110674,-0.4496137026201214,1.5990878504724315,239
1.036914394911914,1.9260512793263902,0.6507259509736532,-0.5877905632312104,-1.3472669073230443,0.7340133893151578,-0.481986292873705,0.370960100935546,240
-1.2812894683320948,0.23989051340856302,-1.6634106375219302,-1.2843139423521814,-0.4863680676535366,-0.039821720344684786,0.02161195081235393,-0.028065141524504428,241
-2.1331664075980656,1.2921124364013097,0.5590699385865797,2.0255789293472324,-1.0468469575176487,1.4267136461019225,-0.3883038704040189,1.0009529230710092,242
0.36364906721144336,1.1352451460868103,-0.5263496662472935,0.30813782895368547,1.5098075751252817,0.8711690590729821,1.0675461439970457,0.10619423940997325,243
1.9954294964946833,0.3210829595944858,0.4317771674778501,-0.3130822466576838,-1.7210041262099876,-0.9437748039966662,0.0974690945737806,-0.023655147369730484,244
0.7522817909414437,0.04122712369973833,0.5838497054971205,0.9787153205217028,-0.8137162285278544,-0.25581661783370624,0.44919369392562714,0.6068941367202533,245
1.2774326276154884,-0.4959887466779298,0.8693637057286483,-0.9329686815080434,-0.8832123396368602,-0.7912300475201727,-1.552036325503762,0.6441636444712512,246
0.11736771923075408,1.993974153865808,0.8775316052889911,0.5497910333302373,-0.04899755694733249,-0.8449416340604518,0.5192049839402881,0.5005915864574362,247
-0.0347908496066547,-1.555643066809127,1.253260389703426,-0.5511087806999743,0.8344777635338817,-0.3893718965847718,0.5714438465197208,-0.006855051381576837,248
0.012555856444979922,0.925794857445993,1.3543196350050275,-0.04613916491711118,-0.296954386685379,0.44972896053027495,-1.3692090109331645,-0.22824144788985137,249
-3.158891029506357,1.0010111513901623,0.49105453772431806,0.005188252874666318,-0.23277652276132682,1.1796091018533585,-1.244488648328826,0.48308600227887755,250
-0.13971130805886284,2.0463189208757444,0.8595828129578993,1.463609046164427,-0.7290312767418826,-0.4286566314307481,1.3426435767431177,0.9572574653210559,251
0.8246689823518395,1.0978913205537513,-0.7874930005061849,1.2785530577424524,-1.388118043380795,-0.6409296181538049,0.9979178288323988,1.0261267376229621,252
0.6686123183422087,-1.3964010549236099,-0.5491606308171755,-0.796142763052908,-0.9439208911044431,-0.32448604717467155,0.7562315425173705,-0.4574878115213379,253
0.07471097042764432,2.012655667219287,0.709808983817904,-0.7746589892150479,-0.4772937714337759,-0.5184998943638945,-1.6864928717853374,-0.8442772639070928,254
-0.44996392337054314,0.2433272362378954,-0.17498570387554022,-0.19795138680731048,-1.3034154830980593,-1.2241045243625044,0.34796740291189265,-0.7271479719016496,255
-1.0138491988522011,1.2487152241232806,-0.007916101009076469,-0.42532935021676493,0.5275595135187755,-0.9403455215072785,0.08022716034066756,0.04494003679195777,256
-0.024753959987768144,-0.0022848955512931443,0.045172690367375236,2.744012071234643,-0.9843601573193917,-0.7718730613896979,-0.6904509296744261,2.423433066300159,257
0.1559950946696458,1.0162562618143298,-0.9440829065610021,-2.3354428325166,-1.7287428404912673,-0.6387125715413484,0.44649857272614335,-0.2816245970498454,258
1.4970450832707625,-0.8124399041482838,-0.6122748184816785,-0.7313498199427115,-1.3876787415306653,-0.878199077592101,-0.5391797807278969,-0.38244275327495647,259
-0.4167499346189784,-1.3863488140941904,1.1283040721437254,-0.3591161162454758,1.0992226517746193,0.40785141824981685,-0.8919820209022031,0.7578726519149275,260
-0.9569989066774698,0.3339813313046115,0.7033873294297063,0.28133366809560395,-0.4326106783299249,-1.1947002318736824,2.209665203173595,-1.3138064680481987,261
0.9009915303979151,0.5232711951781801,0.5724696175314821,-0.06103635306530221,-0.4301816299256132,1.0406606849580253,0.40475198601097173,0.6347517874634064,262
-0.35107584572304434,-0.09963743802833191,-1.316797786049415,-0.1429660073986157,0.6552598337784566,0.2647956224569534,0.45804997822180726,-0.08773508389085569,263
-0.955984100436146,1.037272757021321,0.4872371061689946,-0.14320845537872104,0.07438474472108358,1.2431861105010058,-0.46472740679553814,0.20516102020086963,264
-1.7569786144040365,-1.1634258237162116,0.23055566364504357,1.7501595183729126,1.9402176964503801,-0.3282517912699587,-0.48125697664353506,0.12965964610815642,265
-0.23426471348014213,0.6105076311011043,0.45331463356791907,-0.16072320693591316,-0.04075975628949416,-0.29178659437987836,0.4101182881677841,0.7996301270591509,266
-1.853943034220334,1.662524694816132,-0.5307956198515091,0.4815090718040026,0.9749688243957452,0.28613575109139533,-1.3308058715497242,-0.19316834025917337,267
0.18958823333944827,2.4278814303011926,2.0700243687755875,0.18301348401362455,0.1583640009495213,1.2016701438475972,-2.066426445267848,-0.21667911613629542,268
0.8828593567738824,-0.7329294470129182,-1.8704528686736148,0.7715665235189334,1.6358212791938296,-0.6204791744736766,-1.337247951127638,-0.662052701971747,269
0.26274369578151796,-1.6594774035657092,0.16145242436738444,2.149590585914174,-0.8512640952181787,0.13830536884360303,-1.048771297351905,0.5219448813329293,270
-0.5284865105080844,-1.5230821713347766,-0.6705538280376416,-0.7283270098716819,0.9163919881587006,0.3769136297079073,-0.29632631301602386,1.3426669995247404,271
-0.8956028047098918,-0.534784761462738,1.095248192284343,-1.3645758590884949,-0.0384055333206393,-0.40342727994423777,0.9106663011183898,1.519403242695317,272
0.8641216755322079,0.5846737861071383,-1.163779115971315,0.4875862614998747,-0.09598475361795576,0.3274363485061836,1.2159096074866933,-0.5450165552014203,273
-0.6798275660229199,0.6905322909900887,1.1198669051689338,0.9986619737643201,0.3275338700621662,-0.9631663890820662,0.055964011252022536,0.9208019713097807,274
0.34613916843104,0.016867182592756713,-1.436087348070738,-1.2585351391317423,-0.2139595608078513,0.2212870986388699,-0.7961442375376393,0.13737191648612032,275
0.3509349946445206,-0.5359264431822286,1.8420058904687069,-2.162430459615122,0.14370733201443248,-0.5053997396532708,-1.3878951435876876,-0.1685051321071026,276
-0.7072721674744382,0.49414592685199116,-1.38805930494575,-1.4881213999017322,-0.2730375155903819,-0.16510026339286846,1.0893386847981343,0.40441965597596985,277
0.2227104022278825,-0.20547419334487715,0.9271635838121864,0.6172039934480357,-0.15004721197170987,2.3300040464312084,-1.8114027040671572,0.913645825804085,278
-0.7803535503434198,0.06625201505733391,1.732804941351878,0.87818357939409,0.2635026123910006,-0.8640998954391419,1.5489274659708232,0.13760366654519327,279
0.25916098886233435,-2.1545239120840347,-0.08758226543466845,-0.23334858458850782,-0.29148520021739804,-0.5692785875360863,-1.1096613150070134,-0.40894897498133137,280
1.02548852838327,0.6627503029373226,1.416139883743347,0.216239240225721,-0.5994725443972433,0.4903238110794591,0.3663516104151529,-0.7760395636000702,281
0.42044622696407663,-0.12649180964449258,0.4634949326607115,-1.9179448414628866,0.39672849770579666,-1.1863990128850905,-0.4510056699272411,-1.2192370836926492,282
-0.3550403878243025,-1.1441870340647244,2.1142771667962617,0.9491785134918055,0.7537421609753217,-0.6123669634024566,-0.5056438846838529,0.17564775594987483,283
0.5984744013095862,0.11267355513136817,-0.49898869555544373,-1.5730566834514434,1.107858179095488,0.6475772439550146,1.0862950071665447,0.04552262784614351,284
1.8974659996340444,-1.3484974294415317,0.43359394659558365,1.8677350679751454,0.21977493985762805,-0.1576662579857508,-0.5218740603884031,-0.7535682008410032,285
-0.058966366656025386,-1.6220187085118718,-1.4849143532963824,0.029832690119964818,1.8850345844641252,1.1731120812398144,1.6561353432922754,-1.382910803613802,286
0.5602125545749913,-0.46367805943608675,-1.1128656372803167,0.466504311791467,-0.1419774439213962,2.0285219771347407,1.2345067560746947,-0.41387334717790053,287
-0.7360041348569125,-1.693969216678408,1.2282840840917693,0.20854912148393648,-1.3648538799487095,-1.1514967899396562,0.7933282401035561,0.06253419786801452,288
0.9190195236222791,0.4781585824924458,-0.8699229622270069,0.14440779280490926,-0.31956961122133115,1.0138263884333159,1.3617658249538047,-0.7143559496184241,289
-0.36019328073660606,0.30948223388208773,-1.7668449136674538,0.03035967914803557,0.7666291236449483,-1.471381465829443,-0.09284705450796814,-1.4260273044627714,290
-0.06109962512767603,0.41192286311278,0.06291157961413456,1.73480310535301,1.0790361231663093,0.5324792424868466,0.3218686195914931,0.002772876782469615,291
1.6132375104601155,-0.3552327601413702,0.9649031982378017,1.0201573305977798,1.903224890684537,-0.14045645023185194,0.6495603236662157,0.4562687606962732,292
0.9919348759721297,0.23186206498670386,2.23607124831519,-0.25491406620225604,-0.21260505705056873,-3.4900548254338397,0.8232944480950134,-0.3680274117770822,293
1.7771024493476857,1.0447688343696526,-0.11687316780084038,2.2033697003664914,-1.1613922812090782,-0.9978169611672616,0.8487654726590416,-0.6806509451546394,294
0.6084060800939203,-0.10977805129751847,1.1989221913656936,-0.8434695770223601,0.7433244284173042,-0.4121413694373164,0.6736933178742631,-0.7047491677810833,295
-0.46537277444521563,-0.4020547087755505,0.21845057000502346,0.058438989495795735,-0.3001808743919553,-1.0026387459504067,-0.3472307780787707,0.801139723221593,296
-1.449731199264185,0.1746088124719401,1.0539446918051154,0.5742548444001021,0.49518944936351444,0.8011841570537586,-0.9506654975962685,1.1339423522121046,297
-0.017501944484193697,0.060984304078871836,-1.509804820523041,0.9763371499623503,-1.0367852387514631,0.49332305438940816,1.1235539410065847,1.6384832662841404,298
-1.9133110733204122,0.3113398830202445,0.4570410315842443,0.2569271091056105,-1.571450424000708,-0.8423656437194644,-0.42266367417731204,-0.1834294479378092,299
0.2262153398489432,0.17603876133777066,-0.7928602697384609,0.5020305038457844,0.48411790916882735,-0.5681789258047534,0.48274497737357924,-0.9396862055964357,300
0.4881643971193863,-1.4628909887378705,0.4229737794686066,0.8353079926691376,1.0678399996929553,-1.0512511667167819,-2.3648094630745353,1.3081391896429304,301
-0.37613246047985055,-0.96269646975727,0.8341595326213093,-0.4378058668105791,-0.3819529142846558,-1.1714333652169162,0.30921530106695727,-1.1498039348009543,302
-0.193292114921393,0.9733053239790953,-0.35473700851077694,-0.16850780218723121,0.43840141336264943,0.4655472289455675,-1.9281098513570298,-0.3947292494669915,303
-1.3581187573850084,-1.3300492720774633,0.19258733841867431,-1.152838830831203,0.5183092346157495,-0.7543972301664709,1.2632836164942662,-1.3980113520453277,304
-1.2691531164837788,0.4816853515878731,-0.3796689325894959,-1.0606368278259066,0.05404630392346612,-2.138817780374671,-1.043470248594046,0.18870455039089168,305
-0.2439481126365431,0.4249094468935239,-0.859131347526919,-1.3974803857734657,-1.0588452939510562,1.3259006311698145,0.02163843025293888,-0.6974388968566817,306
-0.726009401941064,0.1809309159802031,0.37050226121317614,0.5620439054499429,2.2474058706102347,1.5680464460467194,1.3903745050490464,0.9039284216227799,307
1.660397519707462,0.6650947868357425,0.3255244891903261,-0.25663709641108423,2.3590411652096948,0.5977236112678904,-1.262697692491517,1.2347363341815214,308
1.7975079627543298,0.10357439095896676,-0.10433675380774242,-0.9468843559925807,0.3680931675238813,1.6479023303253246,0.5405598019963508,2.547661598494336,309
-0.03741806937762679,0.05518195842497824,0.8172726462839373,-0.23850594185776208,1.0302053000411122,1.8279499224792157,0.02308098958587463,0.5274927374625128,310
-0.18345944406504805,-0.23398071129748207,-0.6543070883080123,0.7155422315621668,-0.6774298276624908,1.3612010619985364,-0.13202984631287498,-0.43682352679943964,311
-0.10623288217117713,1.1474701812213464,-0.02223059386913364,0.23332083997424652,-0.12204653741305918,-0.13879306730710558,-1.7608206738154326,-1.625811828581385,312
-0.10094948735630577,-0.3303794588012538,-1.4111795610729363,-0.3660080186216014,-0.5523230592622915,-0.09833844807733731,-1.3820521482480812,0.6275872109356756,313
0.4549009834938428,-0.20934918537216488,-1.1564955500953518,-1.3889143657152623,-1.1468076721024278,-1.455856375270766,0.18597422593740304,0.182643219076176,314
0.9841886883829115,-0.7277567659798686,1.9331598274789257,-0.09591962543237081,-0.7116699217625663,0.5454968162937733,-0.37842129103064287,-0.02817517102621942,315
0.2861026468695117,-1.448837496119493,0.9820833821957067,1.9128744950332732,-0.9659811581902544,0.08886218917151524,-0.27218154569752445,-0.8756972434486917,316
-0.08896849554118587,-0.6276686772658026,-0.5952404125473976,0.7405289817051057,-0.9333356770176877,1.4734287328346392,-0.16998361313368437,-0.5441282251470548,317
-0.9848307375674803,0.5160382218955504,0.511591170537781,-0.40581494435880455,-0.6655765665786539,-0.9116899234330742,-0.54414823235578,-0.8894313723357803,318
-0.10019533431128506,-1.2171768186109702,0.5664679262626728,1.4045041669938927,-0.8277319439035499,0.6353240949794435,-1.390889519606752,0.053918392017471006,319
-0.1832133567501073,0.38250052498495574,0.49554322954942864,-0.5633635174297652,0.5940143056587247,0.6557717364813322,-0.33694132339047417,-0.26234457860490673,320
0.009698044643325784,0.9293641624804538,-0.5020665710790545,2.14914848149872,-0.5605425399034786,2.240778108795754,1.2353127468837706,0.14194813818499818,321
-0.12746181219685604,1.6833137700894072,-1.2093572222771858,-1.64704053494918,-0.9620536219506539,1.1937701535196794,-1.0450714599095678,0.6637465962689049,322
1.90353603879115,-0.24451804020552695,-1.2474856321628602,0.8785830951993768,0.6644904713484545,0.08479952987126525,1.0644492721172794,-1.2653942046364894,323
-1.8095955295919273,0.020203161916898176,-0.1261447632598635,0.6221700240894235,1.7776765644003678,-1.4880908222919984,-0.6380428130816296,-0.4542844370867083,324
0.42681670134043764,1.1848578819609734,0.13691422252555518,-1.7048642456612828,0.2808847127146557,0.25653945209684753,1.6630047754322275,-0.8802499286274628,325
2.562585894527744,-1.2039955706336203,0.8710997724319867,-0.17794948783891074,-1.500873129201528,0.6644890909835677,0.9262906418315814,-2.8131465083214198,326
-0.983614362224505,-0.936257687151755,0.7464078367357245,0.9986058238571295,-1.7901764214654634,0.1788473481705057,-2.4838010257072263,1.197758120071929,327
0.9813387012299746,-0.45147247675743135,0.9711154703678353,0.3222454452119603,0.03532194590248693,0.8040655556138624,0.5400382284627055,-0.36887812099633793,328
0.04896481213437056,-0.7876032216142635,0.4774268288281091,-0.5627382799658577,0.8659137302450317,-0.1218466391392112,1.5893200452157359,1.0434268698083127,329
0.8461447585847112,-0.2565425535947289,0.6268153881530868,-1.04075274995854,0.46826981902676934,-0.33918513596879535,2.1613425932165016,0.8669672994864913,330
1.079700518662594,0.6763390188517068,0.9965198302370661,-0.6708056440257305,1.186309073190225,2.0241904157902986,-0.7216562254094684,-0.8101139257550624,331
2.1691931149616246,-1.9765866749565115,0.21919719527460219,-0.7332653517878949,2.2046440418806452,0.2730531871963011,-1.3736855538174142,0.9164538666365457,332
-2.206967429961643,0.13652590459314853,0.36513455276452195,-0.4637396834798698,1.1478403863305093,0.2591693957144189,-1.7392307104908498,-0.782155141963828,333
-0.09754735310860206,-1.506441167733461,1.3348069217418916,0.11141366614635116,1.6983141802727213,0.25708060811367944,0.03460238318929224,-0.4095560784865787,334
-0.23205506165966533,0.022412743573249773,-1.3535673234604337,0.941953552909863,0.7973916382414903,0.36925886835652943,-1.1866112894053027,1.3200329248614169,335
1.1933323344220088,1.7953556122072503,-0.45430519398946767,0.7018885194183366,-0.1759832331037266,1.2700218479292396,-1.6358545253579084,0.6089252708558771,336
-0.1766586457149109,0.5692854380167267,0.29422517569410045,-2.2328723315296535,-0.7141842185862948,-1.7868692910538855,2.1275445975373737,0.17952366476518472,337
0.21277056498090685,-0.8004293139562292,-0.03486280081496677,1.3601421630047794,-1.8072760913701111,-2.0221989753129073,-0.7204946010564293,0.23467716471962016,338
-0.7513771137100671,1.3106175947776257,0.3277504219182161,-0.35184721820827997,-1.315156426452755,-2.197158040723317,-1.8790056096584553,-1.1785575011120955,339
0.8748436930319488,0.9116860614246833,1.775285560560983,-2.4325359752274296,-0.05794359313525592,0.38781528063093934,0.40641748763158336,-1.020947571752603,340
0.17778599642383247,-1.0530209462716476,0.4293310626997256,-0.830991746593621,-0.14241411514289912,-0.5133149140446818,1.406851010241107,-1.0853248123765702,341
0.10480461650080337,-1.5485129767493604,-2.2286129542812536,0.04132662628814194,-0.12966332920562937,-1.137674302117763,-0.3812004338994072,-0.463078082492963,342
-0.03258414120738201,0.07322538299388467,-1.7701070192825805,-0.973772242643535,-2.1681379553134534,-1.45465706548998,0.9731803609148378,-0.6525500425723105,343
-0.8702105350149155,1.1837920952400875,-0.3086922720079876,-0.030994912018634815,0.2592424923091741,1.2932150180852022,0.9962739022231188,-1.668172929909366,344
0.26178801597757984,1.016340959261284,-0.8351669968097856,-0.08016453873969152,0.3771724202834501,-0.244387213069857,-0.3892740866630132,1.0395841345065615,345
1.2913365374172765,1.6262967343122177,-1.9908661472651863,-0.7798462542372024,1.5190305869905665,-1.4655046386415655,1.9564023366293966,-0.2833063299626411,346
-1.169556088318445,0.9582560363182279,1.0881274110363102,0.9573100305855535,1.2833505737716946,-1.649193911372886,-2.310578827643386,-0.5568394362125106,347
-1.0075595341571073,1.1977358460132113,1.1913540767673683,1.0523700234842082,-0.3027477167883715,0.2847934644153442,-0.17405501569444254,1.4568150707461025,348
1.9089420846532172,-0.45175805435213556,-0.8733835315981745,-0.9673830230790588,-0.14889292158858128,-0.260518379910096,-1.9459350099730763,1.4063772838713746,349
-0.5923832982760974,-1.758246189206066,0.225483795694668,-0.2392472435657795,-0.6467142858336608,-0.6839810505093157,-1.2275188665460912,-0.12410577111235341,350
-0.02674025543505611,1.5147964891502588,-1.0346966467285486,-0.03220200809471018,0.9370183941698746,1.952939406485281,1.4335831814489504,-0.659084529341313,351
0.6607725005551316,0.6419338446313536,-0.4217610722828802,-0.5890020528161538,0.8029025269492904,0.8247046021625251,-0.351378635220809,-1.6307334457818077,352
-0.8821482513925718,0.8572542874295049,1.3238647351489028,0.45088875630529246,1.1007062432080965,-0.5590972269582977,0.32202265428400856,1.741316511445947,353
-0.9842432041421909,0.087748598560713,0.7898806450326977,0.7915979860497491,-0.5390859591944607,-2.736852588615856,-1.6584045655517201,1.90647275144688,354
-0.2326603417323145,-0.38717150835144265,-0.43505927884530465,1.04266496819171,-0.288525948260399,-0.04576962683229939,0.1352842173964173,-0.14224634076693118,355
0.259118289410308,0.8416842975862331,-1.885527464989982,-0.9933729704360317,0.3445281940353377,0.04016840682584715,0.36630119297893193,1.0743205825761706,356
-0.5107687440517449,-0.2889528352841922,-0.18213507509844373,0.46797967565025395,1.434770849508268,-2.290073233464161,2.0398820491388947,1.65603807732728,357
0.7577353704784046,0.8568788981659257,-1.9471800151429213,0.8830158559357393,1.8118684698159433,-0.4424513719472347,0.34519984756660366,0.014832781168775715,358
0.36505468029099586,-0.5581859950708051,0.6194875201452867,0.37291351958866786,-1.0000498595728133,-1.0566078067666198,-1.1188519752814052,-2.966255967035436,359
1.3250399499244567,-0.8493687151993544,0.09404011882540193,-0.5451997862733193,0.676364544936491,0.6477936427830757,-0.5835822689431592,0.8360234983107739,360
-0.9896397856503072,1.816876307015346,0.2601318301571244,0.4282110445487517,-0.9841699483883071,1.9075455417821194,-0.4550470514661678,0.0073300688574182175,361
-1.0956844728840467,0.7739397469983784,0.18299756453144836,0.18808163234572114,0.010923757648424137,0.8318412266795225,0.5537174880861933,1.7828523542053207,362
1.0542609774672487,0.0420796590464901,-1.8624680095101045,-0.39420601821791423,0.4718672749359026,-0.17675355257787023,0.7844319404356151,1.0429184153161128,363
1.7053580254795346,-0.8004580181321818,-0.9686706768655858,0.5337489575054172,0.22149792702204552,-0.16986191188582084,0.9653627048748986,2.119316130473627,364
-0.39772795709385433,0.3400068311911463,-1.180450465270919,-0.737827799411739,0.7254972897282893,0.009861011254836918,1.3529497384034415,-1.8501082833700544,365
0.1443810498013449,1.0936831764202284,-0.8916468999013772,2.2814309724699733,0.5070123426716413,-0.3315068269177403,-0.7533167209937428,0.2577289614890661,366
-1.7686304034379614,-0.3246486849391039,-0.24047460432619394,-2.5972340037824178,1.324967184035825,0.5445342053667662,-1.075875836671207,-0.7907596633133113,367
0.6951596921713458,-0.9307198803570568,-1.0996536242778183,0.012360915913966335,0.036543087801286456,-1.4848553875075217,-0.15261270605724883,-0.7300417930955094,368
0.5813929513975999,1.896194941874205,-0.9324154083740648,0.6851912510214149,0.7744286509317274,0.5317773390080747,1.0720577994810738,-1.1500505866503838,369
-0.2590004943246364,0.2822758934629033,-0.06438161202236556,-0.9100507117296516,2.3488301860757272,0.4771102752118341,-0.23376805202788167,0.3912394954752377,370
0.009739607414728698,-0.6810779418631353,-0.7518536880427217,-0.3919711050882479,0.16028552616672098,1.6781673460991313,0.34746891587152184,1.5216606947211093,371
0.9211614084645897,-1.9936521673671859,1.6315905268840076,1.5705738323463556,-0.7291336335793369,1.918646551169064,-0.5226675074153011,-0.3125024688920512,372
-0.9173885151933246,-0.5192552680369014,1.2748138096490902,0.5668259875429074,2.040517779699754,0.033463664290161094,-0.23586010525860215,0.49043289027535153,373
0.20496433264515718,-0.26456412768138327,-0.6962439790465906,-0.4482830610547493,1.2268385113317453,-0.7707738956485005,-1.0936570851555591,-0.7002873001606081,374
-1.0145130374364861,1.9180254962095753,1.1074926773826226,0.5621972253848596,-0.05513406502158467,0.4705940489106469,-0.781579630599219,-1.2551059638524629,375
1.0897012180640957,0.7083635721129761,-1.599529073101497,1.8270863560043957,-1.5892473481357172,0.3881392387400423,-0.7504314422149393,-1.3851438179575835,376
-0.16430158462566297,0.5390223255727024,-0.5406345233585031,-0.7576238405178783,-0.04337912899802264,1.668198816717713,0.9487028311709415,-0.020748652464906193,377
-1.437323646395111,-0.060863769325346366,1.1977087986445478,-0.5529577497254906,0.9209433048530528,1.151835607716214,0.3152104822864004,0.7781300740270913,378
0.07574479617834921,0.2974982607930065,-0.004129049048766147,-1.1015303502259088,0.36187712587977866,0.02933716773914453,0.027700362009181204,1.5270119072178292,379
0.4332535545609649,1.09576683294697,-0.48742319698308056,0.8927539612978995,-0.14556492475915397,0.26206939249937683,-0.3841418742478165,0.30153061198390335,380
-0.10090975226554362,0.6743557344580297,1.064916802892509,-1.7874244206519312,-0.37315607870966755,-0.2189682183650243,1.225448959152327,-0.6518095864027145,381
0.48086395441147656,0.09487487459135123,1.0122677442819945,-0.8137234233851041,1.0829639900717947,-1.447370847646803,-1.034649307697823,0.42606087893803685,382
1.0772202060822715,-1.197231434206055,0.5152380106653598,0.18228404976168938,-0.8966094488055073,0.07300644076049251,-0.07590512784546664,0.2698135126458346,383
1.0631080304996225,-1.2514190334708748,0.3265482990215973,0.5517292942901251,0.15380605146260734,-0.441680875727003,0.5591664720053259,-0.3693491608499003,384
2.3084079879319215,0.5256115380578834,0.03012758273819327,0.7273314085894261,1.6176498386555165,-1.5365003516387228,-0.4736995202961482,1.3574609317939934,385
1.3232108034417904,0.46928505100965756,0.4743451128957565,-1.0689201322402977,-0.6302335514875703,0.3142952235748537,-0.7621562635979784,1.4341097022650509,386
-0.2938351152638556,0.15882203556743493,0.8632520619798045,-0.2611709956650398,-1.5260758464225705,1.6951641327053222,-0.34278989939063637,0.41867900605966957,387
1.3860500461474776,-0.5816203361804135,-0.8479430730864822,0.35676317214725484,-1.0122560796637363,0.3969293535305759,-1.177089384404997,-0.6193959683618364,388
-0.40982784912015174,-0.2324605785907847,0.5574150646394677,0.36376617420035323,1.179994639462517,0.6919462516562271,-0.13462470344098934,0.9713062753055318,389
-0.6137924944231145,-1.936550670562438,2.776330592971479,-1.1838469954589983,-1.3527680448760089,-0.48133218159884295,0.589774150503444,1.2088990856902957,390
-0.23014261452912635,1.0038545320485763,1.3122347199706506,-0.11301821545704983,-1.048110368391912,-1.8930905901132489,2.409358802680562,0.12764146670227727,391
-0.9771074750065645,-0.7904829592088051,0.05946050328518351,-0.10999273085372407,0.5049797996894564,0.5407515864712865,-1.1557681421610662,0.4852118707197241,392
-0.01808423007826354,-0.6513853763793082,-0.04190239216522209,-0.7703921713775937,0.5267246508648208,0.4803545503328668,0.10217317646132565,-0.8600053837984656,393
-0.19307619770217133,0.33359172789491426,-1.2991854535979246,-1.025581485531594,0.6418849008230626,0.3757931214090793,0.10006701210847091,0.5299198224115451,394
-0.9173432519514592,-0.4020971644942761,0.07899260204602014,-0.406267270975307,-0.4002946142725275,-2.200598609160087,-2.0092597318414493,2.030808362903596,395
-0.3724302816901803,-0.7338115425535374,-0.9116941533114162,-0.0641156935835148,1.990498527639218,-0.12350843964685972,0.9046269708266439,-0.15335183032467933,396
0.2648637367131062,-0.1960950475136832,2.150326083488091,-0.24333022465340995,1.0233038728468258,0.09732534866270293,-0.7946155598664781,1.1502636650872338,397
0.099300694146218,0.49324302615257465,-0.027786740881321045,-0.18344085849634623,-0.5954234599916738,-0.7810144598777177,0.298327018496082,0.7199568125810002,398
-0.6257281593654942,0.747755493389722,-0.09324985722654525,0.962700284377597,0.9962828396849318,-1.6839796858065463,-1.8608352437138893,0.779189768759417,399
1.72899286360392,0.7139350888085128,1.1633541114536405,-0.6893654321509323,0.5435444098828155,0.4569325446799231,0.4288749848456586,0.45132612878918915,400
1.8167986531516938,0.3220985008156882,-0.09991872456296226,1.2727481985475237,1.504636919535869,0.5758160933065478,-0.8218311047718745,1.0941207277007698,401
-0.565906335853741,0.2244664519178434,-0.6334357249308659,1.1780886360357465,-0.5105517923507362,0.838227688532598,-0.19666905239570667,-1.1727114115518193,402
0.3067323734127621,2.2208484800399626,-1.9378945969839894,-0.010328133132193797,-0.7292342980255154,0.22599009412685064,1.3007258362257488,-0.11571989793291905,403
0.5678220467717153,0.4989409356347617,-1.1238077985110047,0.2145256769561157,-0.17416311059324055,0.45277910098723984,0.9125822825622175,-0.3639535639224892,404
-0.812003805563116,0.8625031880654747,-0.2707670045845057,0.5650432286841934,0.09396183992680701,1.057493518709227,0.706119962961199,-0.09376916168917074,405
0.8303767671321292,0.06931011005980478,2.0074190620571533,-0.6846056350876909,-2.1928160174867686,0.27034082277321864,1.3146762578042652,1.2069125846580147,406
0.20904497608835995,-0.7306155043583004,0.305197918828192,0.6909408223009195,0.12292030287449021,0.3944491925666832,-0.24820269842432838,0.24273033322127355,407
-0.8655929152785011,-1.05732254363411,1.5153643975754796,-0.20061197810467377,-0.35289091209187956,-0.14138391791450933,0.3594950827212686,0.09605715910613516,408
-0.36066115975842183,0.46621663954583265,-0.018958637755432783,-2.2875423690750627,0.4811350782843388,-1.1387152065528394,-0.4110579773910454,-1.447944031520747,409
1.9114753400476865,0.4103108488293236,0.4169309268434867,-0.9058136007989844,0.5548752852627648,0.5392948540817687,-0.9867271772446317,-0.28363853533628924,410
-0.533956704220824,-1.9536652514397266,0.6494824725914496,-1.0137419709228959,-1.4041723549559002,1.269258896514538,-1.0328637920909778,-0.526145289934827,411
1.5735460142941662,0.7595193962988372,0.24127654052500014,-0.2331366778098695,-0.9386264219040602,0.8070971802472767,-0.5137131684873243,0.9987672036633027,412
1.3076936812792699,-1.0522498100123476,-1.1161344259188966,-1.4443321278174401,0.2094465811848508,0.14477959797314777,0.9703846588061155,2.2938325231476373,413
-2.0962374323577735,2.817215067329493,-0.562428521694116,0.5569446446425269,2.0558256112215174,-0.8706044695107276,-0.8948714493780521,-0.4691887480116782,414
-0.7166863873764606,-0.438203124588448,-0.564028969082128,0.35253989439235667,0.36090908229076846,-1.6498943860618032,-0.8155830059661586,-1.5227642762041362,415
0.5865128742427979,0.39508001125393183,-0.0665268659061923,-0.2506411455178269,-0.7023206558970839,2.7761139230973555,0.8997458727146953,-0.6391163335470419,416
-0.5462864992970379,-0.4660511578676332,0.9813178563713824,-0.08732862856043412,0.8401899184257128,0.03193127595453169,-0.9657936232182225,-0.9160684808040742,417
0.4459627766458145,-1.0599153947140443,-1.8580595368850925,0.7172193365598674,-0.47552628559361154,-0.33471328729130123,-1.7156888272872985,-0.3527984859653089,418
0.5038128527308676,-0.5213352895848746,0.14270786609659505,-0.9175522882857825,0.9847993622933172,0.19334838363899395,-1.6556663502347304,0.1161760146002216,419
1.4228711659485007,0.526526362460115,-1.9385464294993968,1.1432054591533132,0.32601598726499076,-3.170669816290462,-0.34061570370194216,0.9471947060447984,420
-0.19529731519619414,-1.0566319988341009,0.5677967146447133,-2.7321771871977294,0.5220304971568773,1.2063082289960194,-0.8929079230473923,-2.516142829623772,421
-0.08041464743297766,2.0956560461205127,-0.8352821762524056,-0.6195801884183727,-0.49958202463208,0.8945661226453655,-0.6183750582956755,-0.4407940390861173,422
-0.5365836379307611,0.44618709467567585,0.17116432696949002,-0.8834965236889702,0.7023283671846288,2.0006959732987064,0.057668200944353806,1.3726224597062398,423
-0.5759650185885984,1.496489519790456,1.6617779974807698,-1.5692159993054826,-0.7554241816725151,0.07580832501898635,0.2551721363248858,0.4013198836230617,424
-0.03305554303148972,1.4342244426438937,-0.1273736142704132,0.1590024800767857,0.17349909712995143,0.9258944586384503,-2.838381661714875,0.2116604738198065,425
-2.450561490350169,2.120275060952593,0.5043956277927473,0.14875406537900618,-0.2175956722586046,0.2422850621868723,-0.9875165578758476,-1.2725866137129016,426
-1.005975112663811,1.254557351158899,2.279210156737239,-0.6010195730885578,0.5374426558968469,-2.850194469354826,0.8326289671598383,-2.277889295556573,427
-1.4267307758729084,0.46326240420277054,-0.5133696673877761,-0.5621080362399881,-0.8607609587304268,0.3687501282778814,-0.8888617738585615,-0.12724682720422184,428
0.6296628377136554,0.6122390259181301,0.1750038227899263,0.2850486046606894,-0.6473766085611423,1.7356042869612958,-0.20351867735019438,-0.17246615401943183,429
0.7092205533597947,0.21704361729561916,-0.32312936252499036,1.435724446864955,0.8996942719356441,-1.088463506823178,0.8052181913803229,-1.5090245798489712,430
0.17697764751651218,-0.3374572048480226,-0.8704246623464176,-0.37509204438626637,-0.25198289237948296,2.2262032008044166,-0.909770938460964,-0.18077147349555958,431
-0.6807500277734679,0.2940739616254427,-0.4970602785491926,-0.10873790348513977,-1.8374766969156202,2.3988258596526433,-0.370566650310442,-0.58858729064387,432
0.5775780489807691,0.7874596038340597,0.5357523642503216,-0.295004725413665,0.0034460165421228623,1.9399126850195267,-1.3718718818974136,0.8985886088108999,433
-0.9979894431698197,-0.827973570739823,0.8679427544354384,-0.46929892843306564,0.7296872765801816,-1.2476302833391606,-0.9156029394266824,0.45553198348034507,434
1.3325443043415097,-0.18662148165292716,-1.6748277260898266,0.9661163778833819,-0.5191848644325087,-0.11536241208397484,-0.4555443434722865,-0.3931312065530765,435
0.637816444935392,-1.5828310384170663,-0.870923272784099,0.9916643365195933,0.25945861882721377,-0.10902401686950627,0.06674068109742202,-0.4579493017974201,436
0.6315185877200161,1.3324679205350507,-0.13461043890377175,0.5180853723844963,-1.489806230491627,0.4904389411509266,-1.3318826766467662,-0.633529922622667,437
-0.2443369159777795,0.10646408681018969,-0.5662828274641104,1.227697180819863,-0.23641749399726728,0.5058008323678835,-0.6654244397806637,0.5940621471094519,438
0.04168400197499939,0.8870268526131788,1.4732965766734816,-1.3506464012671704,0.2255133362298773,1.2203494811225462,1.1212667396041553,0.24199538907456472,439
1.30898738327528,-0.6423982816406204,-1.171343556797362,-1.0634432050116327,0.6116216621267986,0.683759889972513,1.9864178442258753,0.6925460253885666,440
1.5322618010730922,-0.2561141518845458,-1.5130743271089044,1.234691127673098,-0.002007951510891042,-0.03529395028342644,-0.4511442014555757,1.6004154312250576,441
-0.2123300849131883,-0.35124494237930387,-0.336682159707848,0.46547406684159204,1.4851737294041825,-1.0458162408348104,-0.44688647557753775,-1.1787597548111337,442
-0.9012696945356033,-0.7318339153369722,0.20025741006228479,-0.2855578155792389,-1.4217690930230475,-0.3414642926399022,1.5098331038449884,2.4730077347034873,443
-1.891307019754437,-0.7327218204349943,-1.1078394294921596,-0.41277514109611413,-0.9264286956132066,-0.44869044407761355,0.3621982086665962,0.525824865834755,444
0.07838449963381834,-0.4514970125916133,-1.3964809875823767,-0.47249814778066596,-0.39741209229839214,-0.4166061942420605,-0.6024840920298559,1.1592580417006515,445
0.08370363193047226,-1.0263687499406144,-1.453738095234405,-0.42136585539226123,-0.5856918474607601,-0.3154000021421391,-0.8932821913379905,0.05248845948898895,446
1.3282843240225588,-1.6872676216310025,0.5349957324655878,1.0622294856028716,-0.8665187557677146,-2.593454527951806,-0.8606813959219588,-2.3168363033505646,447
-0.8215275760792498,-0.7536701031885304,1.0004387617294013,-0.9950486975850406,-0.38731779889341467,0.08884130057766226,-0.2403530325702893,1.6653095833129627,448
0.7749545567091236,0.25188491210250674,1.07380479243118,-0.6234185640901987,0.14042773562562746,1.3235620868554268,1.832200035238404,-0.3378638933308564,449
-1.469154413295671,-0.2954578857078952,0.11331082481728823,-0.599808313446263,-0.8732015760659504,-0.24437127217849136,2.4416142993313272,1.4593557176983247,450
1.186333935484909,-0.6361519705201479,1.3616496466146784,-0.9662368073758457,-0.19618789883183116,0.6441264406112656,-0.8056511718893858,0.4544747525852426,451
-0.9801966498977973,1.1509718116345395,0.07543928069330236,1.1925980902411557,0.4241677251961857,1.4630722193732246,0.40560994144731904,-0.008628693094534696,452
-0.38496690266002886,-0.8543412031390526,0.8394491170412411,-1.1519727363595615,1.9753149682847433,0.3618405068074983,-0.18145955594301863,-0.3052674599417588,453
0.6387909839886895,0.9897028216911545,-0.5694210065681072,0.5407721791555874,0.07766979161583239,-0.7422796659119115,0.25195154880271325,0.3465891487884525,454
-1.014934691387066,-1.659064913227752,-2.261911600230256,2.8877893379445205,0.33485493515947595,1.4196365371693465,-0.16207601495312401,-1.5756891873514969,455
-1.3949916926142356,0.46629285896753436,-0.7677613572510946,0.3535329800404785,0.6675711966021348,-0.34524629405832163,0.2472786557071468,-0.04977670019192476,456
-1.2494691770534756,-0.23659307660095538,0.8001794122657102,2.153032164481566,0.6629965636056383,0.7188409991221654,0.6101149766970801,1.1122932636880052,457
0.6308345188749336,1.596995745979893,-1.793155767422703,-0.16464241007521754,0.5283219451829922,0.5989484323784136,-0.5520236249530501,-0.3108720214954096,458
1.2458709518380031,0.033096909779669746,-0.6054013568751917,0.1600488308704259,-1.6100676616125567,-0.16966673300081445,-0.15922734711298533,-1.1861400830217643,459
0.5891736849154419,-1.3830771413077971,0.7306690344496171,0.5144399147767821,0.6740470278356858,-0.1241018943447734,0.8342879652384808,0.1250066153022276,460
1.9614949173373757,0.5047131658315657,-0.5211994240700386,0.30025312560584777,1.212448603636341,0.20534690639310885,0.5591719158445049,0.4385713874423444,461
0.3226623632500867,0.4960416750436114,-0.7629802659922867,0.9947384627894066,0.6652869934246671,1.056090427190556,0.7968569180345707,0.4087958508823875,462
-0.07327039185861992,-0.5188047831876134,-0.01405097653221189,-1.8213696347826427,0.4919874907308585,-1.0745842789736515,0.3794625396560863,1.8470451001333656,463
0.4860234036488283,0.5476991894989721,-0.20619812378654542,0.14885912013143046,-0.17573982230079208,1.822582877701249,0.7797587916564501,-0.7078727815875585,464
0.0770502616335465,0.9512643019617072,1.9258483183442707,0.6783638027558259,-1.789611950226659,0.8557958464467506,-1.8092034894024887,-0.13247681066043637,465
0.8631083110427288,-1.0051042639692211,2.1065278625744495,-0.08174440829769719,-1.51633756287579,-0.7018756827658005,0.11097305216709447,1.3307349829065576,466
0.26047710889810943,-0.682714360478214,1.794206005897617,-0.03775043658737494,-0.26997497352579897,-0.4782235702177135,-0.23467428524024994,-1.6265523953261531,467
0.24449644326901904,1.108063908912799,-1.6440325895904067,-0.9540946896992036,0.5914170793928527,0.04799987786957825,-0.7744986927860096,0.8666877326688527,468
-0.4327601311707836,2.0275280916337564,-0.2032442219492925,-1.733438074096217,1.4171119784740969,-1.6867418554458014,-0.453229373271483,-0.9614888946848732,469
1.7142469128030746,-0.012227902063962787,-0.948303378399679,-0.44702564938767975,1.6873564918722044,0.09135111940493791,1.960958355786155,-0.26575859452685197,470
-0.2316735690786457,0.3712724206155005,-1.5348675564408725,-1.1206796864318471,0.26476230079335766,0.3884720895273402,1.4083691798801763,-0.19786237114685198,471
0.5490551410292823,0.728556459459545,-2.31357360306933,-0.6742973782051078,-0.3847469481821716,-0.3500430848127974,1.1622107329597042,-0.04273735853289067,472
-1.1915569599521507,-0.2799282079519453,-0.6451711470111378,-0.06609379973464045,1.838865065213198,-0.2273955863219423,-0.9563612267188764,0.434960369479275,473
-1.3861519737891574,1.798026308241362,-1.6821659070361272,-0.3631832939401901,-0.3739528246761691,0.7877952900636289,-0.4390163627914858,-0.9409592773378256,474
-0.34096656602694553,0.4349595523432664,-0.9687373107618863,0.25778377575412753,1.3595311736678077,-1.9201908735427782,-0.907741594762561,-0.7319001845345555,475
0.7421903148855338,0.9025672900830269,-0.4693891375916486,-0.9602398968080095,0.5112309708635544,0.33124361144185915,0.49141841481121606,-0.878222267004924,476
-0.677041761759918,0.6479490768401477,-0.4304496360162635,0.5597849973524086,-0.2755034504807791,1.6775899964251384,-1.1470782821890595,-1.2448849962038613,477
-1.6304932816481137,0.41868324370827836,-0.8308071625395052,-0.17573911488486646,-2.272227852036047,-0.011649513063733503,-1.5762888405752375,0.40101557475105815,478
-0.40601454230278866,0.9292939895097401,-1.7394475488819767,0.40872993370978405,1.2071345135189702,-1.4600592731609505,-1.073274663204274,-0.6260000366750126,479
-0.8400973460156649,0.4836906326037689,1.171335209939946,-0.7691410144286763,1.146939682661731,-0.653866353149632,0.12562325326000592,1.9991664979266746,480
-1.920416061533044,0.5038009706136457,-0.8324018260472982,-1.337586425594563,0.8962134535705664,0.10101151623665547,0.8114580749178049,2.0832320048935506,481
-1.397297115124861,-0.9251990171513561,-0.7357320152448247,1.1301505433620889,-0.15498662351251194,-1.3056385824428869,0.8234639463477237,2.0103611753794546,482
-0.37193726294706086,-1.299191997306021,1.7103746126817743,0.556382389136667,-0.8877981876567995,-0.6983209093243753,-0.011369848350174284,-0.4036340433300206,483
0.9593423067453671,-0.3858716268106866,0.7269940705438344,-1.043145390492798,-0.3715444457546991,0.5541483354157701,-0.5026144895937102,-3.077134688545013,484
-0.46016437766783946,1.1590487900612434,-0.6179391740138522,-0.24049183149189315,1.3330355351300338,2.243285912424238,1.2350042120727074,-1.6499997059949154,485
0.9576212848686997,-0.017602638889508034,-1.1162330305582848,1.0779173687652572,0.49948931078048875,0.45404622830381464,-0.07744829675218715,1.0062986275636905,486
-0.7430388115604283,-1.1282420038896783,1.1196113022682324,0.04084703879943887,1.5692410049997776,0.4484363888608846,-0.14489252155047663,-0.3164741590306984,487
0.8142271935943838,-1.4543166529017264,-0.1564235034733507,-0.5053286508714603,0.9958100025149639,0.4025690888147629,0.28157717997975884,-0.16255030196316922,488
0.7546543018550482,1.7395889089859682,-0.46973866445791934,-1.7554933828699746,0.5966754518453579,1.2817165456658344,-0.30422458977671135,1.3286720353830703,489
0.7109730085265921,1.2011324438974746,1.0666968624441904,-0.6310702346796101,0.5448808577276428,1.385239144182869,0.30289054925043624,-0.8783130077261391,490
-1.2798387954979704,0.18021373768517657,0.24905179437867025,1.1574254403262634,0.9658676506061881,-0.30265875924608054,-0.8705478936807481,2.339367488386709,491
-0.649787769988518,0.19214478721124942,0.22657395786029594,-1.35403626606521,-0.7132273026562076,1.3017568178587031,-0.043333189857898545,-0.7143415686650427,492
-1.1799477868988346,0.05089166152733499,-2.445513244780774,1.4366577349264842,-2.6904050610419135,0.8447408834928088,1.2486319961081158,-0.6941216117979635,493
1.025944895136796,0.08316366952301239,0.14839551056930533,1.9504142261162905,-0.7706604865727429,0.607225017000843,-1.1845394872223756,-0.796068605542914,494
0.10119121977544103,-0.9260884327184107,-0.7178634907258141,-0.5747468603733635,0.45662396909315256,0.21231959846865267,2.739557588242765,2.882255305652205,495
-0.18397123101346943,-1.6205073353411596,-0.9610394899290349,0.9031070482105831,-1.15182207468314,-1.59895246233617,1.1539773079766016,2.46943069122201,496
2.5381519119856546,0.10058437592507737,-0.19853754908588567,0.7786697891741259,-0.42760276622172544,0.6178464041275405,-0.41681079484650513,1.4196965961585484,497
0.10427825526523164,1.3224365705536332,0.15729009462237567,-1.3277965602974664,-0.653568205849272,0.08801740336398706,1.1844822161274196,-0.20778800064256964,498
1.419760900668451,-0.22935944573436634,-0.5633056330029178,2.815048850131938,0.3812757993107419,-0.5926998358501077,0.4764082243079582,-0.6026292767117545,499
-1.476809772971952,1.4150531968628048,-1.244744176458363,-0.1361471879305531,-0.17873282235114557,1.6030188327784882,-0.8741179938858025,-1.4189824155404365,500
