t1_id,child_feature_1,child_feature_2,child_feature_3,child_feature_4,child_feature_5,child_feature_6,child_feature_7,child_feature_8,t2_id
1,1.4077856424702646,1.1403070958255774,0.026873332750646628,-0.7400838974269457,0.06750638078208993,0.7061960973471249,2.3386605248691885,1.4186430690463934,0
2,-0.1910338625405268,1.5320585076940478,0.8495254517976595,0.4656974550328332,0.4295371848590267,2.4056818705428413,-0.05641178896033194,1.5672827100799451,1
3,-1.1366172045346974,1.2668417290424847,0.9577133833234724,2.352731091557115,1.8491440519686426,1.218126587558791,1.9677097908072638,0.407308691567444,2
4,2.3577328769306822,0.5577843386091227,1.8400994426068085,0.5694881464730897,1.4566002585608828,0.25981696178013014,0.6056758384969507,-1.9005009294654562,3
5,1.1747784009218682,2.3479477887437135,2.8666232586234535,1.5838802694034257,1.0641293876525302,0.9060829714781763,3.4370604566688683,1.0482419429694472,4
6,0.41584344817402297,0.2214091464159459,1.2231797513092273,1.0941337566913931,0.46746820194484495,1.2516540264086014,0.6676058823223527,1.3958444844397613,5
7,0.5637146392733836,0.7472325842178356,1.3041161454021613,-0.450732959948587,0.09593740181181054,1.1492451121012839,-0.44994902914818247,2.986333575651623,6
8,-0.3712823412386026,0.036032721680792856,0.7630193957657302,2.4894888025776103,-0.1637857445876194,1.8708243499623132,0.2790514531021795,-0.9783430495019363,7
9,1.066866246960837,1.9874859851743714,2.4275180731678514,1.388342496975513,0.3526436448172682,1.6880604642237236,1.160756478193386,0.7102117157936862,8
10,0.3640257862083337,1.2760161987548388,0.00686995943015789,2.099168012400127,0.5458627662188387,1.0092786456850316,1.3990778619716913,1.3874305678976284,9
11,0.627807794804069,0.8563551835104978,1.4943477527936486,1.781836892699655,1.4593958538066107,1.1754469155935454,0.425949038190669,0.11143738438577089,10
12,0.4525664780676466,1.0651800271856198,1.1655086404789377,0.9240399054204426,2.711585209456934,2.779393148000664,-0.17649538422085453,2.5503966237546525,11
13,1.8072750063242766,0.6625217108249757,1.0294660455562274,0.8597168459106332,1.0067754106243108,2.2267672587674037,2.0300906081167787,1.1880577977013977,12
14,0.29592716364348703,0.3576443891742799,1.595313701539614,0.478271245042839,1.7924867507776692,-0.3864900798135551,2.6380281136135286,0.622343460448734,13
15,3.184194505367967,0.3615324447883618,0.5753775341400238,4.042927043448159,0.5841416141196073,1.8499358562698303,2.809177877814797,2.8733111002328506,14
16,1.2081538413474613,0.6126415031302461,0.11710984009784298,-0.08753262688687413,0.014933021579929151,2.3714445775106974,-0.046904675149907815,2.3283387518847123,15
17,1.1162080619027108,0.760428663068398,1.669028028085668,0.4732264688904949,0.32594574112523556,2.6836788735934585,1.3975452484190403,2.8108808085361767,16
18,-0.6685753413478537,-0.08219879795319729,1.0461342080598879,0.921542694202301,2.011093376431477,0.9984257234312288,-0.22153120812947624,2.207995652351061,17
19,1.0085295351417276,0.5233754485667432,2.1370076909477884,2.1986586797144336,0.7393157217978519,1.2873694570056151,1.191308634400883,1.5682046344462202,18
20,2.113520668829123,1.7356714035964278,1.548702932042138,1.9829204220807406,1.5051815471075018,0.43147047647114134,0.7620553912149008,0.7047524644256749,19
21,2.1152318589072436,0.4696952671036638,0.5588646719034043,1.9018127495568042,0.8706262002726758,2.046396801614224,0.541498982746311,0.9060582160612755,20
22,0.6750193641874206,2.0509779691228616,1.04231786085783,1.7497557174992089,0.5054837691851795,0.2642363575963339,-0.21689669183095073,0.3615610691433824,21
23,0.3658660867341249,-0.9545392690245429,1.1197020223477836,1.1748070676367597,0.7536670199868729,2.1895377758674135,1.4467213017369656,2.0957489246936145,22
24,1.200119347122223,1.7918256430480528,-0.21407191849643303,1.110028918963908,-0.013226715787400867,0.18407783514189813,-0.13937412829259133,0.7991101952536801,23
25,0.7105226399067424,2.9919218055777357,-0.0036164237403164545,1.627722290655985,-0.14461887397544437,2.5635067258362625,1.5050349316367737,1.9963940590772524,24
26,0.6652884823784261,-0.6036376844791229,2.9932603934321014,2.513543983463167,-0.009468296680273713,0.7582849377596511,2.302829122871401,0.36343131096576387,25
27,-0.9191769970863979,1.568995453042692,3.16359639173503,0.43855609489982605,1.2253022929899975,0.8856140808316573,2.502885359004922,2.4791063106931723,26
28,-1.3005771678204683,2.280208977676555,-0.13988928644370602,2.05337520728457,1.7009047069961991,0.6236947652209683,2.502305522465987,0.16353390044622984,27
29,-0.665028799431145,0.9429021992566875,-0.5913529129022517,1.0556188942499214,0.7270712643554857,3.8531783417537584,0.7011678413833189,-0.11181959146473641,28
30,1.2345945466112362,-0.19230987038840142,1.8006400954344517,0.47079562837396915,0.46687669282421096,1.4316764873365082,1.9417831556169822,-0.5562983177215175,29
31,0.26076382753394334,1.733202763466889,2.123995713381686,-0.014117024022009872,0.32503925568912295,-1.3490359325089032,0.24091133138468956,1.580357261374452,30
32,1.4260887482114772,0.47430520000908805,0.529806291753208,-1.9416256124305447,-0.21221221165606186,2.3472512645135994,0.20402358707864277,1.8359579704286877,31
33,0.3363605929201483,-0.46233038598990794,0.16180212255209014,0.8998707410649838,1.0011474763807082,0.5282927882734568,1.4181164494018583,1.197233674449429,32
34,-0.5985720720898935,1.4257830965482488,-0.24228968828061914,1.8903451416605324,-0.09536443066145917,2.1652498446132866,1.8167587522577457,2.234162843134329,33
35,1.0596333668024687,1.7562179895778913,0.8521451040987001,0.8777208272869145,1.399643370502494,1.8478529649315747,3.2405222087528824,0.27108109050254514,34
36,2.3687266123926536,1.8344616898790491,1.1190901913440308,1.4014623414543101,0.5545982041200495,0.3752973892321968,-0.058657731961094584,1.770315371528019,35
37,-0.6364903698084641,0.4640387630326859,1.3547899725860082,3.1503892037784484,2.0326696271644837,-0.17589880962763105,-1.4782012748928284,0.2837875195597849,36
38,-1.0935776500477332,1.6089390136004829,0.25009726566793344,1.4931436341225952,2.302109821104273,0.7152391308230237,1.801910014393327,1.0396821772946012,37
39,-0.44862828028071977,0.8043844235388258,3.964791570863477,1.974493902851831,1.998841114502,1.2002391831444124,1.5644299973883198,1.0856188868658476,38
40,2.1280224088966806,2.3044329640184165,1.7580193368274069,0.3169140639278062,2.4193377698658036,0.13862883431170336,-0.675770059167826,0.5224732687193594,39
41,0.7254238973652483,2.5698036638733774,1.0098553076245116,0.18324148482036406,2.551914806199958,1.6241900058855816,1.0595318790256545,1.65658470978071,40
42,1.7885113476801624,0.19483803455258975,1.7779320927132156,1.5656525930234209,0.017922330513193474,0.8299428232486807,-0.8089726676473419,2.0967780843988684,41
43,0.6428412416006523,1.561454710159723,0.44011414325459797,2.1552313851401106,0.49753185094372276,0.20208446604724373,0.5727114767233397,-0.19968267021357633,42
44,1.9124243760186337,1.170424045914582,2.003014196938744,2.0201740776246564,1.6136394130416198,3.4237746676955934,2.005640483342744,0.14803803380977654,43
45,2.002228267488693,1.3769437895901258,-2.2638330737714285,-0.1681295686833688,-0.47893244756923514,2.0988760735016863,1.0853599206391895,-0.6026697071438676,44
46,1.0203965561101678,1.2657474959809565,0.2685116365154655,-0.22576648912631514,1.0656991673998735,1.296949314083894,1.299413404414908,0.5144610107553089,45
47,2.5550156818125034,0.264182134359465,1.763521453330974,1.3623931927808575,1.2260082966452002,2.1032444551091336,1.123415695682571,1.5359407584279685,46
48,0.8111625968313005,0.615691196138131,0.581449286802169,2.8978193504040686,2.084536547151278,2.28081867574832,0.6796128351948658,2.245431843921682,47
49,0.9919424250623786,-0.30197284655121304,0.4073885780389166,1.9853557335599044,0.36274641098868077,0.8145330825431397,2.2344487682122582,2.0503566180231605,48
50,0.7799259567220487,-0.13615111792715684,2.4537108727887613,0.20822036793230303,-0.08331075040906999,1.2714227726565883,1.7041866082722905,1.7327607736773818,49
51,-0.467565268615048,2.1374511648707726,3.1452240192999623,1.510375291367276,1.8279724691656671,1.7219294162651433,0.7095544129649205,0.03131761660956078,50
52,2.4055177474188865,0.06530204473718237,1.821596766095396,0.7048058152372134,1.0051336168669922,-1.1163535648722838,1.6047537105004612,0.8896686217362864,51
53,0.05942311228490882,0.45126344076765135,-0.8514114939692463,0.9598621760474773,2.3998766178048747,0.7199761707025396,1.4460830292886007,0.5760114001043386,52
54,1.8037790421771651,2.0753188563641287,-0.059824663017578716,0.5424376989970918,-0.0985435025228103,0.8315925569563681,-0.3390883406097489,1.533758935294966,53
55,1.1034438646379263,2.1729292321677387,1.0214511627353382,0.6283012689412311,3.1530318424301,-0.3125803133343714,0.21565023802896366,1.506316909994867,54
56,1.890889194645903,1.881077462643365,-0.3458025587126894,1.546405863866164,-0.5341253083310502,2.052357235161561,1.965193260732771,0.25500673578238153,55
57,-0.3145993394007116,1.0344936148705834,1.7871420601035584,-0.18285120861784065,0.9141020141409218,-1.2338120512850828,2.9695181427346196,-0.0373607688147608,56
58,-0.9605715531680032,-0.15161523470702876,2.4785704224927185,0.6913192779829831,2.624727103419759,1.8004653344810317,0.9390054005368693,2.133857858373937,57
59,-0.3814860641025628,2.4525632426828503,1.2385874595246142,0.03182000344566005,1.2154217068343662,1.0060734628776975,0.8542152584445537,-0.20546143659841176,58
60,1.1894114034624133,1.1316523323732584,2.4813438167944035,1.0857090774216136,2.8428248251788033,1.7928292628463487,1.2420039027335235,-0.22576292732931713,59
61,0.55320998267259,1.0839134771277672,0.21367114933101727,0.6601393815135883,1.5879547916421752,-0.7183130964631315,0.09195355273068784,1.9400020895677104,60
62,0.6103054562773373,1.7521915797448506,-0.49606885798662237,0.469322899868973,1.6377697487604364,1.1889081905690881,1.5646191797480793,1.9893327753898415,61
63,0.6468616439067841,0.9204069321790672,1.1522091228019709,-0.7379483925876749,1.1103055042247554,-0.1485202765183109,1.638942031265461,0.3655388651014443,62
64,0.74668596053333,0.6405964083842408,0.005972396589853157,1.4592483140594645,-0.3292957687500331,2.2358194469883523,1.049964035280893,1.442300758161323,63
65,2.188778190733766,3.024339076889945,0.5408677441472378,1.2887949230744884,3.2967034508304622,-0.21944747855938562,-0.16517767188496668,-0.00437981738550941,64
66,0.8846318424848985,1.7835002354801337,2.3670626342331285,2.8081107356459425,0.4771352900528426,0.7604178373200144,0.8157857086406374,1.5346771515945368,65
67,0.41363653564212655,0.13886622775461177,-0.06941485299397443,-0.4630911084408862,2.4720338764728425,-0.2068899575761456,-0.20483698229468672,3.3109677611851858,66
68,0.7872698252313571,4.075297282461392,1.7415500166762365,1.9102170419518498,1.4218897118141771,3.2234828340643578,-0.13660199836430054,0.28882627032358754,67
69,0.6614538291200018,1.284893712805141,-1.0946481594568453,0.7839491814197338,2.0417384112781605,1.2901452757070642,1.6109070218111645,2.334080085403957,68
70,0.9398319617729112,2.2169305194947184,1.2729884355690473,1.564098306526085,-0.7276311720775459,0.15816113744234883,1.8759481504898474,1.063786366135237,69
71,1.004370289455573,1.1927428962247248,2.2176744171299925,-0.11577246605982627,0.7129013976663865,1.7080571549173147,1.4764409120462907,1.02514788738349,70
72,-0.4780253989390544,1.4065716692175965,1.7652419440967109,1.6012126803191586,2.678736231954834,-0.5553045258363016,0.5576238358041139,-1.0496750493242715,71
73,0.9068054549029094,1.5363119238712597,1.1990164575136988,1.186383296555079,-1.393545333903798,0.563788291918643,2.1123237129649404,1.95286028061988,72
74,1.5320490193547647,0.2854619397950613,0.22674798652452022,-1.5965338283468462,0.6997154554622553,1.1143816244754479,0.6294340288900874,1.3731120677833806,73
75,-0.4706881858129417,0.45865636304309454,0.5913683627702785,0.9845216103139756,-0.3578780759443385,-0.6468690681838749,-0.6439811713246342,0.5714918498364969,74
76,1.576000050574997,1.8132743930416748,1.8687181691271801,3.0516127021536503,0.08546834157223482,2.00507361815289,-0.19468797715145048,0.07359436821543941,75
77,2.3528750962991762,1.7621396586151703,0.6101615709670656,1.0915508954298674,1.3519937373601656,0.702203653341859,-0.1528374857764534,0.2009454140633955,76
78,1.4779662496586632,0.5076344759332189,2.2198885674480726,1.3790392218918388,1.60016234564737,1.1824713634389228,1.7699060381928948,1.3130620120319172,77
79,1.1845993416130824,-0.7538282567145314,1.5997269893966588,2.2865457165139365,0.9302621174632668,0.5955421603386759,-0.29589256766239247,-0.9482126819653383,78
80,0.7924465548837569,2.1973034651601084,2.848618595192267,1.9381833712665153,0.5251030174866389,1.9365367716976996,-0.13832750916885717,2.087147767604563,79
81,0.7995894406578137,0.8243920290037289,1.4388315079684895,0.35919686227036407,1.9515142096653264,-0.3864190589885306,1.4448437291776408,-0.14495139683103275,80
82,2.4498997686581436,1.1148345180877748,1.1380026074497283,1.8199104102254746,1.391833624772623,1.8075960005349594,2.7069715331362465,0.18953759022130834,81
83,0.722597796151305,-0.6639367318579017,2.1839178576723923,0.05511577150974356,1.0259025267699036,2.856529636462528,0.35114055344411454,0.5386037849353364,82
84,1.498590842682481,0.7205003374920993,0.1776005381385133,1.3838924402910466,1.883408587214733,2.71187932016666,1.3594270241179889,2.4736528462234197,83
85,0.4687614481074711,1.3201905027877006,2.312876784883161,0.5957154413188114,1.4947907895622645,2.0348475458636326,1.3330633229742932,2.6030498664313226,84
86,0.3805029155744719,0.4108873516963574,1.6298707534159047,2.0003749058976528,1.6195273990458292,-0.6702629842260979,0.34318226823334175,-0.0718724258088772,85
87,1.408187446265496,1.3579158037473813,1.546329605461537,1.456327567483265,0.9188292056901544,0.7458196569186599,0.7059203702104249,1.5197756566753857,86
88,1.9915486543569108,1.0195407848522051,0.7231970189237409,0.7264578626001863,-0.47900508406616704,0.884316213637755,-1.6053467159699624,-0.5088447998714325,87
89,1.1312448359826355,0.6776367533168688,0.8615754782410643,-0.005710618510446075,-0.3299261286382893,1.4556200305108316,2.080998746857195,-0.08435828233933429,88
90,1.8982217834046697,2.062807398703989,1.560321750612524,0.5960979913300628,0.9036819000359161,0.16144956027336865,0.055894558356145096,1.1454570744229164,89
91,1.58134492643548,1.2642058114584822,1.6518051009751062,-0.5175109094040717,1.9759847399439576,0.8670948653205149,0.773820356995032,1.9500114999625402,90
92,0.20244023249073062,0.03474751348114591,-0.46285746321612176,1.6399345601419322,1.2310826233283594,1.6210156055743288,0.9777971315512688,0.18829191047556093,91
93,-0.7769969668511625,1.4915295604275807,1.6073284841832833,1.7111538684999903,2.9249672951447057,-0.5449924338137806,2.0980683324498495,1.2513937746120836,92
94,1.4830451518338073,0.27776682817371956,0.04125487235038661,0.38951274320627927,0.3344502219857638,2.353422421109535,0.45523077393829425,0.4621450147593503,93
95,3.2533826755129134,0.8553807674169895,0.9315736120687531,0.903265218242883,1.1243100961958372,1.7284403433489515,1.6788635649056853,1.615650574031742,94
96,0.720092478113161,1.5377174153273812,-1.2886335681535193,-0.2710251819125413,-0.35120398265115793,2.094871463616789,-0.11398876806151592,3.2374960267953696,95
97,-0.3761610982981658,-0.8187811177161841,1.4243413613640952,2.26206913857916,0.8057816761393305,1.317341123896009,-0.4850610590146931,0.6404641149349164,96
98,0.41706078504898947,0.5940715114296484,1.74582420643162,1.0390607098825027,2.49237027599147,1.6667555542845558,1.924810827038403,0.4087628872494695,97
99,2.3820545182524633,2.564362387885983,2.568477500664274,0.6451630777010106,0.27428261285079336,0.05433146869107108,0.26358215913779026,1.2647542840787394,98
100,0.2682354385818896,0.8067115390644679,2.2998966132591594,1.3445077716957279,0.5034432934754862,0.5985240703683934,0.9304479581164515,1.0831028026217286,99
101,0.5236517534030349,1.9365112657101848,0.005851054336186046,1.4440027047655837,0.4894846814815488,1.814734513625961,0.8790093755139757,1.2662981565025198,100
102,0.1905301748509749,0.5015993384736089,2.418634994535081,0.8244041801571532,-0.6159536853243968,-1.195573747023801,-0.2626771519704896,0.4164158140581672,101
103,0.1249571518992515,0.6471990798279232,2.0525856115004952,-0.9214915484010027,1.0549308114247444,1.0926671484797774,0.5091918966157168,2.1106902856035816,102
104,0.5412642838888757,0.7868600125396692,0.883888720290499,1.2025039908298647,1.283755342971298,2.2696532227128,0.288113882254628,0.5275166723540448,103
105,2.8252609115851577,1.3677121890965094,0.7601698289654119,1.3716435685237311,-0.03371657718704357,1.4087028096041503,1.0015025591661277,1.5716102492210848,104
106,0.630207381149491,1.1371456271966565,1.9327731825592231,1.565727365480264,0.36864375135743754,0.7166232529090872,1.1793472494705295,-0.2034728360087099,105
107,0.6770822866090076,0.1270849471898402,-0.24822117942957456,-1.0479325029344602,1.2533905632636477,-0.6962211216998269,0.5999809563026804,2.7017092933864504,106
108,1.1091137411743983,0.994533689819505,-0.7962152457389009,1.2284862200623272,0.17564641383146362,1.6615799271126082,1.99782115354013,-0.4132951320050027,107
109,0.38183066209650474,0.8112844331253959,-0.9160743185259321,2.739311390192393,0.937913683615473,0.5430387689238669,1.2704375122891387,-0.9377304525386951,108
110,1.743284909409843,3.695990867923024,0.13821539279557404,1.3075260940535829,1.988703442661933,2.5749633568030204,2.145117211379313,1.8177162284405886,109
111,0.2846773771084551,0.5828009428181482,0.87321265189329,0.033974067265085006,0.8744688419839043,1.7674427188141149,0.31659484810949134,-0.8913106245356748,110
112,0.6174743460834708,1.6945543069870694,-0.29547979682575676,1.7197351860693126,0.37817970329655637,4.4237773186970735,0.6460767023104428,0.28034517306510776,111
113,0.18235667163097302,2.8774762782042673,2.4762405971707016,0.9723630380163262,1.251706117534044,1.3053150880819766,0.810875460717849,-0.2588261715124889,112
114,0.24914254748392684,1.7095719969966616,0.3481667319676893,1.2973444781981758,1.2299282777988143,0.5133915842535001,1.526569591279776,0.5684202465135861,113
115,0.5125774665627034,-0.6881472196282592,2.187788976599907,2.2552663608143826,1.1409886531374989,0.8894011323902594,1.058397315059369,1.4100875180100336,114
116,0.38436555547551465,-0.8744176203479455,0.4366919547946514,0.3982933920964894,-0.040217372436736065,1.0849336694156513,0.2260748264825515,1.8625062004314938,115
117,1.4925423048974937,1.1699974470645031,2.83185900207876,1.540573329124864,2.4910863838452535,0.9443688747384859,-0.1919861957698219,1.3290060500451668,116
118,1.343821388361275,1.9727174635295857,-0.37701525195566954,3.642235426595288,-0.9081966627345079,0.23851983904853402,1.851525092905076,0.2871544987061012,117
119,0.8605878143634381,0.9553906895291499,1.009888263570819,1.1772111316777822,0.45599954107961493,-1.4908776986229881,0.1721391576765905,1.4608516572248158,118
120,1.4521088521150722,0.4403209448081481,2.0743204524189496,1.0605810610839557,1.3829844547366712,1.064320810358286,1.3602139470246035,2.5880911246024527,119
121,0.07400177003671515,1.1600214433142313,3.9445322077745573,1.4197568426247105,0.9738074731392975,0.6851818068906494,1.0100862850471906,0.511804272053029,120
122,2.0782912555922772,0.8355518794414546,1.7316468766722104,-0.10919816906043689,0.13739656376102394,1.5444342995574165,0.378580355633962,1.3861378353582128,121
123,-0.12652346174664153,1.2561699324616071,0.2749729990493963,0.030803681483744794,0.15134087403356788,0.9139123798843851,1.2813738643539696,2.6086909388636395,122
124,1.4919227828803128,2.5477497240676166,1.6241130008924207,-0.22837021730254414,3.6746796605553995,2.6708707405505305,0.4747445604351932,0.8234383033523468,123
125,0.5955156021122125,1.2931178212773498,0.5515983726990896,0.7220897587574583,1.7255655969954389,1.0648102478448493,1.220214203782364,1.533475309723093,124
126,1.3457700689696448,-0.40739068366065667,0.41722115896171597,1.439805914670781,0.766518904799871,2.5479695014586,0.34065551392945226,1.3446349468043273,125
127,-0.38443329385907776,1.7235293181707616,0.11480956564902312,-0.7110304630416255,0.26963871088469393,2.1051709888246077,1.412504522584599,-0.2920110708997701,126
128,2.196657280503283,2.146373784374411,2.1163651106500647,1.516765435420215,0.9167082215261046,1.5087415547620342,-0.49377334217306723,1.0583546700636668,127
129,-0.17639663600615463,1.5375650732148332,-0.09150478591701794,0.9496993061118548,1.7893680433975991,0.8479119101128814,1.9041941127486453,0.5881539383052309,128
130,-0.032305393882967604,0.03317076374114569,-0.9522147513245611,0.0014072670838817247,1.4352920493920394,1.4379840392601126,1.4398894358627705,0.2437624661409321,129
131,3.3975196708770663,-0.1210540118689647,1.3950945022391812,-1.249139941180193,-0.6951273829270113,0.12026278470200225,1.1331046268098652,-0.6685074109056692,130
132,1.2189071837294057,0.8248727773976801,0.873600960477325,2.949068096822976,-0.45814908970614954,0.5145747246801444,0.6824120291541611,0.10336147922271832,131
133,1.2035472643862166,0.6641153711310985,2.124730316603097,1.2383124004449573,1.3839987348666474,1.8337696071009695,2.3376241591682905,1.1771570125207553,132
134,1.4942952602854207,2.164273942059461,0.4468872864427902,1.3611410313869106,0.27127622463226775,-0.44542910700833294,2.584076675173709,2.253184494808573,133
135,0.1828065368256362,1.5042000587989977,-1.2608656775428368,0.8364484130642648,-0.6175338283716527,1.148092970145473,0.21809166587787798,2.3188520911088535,134
136,1.3743280100499278,0.9823407004018662,0.07314367905345676,1.9004635042354858,1.2665242209357206,-0.5768966088083156,1.2363730831011492,2.759581062679561,135
137,-0.4995906419176026,2.837265270391258,1.2778068642520606,-0.903207206220543,2.2888741503607695,0.48997913779600233,0.16685778706196364,1.8026059249166226,136
138,-0.9605190756492539,-0.3658494279579494,1.3827471113967245,1.309013214339879,1.9073549242171675,0.48552981590714817,0.35441058790609037,0.20495393712249643,137
139,0.4418082014943593,1.1656911880521317,1.3953559824362656,0.07203696464272724,0.8931207561993187,0.9256028590514054,2.158061810286821,-0.028102353917321077,138
140,0.7019254846490346,1.337106074082975,-0.8378472607394523,1.9636069853104061,1.722775838374799,1.387853121308711,-1.365331558771158,4.089422555708225,139
141,3.2186538358016428,2.6424969062013632,1.247397411696621,-0.527286817843535,-1.4977579423841103,1.6001257687570325,0.6179449154496248,2.3188038507110003,140
142,-0.0735013357891241,0.7024160572446536,0.7875735005721114,2.5314187952141163,0.051152332399994394,0.7029161254968618,-0.20641644581658514,1.3855207259766402,141
143,0.9127434283655721,1.2982705847096252,1.7541051698917522,0.7768470472484797,0.6298631780287727,0.8080163517699979,2.395172885690045,3.11032597161445,142
144,-0.22340589460604732,0.17962434399264082,0.17144046862339346,0.7730266930018375,0.6804339913352359,2.6837753092321686,1.9368262970002181,1.359683347474045,143
145,0.6605823356143568,2.46510386434521,0.5430671819800288,1.187445808171666,1.191723585028094,1.6944863033891764,1.468142457795662,-0.15405130285654423,144
146,-0.2849409751295342,2.949941068494888,0.3600937657874945,0.2524403242433836,2.062619453066471,1.0633744721007785,0.1395440947709775,0.7990305673956787,145
147,1.3486424583241767,2.102341175145072,1.346889230083583,1.7068967586816783,1.5397475065804702,1.4769520508081249,0.7915975762592038,-0.7569506540112683,146
148,1.1925812793654806,1.0876782415805553,1.8381230333999254,1.075259434979746,0.7536644726796073,-0.39228532504743496,0.9408568697067083,1.7945441688263566,147
149,1.0796243290575378,1.4368291021518316,1.7655618645890219,0.35813464362882097,-0.5434764835693069,2.3391176017472404,0.33159985854453045,1.6940480359850572,148
150,1.6990748689924402,1.4388853326877251,0.39826140061398585,1.4201928883833514,2.1879250049738115,2.390637156254444,1.0786246849789112,1.0242339702156569,149
151,1.570504453841667,-0.6273707764333083,0.7032951597496944,0.3952012725752758,1.5242490594046774,0.09480471379217648,0.71773052121033,2.146881158250036,150
152,0.6199232121351963,1.1247411782605516,-1.0645130648608787,1.9262187645503044,1.3934411615820987,0.9073570363854693,0.518800461553383,1.6540912610252247,151
153,0.9132096583913121,1.0195602759823443,0.6943655238514747,2.5769039535153935,1.6737138852838416,1.1956413753009536,-0.04876845948786945,1.5034259493912145,152
154,1.7620945551737885,0.7453253117503653,1.859893730233233,0.6866529895021851,1.2914062957062165,-0.3319509070299267,2.136920870730578,3.353995266447494,153
155,0.7401720298256289,1.5259324961218823,0.568059211832306,0.2992778275700745,-0.1692425624293168,0.8499407833603887,-0.4802506631539565,0.7820762940508377,154
156,1.9126498898993527,0.28689072912022917,0.9214742540536601,1.8218008701418866,-0.792032262096614,0.24526380011162485,1.0706682860528784,1.532601457670924,155
157,0.6136025478238016,0.13115533629754517,3.3947267705659554,-0.16634319994765723,0.5609516941786691,1.5584294075214522,1.724054693466197,2.1668028027403614,156
158,1.639275203822777,0.08527534007214743,2.2238682026261145,1.4061804086697247,2.6181410304768944,0.6758961841048718,1.7292253532192134,0.976543622948615,157
159,-0.7989311168649944,1.9855853827432526,0.9034051109587704,1.667154145058022,-0.7482363149709244,1.4169903533096297,1.4913326964810045,1.009388786687688,158
160,1.0795899759229013,1.896291905662873,2.03321038039993,0.8338988247680937,2.1641844753286823,2.304830767781033,-1.8346582023657882,1.4640246068627123,159
161,0.5421219464885387,1.332335791928152,1.2166611811548638,1.6973596165757083,0.20642592447488473,1.9529064673813905,1.0317793463873806,0.559082748394067,160
162,0.782883143578956,1.0137379085060627,0.21303355023312587,0.8778683199002599,1.991903633516134,-0.8462551711064297,0.6270254980168284,0.34789827594518263,161
163,1.1992938602150058,-0.22984790628604146,1.5129954901581684,2.3487178799084667,1.2145690063285108,0.12281661161381396,1.9999522755072887,1.7286800697562748,162
164,1.6534642865987395,1.9764602396630542,3.2124642662515797,0.3507275413725629,0.08756765979005832,0.7807000407066158,1.8604096971861588,1.7481146296079704,163
165,0.8135733411112834,2.4622043902255832,1.8847686487132425,2.3251430371124178,0.4844003316884339,0.11381793137248686,1.2985039713966287,1.6442042192036272,164
166,1.9190850201905187,0.9397375137400206,0.8604850053790806,-0.8296529361211473,1.1419634871423106,1.6288475608880435,-1.0405593685600905,2.067223767357429,165
167,0.2996847902967933,1.4227867723564747,3.853804170129079,1.4813999276798167,0.9578660634009221,0.2071627778969437,1.8007097918250548,0.45641648664283185,166
168,1.6661232345949442,0.25124209118512575,0.8709862881782575,1.0706996170397363,1.729123488129087,1.6430636518190038,1.3067549845448951,1.4171411010837103,167
169,2.781802208047898,1.314959323965051,2.064810074307216,2.214099555526494,1.6768540647005112,1.660325222561195,1.2869453493506915,2.034106869811837,168
170,0.19856293620559995,1.5122487996484408,0.7884230469325072,0.878796268266095,0.1674643795514661,1.7094518766606999,0.7316145614486376,1.2612957297777798,169
171,1.6657717828879945,2.423568600977923,0.13529541509306608,0.9237275182441942,1.8847500832038275,2.2268409183389704,1.0399201551698725,1.5037579417657922,170
172,1.073157235149775,0.6388110513584375,0.41470954533598825,-0.03723583863379831,1.4832959499336065,0.4090623923642237,0.1627619445216112,0.8827447136022847,171
173,1.4401738902505212,0.9473725202138225,0.9263791021998958,1.506595779741707,0.7866989330347061,-0.09810953929414801,0.9324329308138952,2.4838179200190282,172
174,1.7942578519705457,0.7373853506844179,1.5870923268452186,1.1242898540472996,2.747050385880133,1.2154882952728825,1.5463511788759563,1.9090742917135541,173
175,0.3778787872213749,2.7309226741726698,0.9649792074691045,1.3196490708065878,1.5675499092695113,0.5402938502931618,0.8402566198639633,0.9501454012545972,174
176,1.880409451277484,2.547039544390617,0.40314743700918054,2.1789362752851265,1.0314712739135983,1.5906324315122384,0.08256719735482687,0.5272523459725035,175
177,1.6284774837214089,0.8344752583083643,1.0899337398898585,0.7186741922651121,0.7945583601877327,1.0476295009630054,0.6809775674768177,2.0548876708673625,176
178,1.7155821102094793,-0.1062600242344125,1.5615234002904197,1.3365817948511431,1.3722236222299602,1.5680567226686017,0.9240863866316408,1.3253745665292587,177
179,0.7161728452619347,0.8212123757725573,1.2033273418938821,1.280417831265658,0.5139141364224855,-1.3220617515455437,2.929308518400471,-0.005762831569649407,178
180,0.7871414160635326,0.30249547129901333,-0.04770929871429752,1.1574207697599546,1.245654343505881,1.1648691311331378,2.178681988129806,1.725131061681556,179
181,-0.8145516381973339,1.242207451733504,0.3299473524501154,-0.9000969033236152,1.0427830470109452,0.9043953309692905,0.33615362542038774,0.06920098119698448,180
182,0.869844000678045,1.36559772067558,-0.35660915252372893,0.43500915489730574,2.160293175912312,1.6685885029058578,0.6775622616374117,0.009805998004130512,181
183,0.17367941105667817,1.1785199459552542,1.5328757469958092,1.9551596853577455,2.142032442748274,2.4134672594453646,2.955817031858082,1.3919887260028247,182
184,-0.7964687651034652,2.7994103973203086,1.2127012038183167,-0.38910872369879934,-0.5882620166142218,1.1097988668725471,0.32135865959035836,1.7420835476361378,183
185,-0.272068780029183,0.6176894057609474,1.4468406419033681,1.2150806158867264,3.1747932934899,1.4711472279775493,1.3964280920520866,0.8966418642300158,184
186,2.3205756957352044,0.5653815643464684,0.06491117515957845,-2.013009530630299,0.6629054760204698,1.1647196885097566,0.7067739089216183,-0.07858662260770721,185
187,0.4552004432140472,0.023640825831515277,0.19745977706841578,1.678000419300356,1.6679066670043463,1.6860054000048312,-1.6637639487277265,0.2844622237999973,186
188,0.45954510124192105,-0.4540861628452322,1.449181609319341,-0.06443930856725122,0.13720284952408413,1.3870237532356677,2.326856867314534,0.6705344981177219,187
189,2.1122602470796608,1.04287970099044,1.1863528071186313,-1.1706659005910929,0.8650840124331665,-2.171456872484273,1.1815839943624502,2.4683370499828303,188
190,1.8479240548834353,1.5367130707306156,-1.3924759838258587,0.06020951026494603,0.7459740966966639,-0.9688811932666297,1.0068902798029828,1.412756077808299,189
191,-0.22794149042976852,-0.6684964430216755,0.18957268986884557,0.059558563861955904,1.9116585090886042,0.6593814760428844,2.078652674885541,2.128774768854141,190
192,-1.8980234192584509,0.6706254712302027,-0.6386224735989328,0.6831578796797095,0.447375589280514,2.3093312377100856,1.7581268285884764,2.5849175153091926,191
193,1.8184555636544468,0.8016264358188036,1.264500816091299,0.26386759836743834,1.4195479033387268,0.5833632949990784,2.5660481806922437,0.6708394917645502,192
194,1.270731233940113,0.27288552604755034,1.6418128459450323,-0.3641262268985106,1.0628610093521198,1.1569193256324113,0.988744012719686,1.2161652894708235,193
195,0.9194541524678794,0.9971145819081029,2.792428172356125,1.3756561753971803,1.313157743388203,1.2105528964624899,-0.41632556637266593,1.7571407176339795,194
196,0.5014585333985578,0.486339474742324,0.8850498932460992,2.4018215266077734,-0.10506845021993128,0.6969801982026504,-0.29750933855168094,0.2039672097600076,195
197,-1.1628676773540207,-0.5359081105583927,0.152470460888687,1.8705827424622035,0.42827200742765725,2.458968308758129,0.903730116660176,2.6826960009396674,196
198,2.751926377400518,1.9344281431312274,1.0897332884237614,0.36733948956804996,0.23279709054378206,1.4373406680466558,-0.2997393259919787,1.5067856953421288,197
199,1.8606149827533183,1.7289949301345648,1.1350577093757066,1.2991350196465394,0.8880328414138985,1.6988048744227773,0.6520648428186535,2.1278833614241393,198
200,1.4344552439430427,1.2787712178556472,1.735522444242821,-1.1181676353166918,1.2483147092362104,0.7038536762318236,0.03700952425460757,-0.3009112313089102,199
201,-0.6029688672341083,2.405134575235122,0.48050791593451403,1.8882503541233941,-0.1795505843402616,2.151309304645282,1.2243376934449839,1.4015086932253533,200
202,0.8782744803284961,0.9581632707270114,0.7487882236096497,1.285519653352525,-0.011726495808676018,1.3366855631254806,1.4242496137866736,2.8104550176398417,201
203,-0.028598033614422258,1.5652475778973451,0.8287089028897066,0.6723883639618092,0.7948503477993054,-0.3587897032260714,1.3250874406514515,1.3461086207343445,202
204,1.1698593752005508,-1.4289874233555664,-1.0471349450566536,1.4256692334047436,0.34127576987566677,1.7366951747984947,1.699941629922188,1.726458169461635,203
205,1.5942613107849049,0.6193215879809331,1.3061467579162656,2.17151619684964,-0.35556854810514094,1.2840081398541445,1.456396739038959,2.124038243424426,204
206,1.4734401876287473,1.6650495018243459,0.07275430673825412,0.7023950787128019,1.3687087639185964,0.5603277377458318,2.4396429879551778,-0.30358163197806975,205
207,1.1355187455625684,0.7718496376199401,-0.03506228932141897,-1.331375127393199,0.8059184729538238,1.4750630624193848,2.58764799171251,0.8566088059236738,206
208,2.1007400519974495,1.9443639778164092,0.7952282109480712,-0.2581107432458616,1.1740247879566228,1.167033882382006,0.8520130728666557,1.91093506936887,207
209,3.2794182898267454,1.5671988876845444,0.8915712134440508,1.5827399788378091,1.053973912074324,0.19065020767952678,0.7567347986893206,2.4349581124476947,208
210,2.4130598956946123,0.07197918668939796,1.2160292038579579,1.6153921225736385,1.8298657703649912,0.26502974276209723,2.019610231659454,0.01145117614949287,209
211,0.5441297189446199,2.4009896586438604,0.2226231471609823,1.0775841764524619,1.0196400130151204,0.19827436811938648,1.763107646396937,1.1182568181886843,210
212,0.3449764779421598,1.5754785516816225,2.887986124810301,1.493194012587077,0.9522265478346139,0.6733623938127915,0.4328241171933126,0.5746770311270281,211
213,-0.03232676313359151,1.5773953913223233,1.9644027147759617,1.4792322931912179,1.0665580122144513,0.16842694348311027,0.860532517427991,1.1464183779976647,212
214,1.3479075030708034,1.5378410519949657,0.7174906871569922,0.7719437359484344,-0.37625778582643665,-0.5254202244862849,-0.4598283598140982,2.7675863226114927,213
215,0.7275277246494678,1.6261135720030877,2.366895422196027,-0.059548432223808456,1.3983534408168392,0.6457215937451046,0.13635422328572,2.057169544914891,214
216,-1.1213782544348558,1.0786159140042493,-0.7214440192202618,1.8914884926872952,0.3615848435735466,2.6097159971150288,-0.8591989767679593,-0.4608092121188232,215
217,-0.4894776612494549,0.791484354053654,0.7412727427394692,1.085665384423348,1.59431486672245,1.0346521068029142,1.0300409670676465,2.855034264072648,216
218,1.3176853577587502,-0.18881607856802352,3.016874649255342,2.116552729693553,0.1996896950837741,1.0483332272373016,2.698563005381782,2.084461679969996,217
219,1.0279232160465213,0.36482346326611614,1.0422297412272419,2.0759969899964617,1.1408657617616202,0.9866078300054851,1.4724298646950285,1.2778756883802103,218
220,1.7369870474623523,-0.07063477800905305,1.665313617057735,0.2528141450426159,0.7360822588148699,1.484002633415349,-0.5225532473888619,1.7576350202566648,219
221,1.8778032162844411,1.4285515919014393,1.0020729264125199,1.767705717707496,1.7291126920280915,1.6536962337755623,0.9909514483093249,1.6117987569461942,220
222,1.7171792296480715,0.7253401893601612,3.721309998468551,-0.21442886871342637,-0.4835590782035777,1.161382249415088,-0.4378887533690865,3.627964037289627,221
223,1.2852179271227486,1.3373244629098464,2.2968886195880702,0.9887525660054076,1.025139853485023,1.4463963826368216,1.4508833473724316,-0.3685598310237892,222
224,1.0289658081180209,1.3305614836623059,0.3724076834050235,1.5613812975132952,0.40050539064705604,2.349912480600377,0.7226746889443387,2.0521764387466566,223
225,-0.44370173679349767,-0.08982586033326889,0.033259727120471094,0.8854690821159811,0.9042641188914274,0.378873786691145,1.1515959317924616,2.0671601263206556,224
226,-0.08181965661479262,1.7486812057517978,1.0069407662855254,1.594886354655888,2.3677406507035514,0.9776859091115813,2.2548033698710315,2.0597365659595743,225
227,1.721167304442953,0.6601787306925098,1.179228406691723,1.8128717061584567,0.95879253327726,1.392543620423021,1.2750101368388698,-0.45947441173470316,226
228,1.3610225989065774,3.351849649503725,1.565810580599967,1.3080161880455918,-0.7408815014943402,0.25807505103462114,1.2702595344753504,1.6235151422872458,227
229,1.5484592181851569,0.9148502414652881,0.6480767738624069,0.5114334090794824,0.7790547804062611,2.5454200560909417,-0.08194507084759795,2.413926616795296,228
230,0.6212239735850338,2.733448267948604,1.395812008150141,0.10396752160086553,0.721822106396795,1.5014742395559804,1.806263488221619,1.3938702221351134,229
231,2.0722807258231777,1.137585643474611,1.7413289677221266,2.741594379050639,0.1880192248154563,0.1777432565042969,1.836942986508131,0.8060273341118898,230
232,1.4647814460236903,2.3698161782991396,-0.027249743975371166,0.5716218783571856,1.4368663812001112,1.3870083682915648,0.5839613962580403,-0.280837537266831,231
233,1.1847977001142815,1.3142911850415522,1.4356455188831614,3.2036668909248416,0.47457558405230293,-0.9062151784187573,1.846914896748757,1.6170269243329605,232
234,1.2851350500413814,1.5164415751814726,1.7972808394311999,2.1190675340625593,2.4047369851553455,0.5023053127875674,-1.0443517560049806,0.5888436720864136,233
235,1.2641414144228063,0.3697072472694357,0.6485471037070091,0.6446219470056755,1.434925378764556,0.38120747125113574,-0.12074644257371636,0.827952710301715,234
236,0.9027893877951877,1.4216784672272205,2.1979700217248723,0.6152284702921275,1.8950673109461735,1.7995765052013395,0.3061271142270049,1.2870119829394038,235
237,0.6271884790505191,0.3945924290362103,1.810905735420799,2.488568061699127,0.45769597529912853,1.1913314114100526,1.6031773451972104,0.6865494908952734,236
238,1.2710645998695926,1.7661817361205687,-0.25961643839269155,0.664576286280171,0.4998157535976172,-0.6784108970673683,1.1239082994067702,1.7127726637928307,237
239,-0.6074643921252543,0.723454401311493,0.5235745902395477,1.4977050270558283,0.9271234815961252,2.1243699570469787,2.4624767727519714,1.2083328758230922,238
240,0.29567232749215955,0.08477654399356394,0.692790737259297,1.656458233103932,1.7152385501576166,1.1910290656131246,0.13794791012662155,-1.1706125378814258,239
241,2.9562123118978336,2.1377693730397365,0.40462415210221225,3.4635858971374014,0.8965014128693252,1.6625717173645487,1.0036706841339886,0.377856735010929,240
242,0.5450727121022763,-0.0797615638450293,-0.07785111599510142,0.7497064419400714,-0.10910131780516075,1.1953364103881357,-0.8078402121588679,-0.5323290072045015,241
243,1.3199452912371825,1.268300878848019,2.5716007767595865,0.2743380833599953,0.6293599721087386,0.4391523043634199,0.770193512779711,2.452001931601881,242
244,2.593344229405755,-1.3767987741169456,-0.7852851707135262,0.7882025482362972,1.1762793146114798,0.9848506281445065,2.0851898897197927,1.8492753813172222,243
245,-0.44473072058708274,-0.2957923647283174,2.0238665243784117,0.29744242333521753,-0.13598845926211722,-0.4574741465564349,-1.344431886578091,0.12357703552830512,244
246,1.176684879482051,-0.833438462287982,1.060723544715775,2.0165401682686728,2.1856009951110273,1.7211538955620957,2.3310284076334975,1.1155439644234333,245
247,0.7742485528474692,0.6386608964558869,0.7811678120940853,0.3314663399699054,1.6531459591249824,0.21705591210825714,0.758552183718895,0.24009138524921958,246
248,1.440682411592678,-0.6737915537285182,-1.9235288536136417,0.3187679826171814,3.365915554621181,0.742656731414989,1.364274749534593,2.4880670734876373,247
249,0.23870792650553274,2.555518706037663,1.656514097063405,1.7542844515845757,0.7358637552847678,-0.030917690126844644,1.037434000328445,1.2484573081515813,248
250,0.7683488549236667,1.1711183903502524,-1.1376116992529255,-0.027873066288392367,0.6204063881047265,1.7413614080749746,-0.23711849519699246,1.3767507793627116,249
251,1.929678250988072,1.398370380903397,-0.08551553829249015,2.3163881498863153,-0.2605065181888746,1.1086731519501007,1.9223399505135577,2.3961507224949363,250
252,1.7166217626779163,0.822315863454295,0.4277345740479458,0.275150751138974,0.7008234867530135,0.30926521226953463,0.8184656209249146,1.1310830639076221,251
253,0.4310720782129961,1.2332739796164527,0.16837787094834056,1.0473641144159143,4.047805200791936,2.4636577171175387,0.8348149791965005,-0.2863101174592846,252
254,2.3506239235330226,1.5468875457106004,0.5454313987188839,2.851018380036301,-0.6322529865870796,0.4279317478992912,1.5224912399186437,0.8182998139235971,253
255,2.322260271177742,0.827069356415508,2.5773040759430965,0.6494804685233491,2.0618788061263476,-0.47270109537491267,1.2320892028685153,3.0274876174929295,254
256,2.6762788408827527,1.9737454068138471,2.4355570974074743,2.556318061349481,1.1907124488607448,0.09838621965152217,0.15193551370854608,1.6071789476335903,255
257,0.8770106181499014,2.1267232115564716,0.4246545000569222,0.883984891536743,0.47060668403709693,0.9839338250166251,0.661299235081916,1.180656285538034,256
258,1.244384828799342,-1.1928475253886193,1.9793972033870542,0.13153765797429562,1.6993798022090487,-0.4847285976022577,0.631120822835746,3.4521400345395206,257
259,1.6963904469592554,0.39680176884499363,0.9884701157579998,0.04380543172149409,-0.2868837929311707,1.206263347434136,3.9497715098590325,2.361017616249698,258
260,0.8112526856653868,1.8503613400726688,1.2168828391336597,-0.3436846739975834,1.6076886418038465,-0.4287270938776564,0.23977714956383134,1.5710386245614227,259
261,0.8917956397513036,1.261946527333582,-0.24072110254083223,-0.33809869930330794,0.8209643052759317,-0.1369576630897631,0.7021673638184839,-0.2713511844870873,260
262,0.16899189928386138,2.9474795246337915,1.1467529984649354,1.5013649284207262,1.6239476585755745,-0.25347333812336537,2.0553036197057053,0.9718938565210273,261
263,0.7906194382894707,0.24507814448286458,0.9651603811917654,1.1217583303589957,2.620827638993439,-0.44477890091212036,3.22395069989529,0.8234862068334644,262
264,0.8962463012096756,1.5970404516978245,1.6112059235288023,2.646280569189172,0.9203158483022928,1.4928312853042076,-0.9458429461561584,0.7921684038435648,263
265,0.3316576110809446,0.9717701016807747,0.7740131260665728,2.174307165440786,1.2482844429731452,0.5778712295402894,1.8480588742575463,-0.0646448852131043,264
266,1.179481671328724,0.806835118138323,1.5544852336162893,1.2429852619656063,1.133279944380233,1.6126150558615913,-1.7870806523386893,1.360110057878272,265
267,1.6958953009023472,1.5050554835127414,1.1841015026315975,2.5385380409262246,1.9028622120808438,1.2770373913585733,1.7078034545592102,1.104069878251343,266
268,1.12000387839003,1.6643944980957075,0.9876850936146244,0.09933170672732672,0.17528769539308442,-0.8663516534666251,0.6867696207094272,1.0556019976405104,267
269,1.2275876263490646,2.3972542672434427,0.10601605678233261,2.1287798402508216,2.025292674410009,1.9413336348880361,0.5039685723218704,0.02731608741835001,268
270,-1.678782525149089,0.815516090207931,0.7839659747613895,-0.3681366344567065,0.8727765440171992,-1.914901612981832,0.626879282757698,1.7228427052572057,269
271,1.4119070110295122,-0.06372638721385293,1.2405414449288894,1.2773829638186083,3.4579477419915583,-0.8690705228594104,-0.8796394272673649,-0.3381397389991787,270
272,0.11430957031225708,1.5224218435315513,-0.8680615965344844,-0.734973753159341,0.710425740043964,1.2896454879421015,1.1947220899862039,0.6905254543411552,271
273,3.095681193350012,0.04397678902229274,1.3784159340166078,0.9820016375098146,0.2793905142261408,2.573734347156983,0.35535967363812304,0.7688993818804599,272
274,0.9875718476891563,0.0260327759091169,0.40252826901237837,-0.10841077496052787,0.5862176786534238,1.8350946264047874,1.454250550516214,0.8599073810178891,273
275,0.5680552969176643,-0.19136768648680857,1.389887852696549,0.7536549907334298,0.9178441847550327,1.1978984671904627,2.0373551884105674,0.5420912918787446,274
276,0.9336979389802917,-0.08636342953488829,1.636363012097973,1.2984957013966847,0.482581243027127,1.4866235795355298,0.1827235984765727,0.6488685158882147,275
277,2.2384959331534713,2.319888976157565,-1.5996603517519579,0.7063252726472151,2.6061620750032137,1.9563416654631216,-0.4730489910661826,0.8884887647090642,276
278,2.2781463834423707,-0.5489897821242793,1.5584728143814686,4.09763820625453,2.100853058228837,0.17751508140893568,2.133691048144467,-0.6902405938349554,277
279,1.4644954810170838,-0.2896856880801977,1.5880999792153747,0.8863242755412464,-0.0947704208108755,0.8159141978934817,1.6949776844430733,0.7808820185196541,278
280,0.29493649240567,2.1435042183351523,2.531501525601956,1.3568316477691167,-0.9454663358982125,-0.5181370079781722,1.2298916483477218,2.1409322922141656,279
281,1.9742685841726868,0.004768739305655245,1.3761363376090405,1.649707494300523,1.106371521197766,-0.2824432135157595,2.6645981991187133,1.9636260385586892,280
282,-0.21406865795808794,0.780740041130036,2.0996585694847365,0.49937559870045445,1.2638879038257214,0.8115265224530888,-0.05775081863160225,2.2004813664326655,281
283,-0.7732347606201262,0.470743752222734,-0.8496564080023228,2.7224807079755946,1.9320720211423454,0.14155895452155165,0.7436211965455002,1.2302450768478241,282
284,1.2412152194919468,-0.8093269775617573,1.728590434793579,-1.1865689497538643,0.5963973991113467,0.5791706577553,3.4985218980296047,0.5403351550846645,283
285,2.0111977898938083,0.90056751407649,0.5354705199945994,-0.5888361512362634,-1.1905211580041763,0.23408755988261587,1.60961673666091,0.22951831627556263,284
286,1.4031815144225266,0.8305348270708479,0.5591653021207452,2.6637731730723417,1.6567423174308877,0.577716546872026,1.7841721888853395,1.8029463669093433,285
287,2.7802878137601956,-0.3832871027494309,2.195798036205444,-0.5204652816017792,0.21221708311881393,2.003846297012359,-0.5909064018163643,2.7314863614797504,286
288,1.5705744058810378,1.1716753337264478,1.57516735773443,-0.4796054624658108,2.329937712397064,1.1204963637299759,1.9354788611048086,2.4304516717289144,287
289,-0.012057108455926668,0.5858916907925626,2.3479294154644794,0.37112545480654613,1.2096670985383182,0.8583958955924972,-1.4839431214637013,1.194548927235963,288
290,1.8631098067574845,0.8728821265615523,0.13191039321181963,0.04928568703630809,1.6778066523384139,0.6733860926305101,0.5454928208747639,0.9890284291894405,289
291,1.4310027389811197,1.8935618756430312,1.625357397606055,1.2811889447156135,0.1453530539876713,0.9872292345778159,0.15732033861094397,-0.17244128427955152,290
292,0.44969110961871506,0.5334536671897034,3.2978506876022373,1.894241015019582,1.279739609940399,2.205227458634365,-1.1234219680618618,2.4820832586531614,291
293,0.3935898644588104,1.9067159080471368,1.3347367263632997,1.4849228164883501,1.0675677486674637,2.243179005522801,-0.382885273051647,2.0151598907841284,292
294,0.9913114566039527,0.9194921689645889,1.0748119759030714,-1.1126219167351987,0.26916000223225267,0.6418286191279667,2.9433038440708765,1.2956308926845004,293
295,1.9934818767245912,1.7898254652835415,3.409024905644221,0.4276590352207533,1.993008580197387,1.9021680212090173,-0.47294503642672514,1.0476430884849475,294
296,0.402484467721294,0.26634357425853195,0.7974281821064917,-0.12378903351988102,-0.21299692181275387,-0.21093919427108743,-0.18973951065799088,2.5741273738548305,295
297,-0.14232123085597803,0.4958714247953917,0.8948507256290634,1.7735852494212039,-0.9081361883979349,1.0716958802035528,1.2345501530701821,-0.5518248682506646,296
298,0.15986529435202124,1.1008058120586335,1.6187093163956277,1.6109517082598135,1.710594361708968,0.5821213151298141,1.078979840976774,0.8725537619196975,297
299,1.0761408971124742,1.1833332418570437,1.2678160707589492,2.9673960514383966,-0.08524098759279863,0.07109534853179011,1.6004588765206096,1.0134714639631033,298
300,1.6252081504032314,0.5128532836061903,1.3022083573126773,1.2400424723349541,1.6978233359212562,2.9665187534816044,0.20560541506306096,1.4625606585070963,299
301,0.7454569266478768,1.4146429947580068,1.247708052168552,1.8089889309980594,1.402647452183012,-0.09377430260796848,3.322283927490411,-0.28769878641157387,300
302,1.2900503039012818,2.78033951123688,0.4821429781533014,1.76532256671178,2.442169165650633,-0.14112141761899322,0.4076874769777836,2.2808548565671423,301
303,0.47440792723095626,2.1313094136681814,1.6776901239001472,0.7849556341942333,2.0613263952674856,-0.22260454469032753,-0.3180645366172028,1.4736145531163178,302
304,0.8593792422164859,0.9822971793711529,2.6579534409245444,1.2188189409186758,0.5722283386520486,-0.461062914253916,1.3370902648957255,1.972966143042755,303
305,0.7288785670130451,1.1057827954466575,1.6962880610507654,1.9712974770253227,-0.5155018389857378,0.49654622598554066,0.8460936352301373,1.891023903952652,304
306,1.6522898191106519,1.034024766643926,0.9442865510614464,1.740880518276349,1.0075431663772625,-1.1246453886682968,1.9080706310769184,1.3979190655839062,305
307,0.024945307723874266,1.5727414934081234,0.37599515006049433,1.7268470710305532,0.6880128731573272,0.37237240115433146,0.13755881651498814,1.2452091458858998,306
308,1.9230639888925418,0.8668126514120672,0.5677423549682528,-0.1574182118451315,0.06393821060332028,0.7930437570439514,1.8443040133733513,0.3139529230096133,307
309,0.7961223008058608,0.11231175125048642,0.0903955066097365,0.8632416268899684,0.4292576037552229,0.7728839560918899,-0.12883647453331215,1.743077391090261,308
310,1.080197825410914,0.11195388823222274,1.4803460672278292,0.191133833062893,1.129000094055468,1.0033621423207906,0.4611433943191182,0.4209806077903885,309
311,-0.021726584753123168,0.9283800743193031,0.8147826960676896,0.22752213260136167,1.2346037028251473,1.6145615523748869,1.3402876439314082,0.6815496649681329,310
312,1.186284920215844,0.6342480100421003,2.801981260133118,0.9395172837931515,0.18634070347622,2.083630969573493,1.3786495496990194,2.155209588685237,311
313,1.4561143354301316,1.0963151071417445,1.5774992140680713,-0.7813205322510701,1.6141198116973872,0.11658663018297821,0.5574801277732364,1.0530098189864667,312
314,2.0275045344211797,-0.1749827355314748,1.255302488874397,0.013087791285501416,1.0980311358110246,2.5731304214067006,1.6056733475201226,0.8984779945054119,313
315,1.221792300673517,0.892251038956064,1.5515311098603837,2.0879519460444587,1.8374780460167321,1.2847975096259159,1.2324952703187355,1.9653516000091085,314
316,0.21683297609608887,0.6830606480959878,-1.758776881161931,0.970949660351009,-0.03299762245743576,-1.0038171728716438,1.2044359776317295,0.12732721573760108,315
317,1.160143865865563,2.030297484859892,0.26809966894518866,0.11236560313157384,2.6432417451285195,-0.5445129794578949,2.112938574318111,3.1932349516819913,316
318,0.34800810754531875,1.746287262622078,1.7969454999727001,1.9371046657981896,1.125160250160538,0.3827783239763298,-0.34538279449799014,-1.5736186620482226,317
319,2.6121322487426815,2.8296807871874643,0.5207481076363217,1.51233376699795,0.5495829739543918,0.7986931905324152,0.41321620437985784,0.597965631310264,318
320,2.1618985978118674,0.12131517918444679,2.675936817307668,1.6724179287707372,0.7049136240221876,0.07347245667022984,0.34400818967727265,0.3660881893504936,319
321,2.217884929332313,2.428329373062069,0.5075954619292093,-1.1560465015645702,-1.5115119103643235,0.42167619421980385,-0.49879275368394493,0.867463704493191,320
322,0.08602268247217892,0.6318278995577095,0.9198754883018974,-0.5348504790204647,-0.5812533262426374,-0.4225232315962808,0.8785432918837692,2.5265997722369447,321
323,-0.6447114204312123,-1.2919457173883164,0.5762845042117908,2.0536135776993594,0.16556094030834378,0.64733184750058,1.603238299836186,0.2647667115838471,322
324,1.4924058603267618,3.012167199047243,2.2245674572800804,0.1997788782804334,2.341056780541429,1.9909897355172734,1.418877398075488,1.4361250425926053,323
325,0.5353873058584375,1.2322894445461143,0.4955831651807302,1.4940528601392886,1.1121802077835674,0.18096483679081543,0.962683818681447,-0.8457770438028611,324
326,0.8892786935682974,0.6753196210940087,0.5107075410197531,2.6500015373037393,0.3062466365104828,1.0969242774381063,1.012312557565497,2.16196655981187,325
327,2.5956289559690062,0.3417449921333887,-0.7167733834161512,-0.1781801573597246,-0.503415530755011,3.0942820959032487,0.7522464021449939,2.001921997082878,326
328,-1.1277856202908865,1.8870895255055866,2.3560519816266465,2.66484888355139,1.8365056640464466,1.0384726201202912,2.195992161936649,0.6952034889011991,327
329,2.7974308586676075,0.6292783780866456,-1.4060382964979534,1.916981860898753,1.1100623554526257,0.28981366262817443,0.1172444965565238,0.5510601696626167,328
330,-0.7368874497568527,0.20990670303073666,0.11140081123622747,0.5089614128589203,0.8240862814398457,0.2662874590076221,2.0885973563604567,1.7192371662997072,329
331,0.2520969054794028,1.393993133144892,1.140719283597337,-0.9935643767587612,0.24358843954756204,0.6032208339058489,0.8427674836826127,2.5364335071791655,330
332,1.6469319515657346,0.4156711180421676,2.37265901324994,1.4195202779495468,2.7032854024798842,1.7259324860910428,2.7624003733986946,0.9637826816849957,331
333,1.2803547282779433,-0.02919796950013831,0.8642891625481735,1.198966445214373,1.0099018434750109,1.087787269174688,1.8723880085417086,1.1208293428552856,332
334,0.4104643485776712,0.7988524342638622,-1.7762148729124299,2.162515457273008,2.1762098719568295,-1.7573307282990673,2.7917020834953417,0.13160745320140932,333
335,1.6137128833524954,0.2102474327731495,-0.043172690513254786,0.5224750323756925,-0.3729680266884281,1.218451531236405,1.4173193469219048,2.526958425333448,334
336,-0.4978804530899572,1.4236194833157343,1.8956616516398612,1.5948516477368675,0.38926968454883926,0.9964149046690046,2.589760245324701,2.1312095159690196,335
337,1.2614391713696664,1.238779298323,1.9623271156692812,0.2035615316899474,2.0550787458633017,-0.9786870862543604,1.3666442718983658,1.4717953973949967,336
338,0.6120911247857949,1.3521632905809993,2.2977301622477952,0.8467751132889607,0.519078756180647,1.1310325071222693,1.206085796455827,0.36374729682556495,337
339,0.8782185958056599,0.9562335743893897,1.0224622806412178,0.35322765846229764,1.3389397549539332,2.360295015700528,1.2562530383367951,1.0394331917267925,338
340,0.6833464158934937,2.3984231110467134,1.753729918326019,-0.5443204064464728,1.5994383895556041,2.497277975074647,-0.35227575566646596,2.24838219430507,339
341,-0.19746030193765485,1.3480627314669589,1.6051658876771808,0.5412818337864853,1.1030782235741485,0.7529865544142935,2.3277516378194467,1.7892182790489228,340
342,1.5633700534729824,1.4132681643798388,0.2516153461712295,3.055669278674407,1.7588415410742955,-1.2561407445653257,2.076331510461103,0.2734712669799063,341
343,1.201993614599802,0.5688846752130418,1.1366940198329833,1.4197904838635482,0.5833686964599283,0.47121783968684616,1.825470980185911,1.7352625384281806,342
344,2.436254431442825,-0.33939562951762214,0.8002668950864846,-0.9461790472253568,1.418791861947898,-0.0033985200159398765,-1.4084161404859783,0.00206540148169998,343
345,1.8324350926097424,-0.4857476596905659,2.039095916275393,1.3959412476909048,1.575162256595225,1.0083710611988472,1.9444708688025254,1.8504477038688794,344
346,0.9008588310256491,2.8513011141277644,0.6795867399814783,1.8180316408811228,0.8299576350383604,-0.6594507813008954,0.5434905264585583,2.372984088311527,345
347,1.0729237972717414,1.1596271361576305,0.7479358937755229,2.764692597919794,2.036866435728509,0.40451720392139734,1.1347692623984473,0.7483431573128841,346
348,0.00992304527843113,1.7641399702401945,0.3256311187123181,2.079809876266699,-0.3604028907842247,1.2556834836893314,0.9009890557936975,3.585038966331746,347
349,0.9524133170426834,0.1673739709858384,2.1986109884362213,2.0910952914376457,-0.4113608205781796,1.7614118083944472,3.669800723195758,1.7990623056812856,348
350,0.9678940845938275,1.5917751291735227,2.1293730255533347,2.5417804571640596,1.5915848793140137,0.10580385206857934,2.5187361385767444,0.8543470280479193,349
351,2.125465933386839,1.5036267203063094,1.4522093957792699,0.5993692352550475,1.796922913738041,0.2188817739541321,0.4371898035927575,1.7538974458204843,350
352,1.4959434809489598,1.053646821372816,-0.1990346610549507,0.5893098513319877,0.4760394384542528,3.7661457520884056,1.4939375983426821,1.51434421058498,351
353,0.3617393988811384,2.6806315347829823,0.43220629861818527,2.010149846536293,0.6904483854321894,1.9900861530010254,-0.013000956602832625,0.8862219315025741,352
354,-0.17605594367352784,1.231916560096339,1.4330875781454626,2.100152656218123,1.2485109470908362,1.6555570965610773,-0.19279003688226992,2.169469983709977,353
355,0.08886182824833311,0.2474290007047184,0.44365455831386336,-1.1310278939080245,0.2951576814449133,1.9495554810080211,2.552520959018206,0.7759723123835733,354
356,-1.2825654455143756,2.914285098374654,0.9423500788984072,1.0185416624411205,3.0266034348664297,2.300512261322391,2.560256818278277,0.08181066799075365,355
357,2.2030324443731866,1.7258786718116657,0.6779688386441411,-0.07504663000850753,-0.3909717364111467,0.7904402249018775,0.8238290259787825,-0.034668574760843285,356
358,0.10053439248047491,0.8143786711559995,1.2591455932515818,1.6507380136395664,1.0539454284701675,0.5904735588777744,1.2288841461855302,-3.0259792296465244,357
359,1.65335557285917,4.905453226486456,1.73840838216563,0.009278198601625709,0.5468032375517866,-0.49563423001357565,2.325692441784793,1.2353551114774792,358
360,1.5770641537303676,1.0968122532327027,1.417105574501065,0.3167516484610101,2.818832059704217,1.3916269420945173,1.6792585185039424,0.6958774900010488,359
361,0.5956147887291352,1.9605358180063175,-0.04058476742362549,-0.7324053137902953,1.5494865626875196,2.3240660919561793,0.7660001642886507,0.34140644223539063,360
362,2.0608581859818265,0.4526725052568097,1.47000669089273,0.26707877841208405,1.9594099648357188,-0.2904956338817024,1.0106739430741452,2.212288786364404,361
363,0.9083403202002229,-0.6427902059995589,-0.033902283998941574,-0.7109997080667534,0.6655562306436799,0.8638647079617275,1.4128512697917963,2.0688311035335643,362
364,-1.1301738525500489,2.117363100470759,1.1052483373870723,0.5770036415678069,0.29293422778412725,1.5582247747302758,2.450863345205515,3.080689462039011,363
365,-1.5270751817961195,2.448379213246029,-1.4395189059093383,2.398875642722758,1.964618386665102,-0.06579856958867691,0.5986281094419184,0.6761869792368389,364
366,0.10221255158403364,-0.023083336552115474,1.793888481481242,1.4849744330247174,1.086538441110899,1.1365843952690367,1.3270956716384577,1.1628288143404288,365
367,1.4263103245923987,0.18758339367023324,1.3502881516840601,1.3667738889937984,-0.15766722228241337,-0.6905694508225797,1.6741421500522784,0.9116575298887335,366
368,-0.709711950129833,1.6801742759217746,1.674365231676548,1.3023990787275517,0.8471566679394619,1.4214156887494778,2.6293741881792503,-0.34983294952268307,367
369,1.9284289234344762,0.05180044376808157,2.0497161437786473,2.3954298131997764,2.858855418522438,1.4209085055392805,1.2175617819684479,0.5802425562555611,368
370,0.36631440003296756,-1.2725734084610898,-0.9932983227180789,0.6856826216821852,0.9354987976472752,1.7432454034973381,2.458243539753114,0.9515249424593891,369
371,2.011086045050193,2.2393592815993713,-1.316991756582453,-0.7129259438112276,0.48111926999835797,0.7778615947026498,-0.23857926555037534,0.12406828141153958,370
372,1.938375169573125,0.2144884798052844,2.11479457842791,1.7314064750451084,-0.4354439724810988,1.1299280459919834,0.7150191574690904,1.1020638169378218,371
373,1.7366928662087882,0.7135672418129801,1.7434788459611896,0.19357003334713663,1.0054930791440284,0.6169693334858597,2.7631217543747573,1.1924538731720271,372
374,1.1748239384463122,1.7968317492508619,1.5875956595363505,1.63277849365288,0.9186519749800329,0.780090117682434,2.0754228515323874,1.06133856178894,373
375,2.908454129057258,0.8376734469531704,0.6496623605076883,2.1676314395374012,0.4559518879003118,0.8810629415555037,0.7682325080726791,1.8343047313344738,374
376,1.5659960848946686,2.0284624607284707,1.2456746967727845,0.9022586522682089,-0.43299358959284273,2.071346656038926,1.0274440532482487,3.1076942763412636,375
377,0.898804012723153,1.3397658180585392,0.49695695051263633,1.850039662534333,1.7100122027629991,1.0737472441293652,-0.1635344985504814,2.2001228445527072,376
378,2.1821215002838192,-0.0029951759414985624,0.22509527979162902,0.6813156456839338,1.087284579464684,1.5439636568899338,2.039192667515447,1.746739320540938,377
379,1.5004265739188767,-0.5484661872836203,2.079477046849462,0.7845433845096375,1.790014402865889,1.520330004940706,1.0259130396886493,1.7628612641058545,378
380,-0.25592209519042974,-0.7290471580665911,0.474240580675771,-0.658285340564531,1.1454674974852617,0.6884997908359993,1.1052955330665746,2.1438748598627613,379
381,2.572708058215041,3.159450355041675,2.640834716192706,1.8371797773478793,1.4389637061885565,0.9114187012982439,2.1206920832652196,-0.44446812461370255,380
382,1.01047529151279,1.772692374124313,0.4179043859637922,1.2874560555329935,0.6622411109130268,1.9277504498510665,1.084107043304228,0.9758121703925351,381
383,1.2946363015925413,-0.43643630276185075,0.205439001738285,1.9494828083080167,0.14756038829044582,1.7825336300475207,0.24141926891154253,1.3091388868880627,382
384,0.6283494837487378,1.4848677869979015,0.07233174032523726,0.557609380256554,0.09857363816979281,0.9113094773992014,-1.070878013914795,1.3386845719275704,383
385,0.390194713911578,0.4281328096762901,0.771111637038959,1.4751045819911064,0.9689067335767909,1.8900486804023071,0.6373117224551177,-0.8056477016411419,384
386,0.3856236039569434,1.083358612230041,0.7811993736300527,3.684133036456304,1.5655406483786272,2.297305406669736,0.2533102225686502,0.25498054560068395,385
387,1.3269059131638885,0.44738039233480253,2.1725715485468475,1.6495230141147452,-0.913888382592019,-0.5336257829181459,0.5696546453276112,2.1700704455239883,386
388,0.379931000885409,0.6995812589940681,1.156387776396959,1.9223801698534047,0.9230891337798401,-0.29789645137964094,2.266380399031141,0.6225686653357719,387
389,-1.331186842112599,-0.7017897400265185,1.1963627482559553,1.9329646390615909,-0.5318642268992029,1.156973548090307,-0.2291595906169137,1.2039086835059378,388
390,0.5276255694853581,0.793560208336962,-0.3880331698119155,0.4645102641518155,2.392919014977839,0.7206271655282523,1.5616579381074125,-1.1273307287133263,389
391,0.49909899911014755,1.2457054981546543,0.8556997183948409,1.2205858435368584,0.14689929164241688,1.4902970435472989,0.7897603100584741,0.8119781018494826,390
392,1.1679034010804732,-1.4669511921067921,1.9490060588375198,0.7068584657141994,1.0044379207676222,1.366835735238193,2.162704321493611,0.0978294898513773,391
393,-2.013533665135959,1.3048734671676874,0.5026869140297577,1.6220766998002785,2.163099174127831,0.6251498084606409,1.7818541130652972,0.22623358381321224,392
394,0.6199017729538892,0.8205944283410009,0.2161267144392196,1.7360855220622184,0.8590587524562436,1.4839840541451355,2.4218542898403697,2.250628856433611,393
395,0.934090775270084,0.4864039157054455,1.4417206276931547,0.5859401444240314,1.172649878310826,2.114368083156898,1.7619363398167667,0.9377176322938893,394
396,0.521231435770038,-1.1752330038327323,1.9240413524460895,1.0821960476011943,-0.8399518694252248,2.588602061303199,0.464620495102229,0.21716419483309835,395
397,0.8948832422595907,1.774282943750158,-0.010594487667271446,-1.917301639676833,2.452507337336091,1.4314646674758678,2.17925086594375,0.8495395952756649,396
398,2.1322565457461975,1.0238629011150915,1.0485191275954833,2.213323174834872,0.5271651026401616,-0.7194918830085582,0.7397265747443906,2.0736140554552778,397
399,1.3924717190231366,0.44497869438653737,-0.4440826435229015,-0.5314218405745463,3.1085472121507554,0.5596798624897509,2.9105028110975444,0.7109896151207796,398
400,0.9525880108280099,1.0652628526072556,1.1353407781436176,1.1617189620782291,0.5339915310392909,1.680258000514907,-0.29082031293451993,1.324311391210248,399
401,0.8843265967480719,2.4408247428385117,1.1151082253141735,1.2450597976778845,0.7203724671448257,1.2402259049915483,0.8982047511307284,1.6731208137931393,400
402,0.7279804114257244,2.104221577168153,0.16288740749296515,1.1076215948780406,1.982690848490317,0.6372587409500858,-0.5973983792055253,1.9676207438250144,401
403,1.96552832680152,0.7439187198813104,1.607759513523849,0.8306901717162851,1.9334577662234358,0.7035381384220125,1.9400864534726878,0.32444891452234703,402
404,0.32452609930495313,-0.3854443135577674,0.12176531596570928,1.252979757998093,1.7196441859026546,1.3950252812977508,-0.34778571936682856,2.1786805805639986,403
405,0.8167381599584296,0.683458826168744,1.4387372860781267,1.2283176115202337,1.1994744827030748,-1.2706991569710584,-0.3316569046851914,0.45098880904870664,404
406,0.5885415484892138,0.007638333922954987,0.3782237030725848,1.2645625899057227,-0.41198460014602967,1.2600766547048745,1.8683417709405483,1.2691719073102445,405
407,2.348167084774203,3.567184483808985,0.2855959723215663,1.7828979226131505,2.309592054050979,1.1283337066312684,1.8879726988470944,-0.020898472230439946,406
408,2.107451833016415,-0.1670486580662538,2.354740606239321,1.300119093333436,0.9003376477396652,0.31246391714369015,0.35302130889575645,1.0088572963804445,407
409,0.7087855273495169,-0.10260147637802275,-0.1303153881713337,1.561203985845482,1.9511904712603072,-0.284025936089807,0.26858720187233354,1.0250426774256949,408
410,-0.16431263438263533,0.7417286666719041,0.6585791336829527,1.8165171397276236,1.450094006287066,0.8056111387496494,-0.11957044287162888,0.5209568331862289,409
411,-0.21693358298105792,-0.9108956757243951,1.3394202834417084,-1.5070227485134216,2.2348776263480175,0.01838466581377385,0.5424671238776507,-0.6746608658533346,410
412,1.6859443673972065,-0.25471053996247695,1.888084069093021,1.6736912525633152,-1.7627851383414663,0.633210287198958,-0.4870477560219446,1.9254983916398727,411
413,-0.542476171443482,-0.0370377021724122,-0.5429001082052438,1.6923325506851685,2.2225573316508695,3.2766477370333367,3.919452073513669,1.26817712617256,412
414,-0.23870252591686802,2.322540627421428,2.8277525896706672,2.703370932986493,0.834653238610199,-0.5929988543490807,0.28330833465481864,0.5241406824664231,413
415,1.9236904997908435,-0.28908567703266375,2.212979311397824,1.5925362727888555,0.037111060978842536,1.2689321137077407,1.8731338005412375,-0.8530902921113617,414
416,1.2336681568751175,-0.42576942513220106,1.233731585720323,1.0818872566026976,0.9315655642182807,-0.24030591654987576,-0.7055962463255574,0.8150366569537354,415
417,-0.6187439871881921,-0.7904225802552085,0.9733889647394524,1.246744313067555,1.3421377608869114,0.12360682393888789,-0.032762993794281936,2.1194751880983045,416
418,1.535170917130792,0.10517289214884284,0.6841092278487584,1.6205744812544913,1.248430855083476,1.9978289722040146,0.6324005140914195,3.225514137443221,417
419,0.974064310283145,1.5764363766444431,1.166215046260436,-0.20750279136642535,1.0898987779575007,1.0816021448439828,0.8504003345583786,2.4937048578690018,418
420,0.4489191669589999,1.4664511565356393,-0.2912232016547711,2.1016430120457787,0.1057187855544588,1.020222143192536,-1.1760030859843136,1.6735826970334409,419
421,0.5900079393106143,1.1066535470430292,1.1843578647031914,0.7299767450561752,1.819308420666454,0.9793487913947078,1.7085769801165989,0.1157201703433709,420
422,0.7190677771593514,0.9253461020396277,-0.7393657215219507,1.822369953074671,1.7705223222408004,0.36241000330405826,1.2033188328961746,1.6836995162365032,421
423,1.617344446886413,2.1441034259155654,-0.16427041105428786,2.7960745439395267,0.38368936757294125,0.41128515000355037,-1.491970034769373,0.9014143407993533,422
424,0.5327043327487445,0.7239947085706667,1.4861589426003354,-0.2818877979727845,0.6551486761056516,2.3348951336786903,1.0665624852349447,0.8506157806826995,423
425,1.005271337889221,0.9318013474060672,0.9567913472965849,0.8658861346885369,0.6042654778308386,1.3342201048280509,-0.07092339354453792,0.9375909014661613,424
426,-0.051334238592361414,1.9625814423128876,1.4885842112075027,-0.15879697281399952,1.8474912214636994,1.4095439285883777,1.7443556980172614,0.9332387728009077,425
427,1.6901019404788358,0.9902356737300692,-0.3200683984695518,1.502322643850295,0.019633355780926065,0.9849292283363023,2.0269735425114366,0.8526539676691183,426
428,-1.358303716954337,0.839996294144034,-0.8670788855974789,-0.317676679650045,1.7290067370269546,2.8925336965749366,0.15728689730127154,1.7986458357630906,427
429,1.5453366384397007,0.3941992787731228,2.372048711879236,0.7418497949914602,0.7685603241818977,0.8728451885230651,2.9983251925676546,1.2487970597904614,428
430,-0.1741986664314792,1.522002210731067,1.1286434209204768,1.1537862832604784,1.8455926445921733,2.436236274889138,0.9102864802872013,-0.34469834753735595,429
431,0.5946200785664095,3.8704431807361033,1.5552572176390203,2.132972334868655,-0.2482497743529024,1.548723885010784,1.4177276339290195,0.9295241754824537,430
432,0.05198795058560901,0.750928960135715,1.6782524915987116,1.421525017935636,1.4290991596921148,1.1213484373086642,1.4928796023917794,1.5278376508629168,431
433,1.7203047261437239,1.4132826541754733,1.0019700638941607,0.3268863279661487,-0.6794821565209226,0.6824943260783666,0.8035455090999237,1.3115728041886472,432
434,0.6252812813606164,-0.5731530857263021,-0.4137950590896826,1.3340063574583803,1.9680388253352807,-1.168192954878041,1.5212493166619978,1.910090143202548,433
435,1.2122299607326072,-0.2986948032544119,1.0911311732042486,2.006502763137716,1.839344843094379,3.7220313688438758,0.22089906592067554,-0.30690576817346615,434
436,1.4330270946646135,-0.31030733336490024,2.19883411033641,4.048963469006857,2.544598461845965,-0.07220017431056047,1.9723917010408798,2.5405517971073306,435
437,2.407249862342817,-0.26949655761586855,1.3646792347966614,1.2207110349232015,0.8630122120270274,0.5345315749829566,-0.05823829985998574,2.2997433227659023,436
438,1.9938198350044076,-0.36860381694591116,1.146283954463501,1.9043260735407048,0.8099791711851118,0.49268126616259955,-0.28798677510972426,1.377734748992688,437
439,1.3325829533636275,0.6788254852320965,1.340648156930157,0.4478021974402584,-0.9444293801027615,0.9757828020421987,1.5917939823879432,-0.2651131151539845,438
440,0.7096733706376852,0.5354410674078642,0.6544469427789021,0.7974635359603043,2.2938797537370923,1.2377316303590444,0.2849966312555021,0.3197218895684196,439
441,1.497110487414996,1.9706891782548621,1.4282897474386678,-0.2930877899190747,1.4706031713989542,1.3448328970552983,1.0362943125761608,2.5395338376140435,440
442,0.6521431185743385,0.764356883001401,2.6952813814175407,1.397228204546104,1.4265340068509211,3.097701364120631,0.9692066478887368,1.8925470624576404,441
443,0.3738481764312722,-0.2656540745884097,3.1251770017418563,-0.006771513978341748,2.133060625884726,0.8851892311012536,-0.06565641359031948,-1.6230580756397832,442
444,1.725223314337347,2.320412295729149,1.6566982783052602,1.802654125814417,-0.30410626800508345,0.9195798230624613,2.465536153645137,0.47210289100945013,443
445,1.538467781551197,0.8064708050065609,2.221922800142269,1.8899059799987312,2.09545295358875,-0.7292157039631633,0.44185150843147003,2.820759576770161,444
446,1.6966189244510455,1.739084974485578,0.367094886210501,1.3269224383847618,-0.800736264065474,2.1454675191472967,-0.7582759904797669,1.0794603169429364,445
447,-0.5235259995182631,0.8056942258853701,0.48496265873262734,-0.15433457730420175,-0.4083355691714272,1.7192607874276609,1.589952544603938,0.5843082648883606,446
448,-0.5625571727048622,0.19675200446357577,-0.7714657175809247,-0.4023135415898924,0.31971257345883053,1.4033103098564952,-0.6528927329176675,1.977861384403508,447
449,0.9636673941527324,0.11251123141054187,1.3898804061580612,0.08901652528184767,0.45279711614962104,0.3304456688703341,-0.8824696691572635,3.017749393923641,448
450,-0.025981215838566607,1.4525390618688414,0.7486234678399641,1.9233040525098923,1.4253587796919636,-0.17825329803127654,0.9912293894201747,-0.07702328635504085,449
451,1.2760581196867993,2.6532712998084147,1.4566270313788818,0.7953895128079957,0.8606433565529592,-0.7573406236141704,-1.1524443093089385,-0.032103751210501574,450
452,1.0757618542110507,1.641015768534716,2.0209333866475676,1.2925466007988324,1.5336993244993713,-0.4859584968716961,0.8931183272187775,0.8830529854397681,451
453,1.4963212857052486,1.7211415728653234,1.9467507698401407,2.2198388292095896,1.2970184569780125,2.33235335262583,0.3617259312468585,1.667382286156817,452
454,1.843220669487132,1.1056661956888556,1.8825871289263452,0.7539598961470446,0.7564650493394108,2.087447575937965,2.2811190301530555,0.8668485112342452,453
455,0.299185927676194,1.9556986416285893,2.1168330199072605,2.1679487323626025,1.6891307791797763,1.0188806567219673,1.2967113961929013,2.846211908197812,454
456,-0.6012123521797901,2.734500819151897,1.0070418053298558,1.472441303774187,-0.3650534925126556,-0.2998262839385357,0.7679982557709144,0.6677122219289442,455
457,2.2949930108187604,0.10986334194142111,0.29932355712729997,0.66338679581072,-0.2556067411980385,0.2316871708577387,1.120472615415173,-0.3989176871760227,456
458,-0.44679331892483765,1.7000895790515593,-0.43307412641842724,1.7762190435682612,0.9052922144713056,2.524193866192284,0.43386055364970966,-0.3101943478108895,457
459,2.2793300380137027,2.162023606894741,0.7635208551858312,2.297096125201265,0.087239172937005,-1.5361756221751022,0.9836177929203773,1.4414974709743609,458
460,1.3232154960300402,2.491220999230938,0.712710312078492,2.7956902687154246,2.0988826377856955,1.3254899335980563,1.6311978932882867,1.6760380208958048,459
461,0.39431412020841206,1.9498287381565786,1.9332541400689678,-0.30597630942318155,1.0575254589124972,2.227958304341163,0.9533210647210576,1.8433601113081899,460
462,0.45656922543394707,0.8698481320347612,1.5060051161066617,2.253149561690254,0.7905388671859372,-0.6030670944087089,0.9768136020283176,1.7452164153473302,461
463,0.16039734912503012,-0.30718964321767817,1.9644878019627732,2.1185110872977337,-1.0267712518090852,1.5210145461112785,3.6816190677107117,2.228554061607081,462
464,0.7203897634115666,0.6014201028170926,1.2419191559558551,2.4892362686567675,0.7815967685710402,1.416577306259312,1.0336082626423166,0.28320023664550253,463
465,1.4949663722511601,2.421491781746867,1.3194030626362523,0.4922836110555444,0.035550883385014886,1.907218606561154,1.3570870009057603,1.12397234737043,464
466,1.6700858332645945,-0.23881472499659617,1.060632070887984,1.4183227554629192,2.3664194698724907,0.2695251807056057,0.2469532302528077,1.5344723666668003,465
467,1.2350151331962393,-1.423736781368964,1.9649872453192656,1.6647367902851287,1.4861407830877291,1.0541538291651218,2.4690806247378627,0.43234427672360065,466
468,0.010826122531093274,1.8560049601718651,1.2166721069337305,-0.6483584185615057,2.3960671081201044,1.9011148838612777,2.4289313261337746,-0.5358739125731216,467
469,2.368254808080487,0.8492182518657438,1.0919023913210286,0.135954368358307,2.2544029913932286,2.7730267187890494,0.6612220592450362,-0.8176920324932566,468
470,1.2279849177256852,0.9081856658491892,-0.7530479651680095,1.2262308791561598,-0.3359554964815743,1.891944297603448,-0.6591939544597682,-0.8746672881048991,469
471,2.0349502255012877,1.1319115850232655,0.9811745968411418,1.060549270259524,0.4762613353223789,-0.18159172664288925,1.3931532155977715,0.31418428421284494,470
472,0.8082378009477325,0.25957355589351916,0.8364140623734263,0.7735918396001329,-0.14871070162357647,1.521776594061249,-0.8631688318297586,2.104743735898429,471
473,2.0408996073555103,1.8280705142251183,-0.13018507702369897,1.0479145655881679,0.7297319857201467,0.33581733779024214,0.6886574123410181,2.0056190046961193,472
474,1.9539732276936936,1.1411748366166483,0.7488509535649237,0.7739591758437268,0.43446607969267326,-0.17872907632878454,-0.10950913317393707,1.478171663422592,473
475,1.354074802479818,1.4397080151703427,1.430605085342342,0.9177472609630453,1.6983644019728166,1.9882586716904056,-1.027269828761364,-0.16728396597902662,474
476,0.0758803081186622,0.6089423613523446,2.159998765902782,2.4231881332359126,2.6511559558503546,0.11507789880015562,-0.4964451755103325,1.9191374035537376,475
477,1.3557251880627559,1.0657272645045197,0.6425682128343082,0.7065537876245147,0.6757773535954532,0.5856157058999376,0.6436136858253602,1.5575007548767736,476
478,1.2168954501063287,0.9178883401274937,0.1313795195669285,1.746521118670024,2.613729613899145,1.4352762798176397,2.2534107943035115,1.3137480592375246,477
479,0.47204650127262204,1.227328500544096,0.4873664260754458,2.0514673655335773,-0.2383158763810247,0.4194502994667023,1.7993655518882066,2.4858098299837588,478
480,1.1790414971801684,2.2358771380408107,2.9757749844333854,2.2011910104090857,-0.2477365648373684,1.0815710940930807,0.6817174816873689,2.041640766152363,479
481,-1.0875661890575183,0.8515636798731704,0.7888625805053322,1.8089672040014957,1.1802257933433973,1.4758854333243716,0.7570091146348701,2.8511299586902066,480
482,-0.1301048973707679,1.1941541235766933,1.1505975315227748,1.0046187613102908,0.8354266829207229,1.6990557488599718,0.541340605239214,2.686020140146115,481
483,-0.672095252690911,1.9499027747425146,-0.17620360769109533,0.0724745327793882,1.698347405327175,0.0968521907880463,0.4541366209834865,1.6476801210390892,482
484,2.280493586974705,1.4661833637907835,1.7022633682201134,2.5099915272890714,3.1090213338521258,0.0771332139499985,1.4659852683348116,1.1135609085071854,483
485,0.40532493492839794,1.7600859876277013,1.4450087062571366,2.2636900062870513,0.22055886376652567,2.055009085984752,2.484267971428717,2.3086055503650327,484
486,1.437135250392678,0.44750512947951804,0.7582578336160863,0.9684470131303448,1.7244208396636638,0.49562268653539865,0.31914668179325323,-0.22624462729078165,485
487,-1.0781481719252848,1.2190892206887465,0.4748319035253987,0.9202825927619641,1.6356647959809067,0.743003898391743,1.3381516474266504,1.7668791571170483,486
488,0.6106155243217404,0.9502965895056208,0.506284600420396,1.3533917626985763,1.5878043662272558,0.7971243354778998,0.8763892392410406,1.9160118403589845,487
489,0.8704932497860542,1.3317953595310765,1.8487092579858717,-0.5539145782182342,0.9851497164131776,2.1222099267377974,1.12365213255053,1.9431565828295243,488
490,0.14551019981013735,1.5974851719275407,1.9207302357021483,-1.609288913233252,1.116920666433233,-0.46395783018529246,0.234873526405727,0.5265060967796431,489
491,0.3181834498463386,2.6529592714748005,1.4802258942139779,0.7150259230970726,0.991873844338975,1.610992910106542,1.054978714090215,0.6434159781704287,490
492,-0.1543599418943722,-0.850127180634165,2.879047894156647,0.006153331742812185,-0.9719325458460013,2.3151156602144805,-0.20992072938880302,0.9482137175582674,491
493,-0.787504753351534,1.177608672376185,1.2814095325161952,-0.13100538075620682,1.2357460303887058,2.243053368227816,-0.4692817064680588,1.1410289228397605,492
494,1.6791571311470475,0.4269498976023939,1.158591070322352,2.6297982243843574,-1.2484085169191332,0.35520595716364844,2.413457680366863,-0.5590140065191531,493
495,1.5289930725166623,1.412273580852554,-0.020089400352409692,1.0496686665972217,0.7324198932752104,-0.22871355877317168,1.0218772078993237,0.33953126744849027,494
496,-0.6126546364282759,1.3616352676925274,0.5363274230589521,1.1145151189351412,3.0602535904041384,0.968381097207764,2.714989975466291,0.8499780300085298,495
497,-0.00381732492441067,0.4489357546861559,1.1663920442235272,1.6130539428705895,-0.052490876892694605,0.13765265135030547,1.4070247856913682,0.5265503894655545,496
498,1.51832861524132,0.7353351850983362,0.8482001845514726,2.0927090591587953,-0.3041088177830904,3.00728457634212,1.3107579844428252,1.523314029144362,497
499,1.801370232939505,0.5628942847346929,1.4834148633272146,-0.2803808941055208,0.007377647211187499,1.18718792884763,-0.1746348665836781,1.453557432696932,498
500,0.8900356605266366,-0.4477318063298854,2.434551021452321,-0.2111418897215458,-0.21188447475661798,1.9530327610801184,0.5233056353648518,-0.7475822551671398,499
