province,city,postal_code,gender,education,salary,marital_status,loyalty_card,clv,enrollment_type,enrollment_year,enrollment_month,cancellation_year,cancellation_month,loyalty_history_id,country
7,21,31,1,1,75542,3,3,10108.68,2,2013,9,0.0,0.0,0,1
2,24,50,2,1,74487,2,3,5036.85,2,2014,5,0.0,0.0,1,1
9,13,10,1,1,93474,2,2,7300.28,2,2016,7,0.0,0.0,2,1
7,21,29,1,1,84022,2,1,8129.92,2,2015,6,0.0,12.0,3,1
7,21,34,1,1,72970,2,3,5887.84,2,2013,12,0.0,0.0,4,1
7,21,30,1,1,77788,2,1,6929.72,2,2016,10,0.0,0.0,5,1
2,24,51,1,1,63122,1,3,3275.5,2,2014,3,0.0,0.0,6,1
7,21,28,1,1,80165,2,1,7204.68,2,2016,10,0.0,0.0,7,1
2,24,51,2,2,0,3,2,10540.42,2,2013,8,0.0,0.0,8,1
2,24,51,2,1,68788,2,1,8063.5,2,2014,3,0.0,0.0,9,1
9,13,9,1,2,0,2,3,8229.99,2,2017,3,0.0,0.0,10,1
9,13,16,2,2,0,3,2,8010.58,2,2018,4,0.0,0.0,11,1
2,23,47,1,4,69845,1,2,4887.0,2,2013,12,0.0,0.0,12,1
7,21,26,2,1,78004,2,1,8477.96,1,2018,4,0.0,0.0,13,1
2,27,54,2,1,77158,1,1,8289.56,2,2015,12,0.0,0.0,14,1
7,15,19,2,2,0,3,2,5559.71,2,2012,1,0.0,0.0,15,1
2,24,51,2,1,91411,2,2,3894.5,2,2016,2,0.0,0.0,16,1
2,24,51,2,1,71681,3,3,9648.23,2,2012,5,0.0,0.0,17,1
9,13,17,1,2,0,3,3,3691.39,2,2016,9,0.0,0.0,18,1
7,21,29,1,2,0,3,2,2662.28,2,2017,7,0.0,0.0,19,1
7,24,51,1,1,79286,1,3,9096.67,2,2013,11,0.0,0.0,20,1
9,14,11,2,4,85456,1,2,7084.2,2,2013,8,0.0,0.0,21,1
7,14,16,2,2,0,3,3,5755.41,2,2013,8,0.0,0.0,22,1
7,20,21,1,4,77062,2,2,4991.97,2,2016,8,0.0,0.0,23,1
7,21,27,1,1,60854,2,3,15430.76,2,2018,9,0.0,0.0,24,1
2,24,50,2,4,0,2,3,5477.1,2,2018,11,0.0,0.0,25,1
2,24,55,1,1,100515,1,3,5187.7,2,2017,1,0.0,0.0,26,1
9,14,11,2,1,69233,2,2,5259.18,2,2013,8,0.0,0.0,27,1
7,21,24,1,2,0,2,1,9013.18,2,2018,10,0.0,0.0,28,1
7,21,36,2,1,96286,2,1,11710.28,2,2016,4,0.0,0.0,29,1
1,21,36,2,1,55126,3,3,7602.6,2,2015,1,0.0,0.0,30,1
6,13,7,1,1,60669,1,3,3883.71,1,2018,2,2018.0,10.0,31,1
2,3,45,1,1,79187,3,2,8055.85,2,2015,1,2017.0,9.0,32,1
2,26,52,2,1,92183,2,1,5474.66,2,2015,8,0.0,0.0,33,1
3,29,37,2,4,58461,2,2,2747.95,2,2013,12,0.0,0.0,34,1
1,13,39,2,2,62392,2,2,7579.24,2,2017,10,0.0,0.0,35,1
2,4,45,1,1,79266,1,3,5463.7,2,2017,9,0.0,0.0,36,1
7,13,22,1,1,80390,1,2,10507.25,2,2017,5,0.0,0.0,37,1
9,13,15,1,1,94107,2,2,9785.84,2,2013,1,0.0,0.0,38,1
4,6,6,2,2,0,3,3,4840.65,2,2015,10,0.0,0.0,39,1
2,27,53,2,2,0,2,2,11616.85,2,2015,7,0.0,0.0,40,1
2,24,48,2,1,76610,3,2,11419.62,2,2015,9,2018.0,10.0,41,1
7,10,19,2,1,92747,2,1,7208.79,2,2018,7,0.0,0.0,42,1
2,24,51,2,1,59171,2,3,9678.24,2,2012,12,0.0,0.0,43,1
4,13,16,1,1,81233,2,1,8381.45,2,2013,6,0.0,0.0,44,1
7,14,20,1,3,103656,1,3,8693.36,2,2016,11,0.0,0.0,45,1
7,9,29,1,1,85088,2,3,10195.95,2,2014,5,2015.0,3.0,46,1
2,24,50,2,1,88703,2,3,12247.16,2,2015,6,0.0,0.0,47,1
9,14,10,2,3,78646,2,2,5407.42,2,2013,8,2014.0,1.0,48,1
7,21,19,1,2,0,2,2,5800.76,2,2012,7,0.0,0.0,49,1
7,21,33,1,1,68442,1,2,8949.94,2,2012,10,0.0,0.0,50,1
6,6,4,2,1,64216,2,2,5573.04,2,2012,11,0.0,0.0,51,1
6,7,3,2,1,50296,2,3,5530.84,2,2014,8,0.0,0.0,52,1
2,24,46,2,1,90780,3,1,6215.18,2,2015,12,2014.0,11.0,53,1
7,21,24,1,1,67720,2,2,13778.28,2,2012,12,0.0,0.0,54,1
2,27,53,2,1,40864,2,3,3525.18,1,2018,2,0.0,0.0,55,1
2,24,49,1,5,111454,3,3,5514.36,2,2018,1,2018.0,9.0,56,1
7,21,22,2,1,72122,2,1,5427.79,2,2014,1,2018.0,10.0,57,1
2,24,52,1,1,78677,2,3,3014.84,2,2012,10,0.0,0.0,58,1
7,21,31,2,1,91788,2,2,5703.58,1,2018,2,0.0,0.0,59,1
10,18,35,1,3,103857,1,2,7402.03,2,2015,8,0.0,0.0,60,1
2,24,49,2,1,60020,2,2,8148.45,2,2015,6,0.0,0.0,61,1
9,13,8,2,2,0,3,3,5849.35,2,2012,10,0.0,0.0,62,1
6,7,2,1,1,58429,2,3,5353.96,2,2015,9,0.0,0.0,63,1
7,21,29,2,1,63031,2,1,15396.23,2,2013,3,0.0,0.0,64,1
7,20,21,1,2,0,1,2,7398.85,2,2015,6,0.0,0.0,65,1
9,13,9,1,3,98968,2,2,5011.27,2,2013,2,0.0,0.0,66,1
2,24,50,2,1,84389,1,3,3220.18,2,2012,10,0.0,0.0,67,1
9,21,21,2,1,59714,2,1,7813.29,2,2015,12,0.0,0.0,68,1
9,13,13,1,1,85157,1,2,8477.11,2,2017,7,0.0,0.0,69,1
9,14,8,1,4,50589,2,2,8473.58,2,2018,9,2014.0,9.0,70,1
7,9,30,2,2,0,3,1,7450.88,2,2018,10,0.0,0.0,71,1
9,22,17,2,1,68344,2,3,12458.6,2,2018,1,2018.0,9.0,72,1
2,24,52,1,1,59738,1,3,2628.44,2,2012,5,0.0,0.0,73,1
7,21,29,2,1,79946,1,1,9666.67,2,2016,4,0.0,0.0,74,1
7,15,16,2,1,64035,2,2,9388.13,2,2018,10,0.0,0.0,75,1
6,7,3,1,1,95861,3,3,3475.9,2,2016,8,0.0,0.0,76,1
9,13,8,1,2,0,3,3,3850.65,2,2018,9,0.0,0.0,77,1
2,24,51,2,1,77494,2,3,16736.74,2,2018,9,0.0,0.0,78,1
2,24,49,1,1,75290,2,3,8543.28,2,2017,5,0.0,0.0,79,1
7,21,21,2,1,99947,1,3,3630.18,2,2018,8,2017.0,10.0,80,1
9,13,10,2,3,52509,3,3,10593.95,2,2015,3,0.0,0.0,81,1
7,14,17,1,1,54368,2,2,18306.01,2,2017,10,0.0,0.0,82,1
9,13,11,2,2,0,3,2,16664.45,2,2013,11,2017.0,5.0,83,1
7,21,31,2,2,0,3,3,2446.55,2,2015,4,0.0,0.0,84,1
7,9,31,1,1,79652,1,1,25258.9,2,2014,4,0.0,0.0,85,1
7,13,33,2,5,105618,1,3,4585.09,2,2015,11,0.0,0.0,86,1
9,13,13,2,2,0,3,3,5612.96,2,2017,3,0.0,0.0,87,1
7,13,19,2,3,102775,2,1,7595.62,2,2018,9,0.0,0.0,88,1
7,24,49,1,4,67021,1,1,5113.4,2,2013,8,0.0,0.0,89,1
4,6,6,2,2,0,2,2,7034.47,2,2015,6,0.0,0.0,90,1
7,12,22,1,1,67096,1,2,5649.79,2,2014,7,2015.0,1.0,91,1
10,5,43,2,1,79708,2,1,8601.69,2,2018,8,0.0,0.0,92,1
2,24,51,1,1,77844,2,3,2488.54,2,2013,1,0.0,0.0,93,1
2,21,38,2,1,65069,3,3,19937.36,2,2012,12,0.0,0.0,94,1
7,21,21,1,1,58990,2,2,6971.36,2,2015,12,0.0,0.0,95,1
2,24,51,2,1,79962,2,2,35236.24,2,2016,2,0.0,0.0,96,1
7,15,18,1,1,51605,2,3,2666.23,1,2018,2,0.0,0.0,97,1
3,29,38,2,1,74750,2,1,7791.69,2,2015,7,0.0,0.0,98,1
2,24,49,2,1,92478,3,2,7562.09,2,2018,8,0.0,10.0,99,1
2,4,49,1,1,109040,2,1,5237.96,2,2015,8,2016.0,1.0,100,1
7,15,15,1,1,85054,2,1,5020.75,2,2016,3,0.0,0.0,101,1
7,21,29,1,1,52283,2,3,4789.82,2,2014,4,0.0,0.0,102,1
9,13,9,1,1,63022,2,3,7110.55,2,2018,6,0.0,0.0,103,1
9,12,9,1,1,58466,2,3,10006.3,2,2015,10,0.0,0.0,104,1
2,24,51,2,1,85201,3,2,3977.14,2,2012,9,0.0,0.0,105,1
7,13,13,1,1,53569,1,3,17047.17,2,2015,5,0.0,0.0,106,1
2,24,51,1,2,0,3,3,9260.46,2,2018,1,0.0,0.0,107,1
9,13,8,2,2,0,3,3,15252.62,2,2018,11,0.0,0.0,108,1
9,13,10,2,2,0,3,3,5399.59,2,2018,11,0.0,0.0,109,1
7,21,21,1,1,90693,1,3,4770.79,2,2015,1,2016.0,8.0,110,1
2,24,53,2,1,60752,2,3,8929.62,2,2015,4,0.0,0.0,111,1
2,24,49,2,2,0,2,3,2322.52,2,2014,10,2014.0,12.0,112,1
2,4,43,1,1,67762,3,1,6177.89,2,2017,5,0.0,0.0,113,1
2,24,50,1,1,61399,2,3,23846.58,2,2015,10,2016.0,3.0,114,1
7,21,32,2,1,74134,2,2,5203.46,2,2018,7,0.0,0.0,115,1
7,21,30,2,1,60349,2,3,10272.77,2,2012,9,0.0,0.0,116,1
9,12,10,1,3,76071,2,3,10004.22,2,2017,3,0.0,0.0,117,1
2,24,51,2,1,60664,1,2,18116.11,2,2016,6,2017.0,4.0,118,1
7,21,29,2,1,77337,3,1,6469.03,2,2018,6,0.0,0.0,119,1
2,24,46,2,1,116042,2,2,24697.26,1,2018,2,0.0,0.0,120,1
9,10,16,1,1,62024,3,3,2624.03,1,2018,3,0.0,0.0,121,1
7,15,20,2,1,61413,2,2,8024.64,2,2012,9,0.0,0.0,122,1
7,21,24,2,1,71771,1,1,22457.8,2,2014,3,0.0,0.0,123,1
2,10,41,2,1,79698,2,3,4365.16,2,2013,3,0.0,0.0,124,1
4,11,5,1,1,68320,2,3,6335.19,2,2018,11,0.0,0.0,125,1
2,27,53,1,1,54318,2,2,13744.58,2,2016,8,0.0,0.0,126,1
2,24,40,2,2,0,2,2,8195.64,2,2013,6,0.0,0.0,127,1
9,8,15,1,2,0,3,1,7176.62,2,2013,4,0.0,0.0,128,1
2,26,52,1,1,83204,2,3,9524.75,2,2018,11,0.0,0.0,129,1
10,21,35,1,1,80146,2,2,3525.84,2,2016,5,0.0,0.0,130,1
9,23,16,2,1,53191,2,2,6176.18,2,2016,9,2016.0,12.0,131,1
7,21,25,2,1,49997,3,2,3893.67,1,2018,4,0.0,0.0,132,1
2,24,49,2,1,78691,3,3,8808.32,2,2012,11,0.0,0.0,133,1
7,21,23,2,2,0,3,1,13933.29,2,2014,3,0.0,0.0,134,1
1,4,40,2,1,66535,2,2,8255.14,2,2017,5,0.0,0.0,135,1
7,21,29,2,1,70381,1,3,13347.21,2,2012,5,2018.0,0.0,136,1
7,21,32,2,1,60622,2,3,2704.79,2,2018,10,0.0,0.0,137,1
7,21,27,2,1,64505,2,1,10793.85,2,2015,12,0.0,0.0,138,1
7,14,17,2,1,64760,2,2,7908.65,2,2018,10,0.0,0.0,139,1
7,21,36,2,1,82380,2,1,14081.66,2,2017,11,2016.0,0.0,140,1
9,13,9,1,1,75012,2,1,5541.89,1,2018,3,0.0,0.0,141,1
7,12,20,1,2,0,3,3,7054.03,2,2013,11,2017.0,1.0,142,1
1,6,39,2,2,0,3,3,4704.2,2,2014,7,0.0,0.0,143,1
2,24,49,1,1,53364,2,3,3311.9,2,2012,7,0.0,0.0,144,1
7,21,27,1,4,64148,2,2,4393.0,2,2014,4,0.0,0.0,145,1
7,21,34,1,4,82363,1,3,5038.08,2,2012,10,0.0,0.0,146,1
9,13,15,1,1,62383,3,2,8228.8,2,2017,3,0.0,0.0,147,1
7,21,30,1,1,58815,2,2,51933.16,2,2013,12,0.0,0.0,148,1
7,21,20,1,1,95529,2,3,5590.66,2,2013,2,2013.0,11.0,149,1
2,26,52,1,1,62057,2,3,3916.23,2,2017,2,0.0,0.0,150,1
7,21,28,1,1,79223,2,3,13266.58,2,2015,3,0.0,0.0,151,1
1,14,38,2,4,82028,2,1,8947.93,2,2013,10,0.0,0.0,152,1
7,21,24,2,1,69840,2,3,10417.22,2,2015,10,0.0,0.0,153,1
1,1,37,1,1,82480,2,3,4305.99,2,2012,6,0.0,0.0,154,1
9,13,11,1,2,0,3,2,8617.48,2,2013,5,0.0,0.0,155,1
7,21,32,1,1,61847,2,3,4382.52,2,2018,11,0.0,0.0,156,1
7,21,29,2,1,65346,2,3,5791.27,2,2013,1,0.0,0.0,157,1
6,6,4,2,1,66828,2,3,3393.74,2,2018,7,0.0,0.0,158,1
2,24,51,2,1,67980,3,2,21418.44,2,2016,8,0.0,10.0,159,1
7,14,17,1,5,104094,2,3,7819.05,2,2015,1,0.0,0.0,160,1
7,14,15,2,1,86949,1,2,4879.19,2,2015,3,0.0,0.0,161,1
7,21,33,2,1,56656,2,2,58734.6,2,2013,10,0.0,0.0,162,1
7,13,16,1,4,58441,2,3,5274.15,2,2013,1,0.0,0.0,163,1
2,26,53,2,2,0,1,3,8573.39,2,2016,4,0.0,0.0,164,1
2,24,52,2,1,84962,3,3,8947.86,2,2016,9,0.0,0.0,165,1
9,13,13,1,3,83716,2,1,8115.88,2,2015,1,0.0,0.0,166,1
3,29,40,1,2,0,3,3,5216.14,2,2017,9,0.0,0.0,167,1
2,5,35,1,1,57178,2,3,5160.34,1,2018,3,0.0,0.0,168,1
9,13,8,1,1,108214,2,3,2840.6,2,2014,2,0.0,0.0,169,1
7,18,23,1,2,0,1,2,10480.91,2,2014,8,0.0,0.0,170,1
6,6,4,2,1,81040,1,3,3150.76,1,2018,4,0.0,0.0,171,1
9,13,10,2,3,108332,1,3,6570.71,2,2012,1,0.0,0.0,172,1
9,21,20,2,1,92618,2,2,7888.43,2,2014,6,0.0,0.0,173,1
2,24,50,2,1,58533,3,3,5564.36,2,2016,4,0.0,0.0,174,1
7,21,29,1,1,64356,2,1,7036.18,2,2018,7,0.0,0.0,175,1
4,8,6,2,1,62534,3,3,4147.06,2,2012,10,0.0,0.0,176,1
7,5,36,2,2,0,3,2,4212.89,2,2018,7,0.0,0.0,177,1
9,14,10,1,1,88399,2,2,5286.72,2,2012,5,0.0,0.0,178,1
7,14,16,1,4,62162,2,1,5291.45,2,2015,7,0.0,0.0,179,1
7,11,30,2,2,0,3,3,7237.16,2,2016,3,2017.0,1.0,180,1
7,11,21,2,5,101659,2,1,50260.86,2,2014,11,0.0,0.0,181,1
7,21,23,2,1,66040,1,1,13641.5,2,2013,12,0.0,0.0,182,1
2,27,53,2,2,0,2,2,6678.1,2,2016,12,0.0,0.0,183,1
9,13,15,1,1,88073,2,2,7125.89,2,2012,11,0.0,0.0,184,1
2,24,50,1,5,110679,3,3,7137.46,2,2018,1,2018.0,0.0,185,1
2,24,52,2,1,68014,1,1,7415.84,2,2014,3,0.0,0.0,186,1
7,21,31,1,1,84261,2,3,7330.88,2,2013,1,2014.0,9.0,187,1
2,24,51,2,1,0,2,2,5567.53,2,2015,7,2018.0,4.0,188,1
4,6,6,1,5,102624,1,3,6203.87,2,2012,8,0.0,0.0,189,1
7,20,24,2,1,87819,2,3,16636.08,2,2015,1,0.0,0.0,190,1
2,24,51,1,4,71723,1,1,13555.53,2,2016,12,0.0,0.0,191,1
9,14,10,2,5,94065,1,2,5172.43,2,2012,11,0.0,0.0,192,1
2,24,45,2,1,71038,2,1,14152.8,2,2012,8,0.0,0.0,193,1
2,8,33,1,2,0,2,2,8181.43,2,2017,1,2014.0,11.0,194,1
9,13,9,1,1,82904,2,2,9017.01,2,2016,12,0.0,0.0,195,1
2,24,43,1,1,61347,2,3,3394.91,2,2017,9,2018.0,3.0,196,1
6,8,5,2,1,85227,1,3,4341.04,2,2012,10,0.0,0.0,197,1
9,15,8,1,1,57212,2,1,8351.79,2,2017,8,0.0,0.0,198,1
10,21,38,1,1,0,2,2,7926.67,2,2016,8,0.0,0.0,199,1
7,14,18,1,1,100719,2,1,12329.4,2,2017,10,0.0,0.0,200,1
9,13,9,1,1,83982,2,3,4866.02,2,2015,2,0.0,0.0,201,1
2,24,51,2,1,75198,3,3,6820.28,2,2016,5,0.0,10.0,202,1
7,22,21,1,1,59546,1,3,3729.5,2,2014,1,0.0,0.0,203,1
6,7,3,1,1,95882,2,3,5189.5,2,2016,8,0.0,0.0,204,1
7,21,36,1,1,84244,1,2,7257.15,2,2017,8,0.0,0.0,205,1
2,21,30,1,4,55776,1,3,13065.66,2,2013,7,2017.0,3.0,206,1
7,21,21,1,2,0,2,2,7658.2,2,2018,7,0.0,0.0,207,1
6,7,4,1,1,97792,2,2,6255.02,2,2016,6,0.0,0.0,208,1
7,24,20,2,1,105416,2,1,11798.61,2,2016,6,0.0,0.0,209,1
1,1,44,2,2,0,3,1,5693.02,2,2013,11,0.0,0.0,210,1
7,21,25,2,1,79529,3,1,10886.03,2,2014,6,2014.0,11.0,211,1
2,24,45,2,4,54410,2,3,10681.18,2,2018,10,0.0,0.0,212,1
9,12,12,1,1,86892,2,2,13243.8,2,2012,5,0.0,0.0,213,1
7,21,31,1,1,57300,2,1,7658.14,2,2018,10,0.0,0.0,214,1
7,19,34,1,4,67255,2,1,4567.48,2,2018,10,0.0,0.0,215,1
1,13,49,1,1,69130,2,3,5827.89,2,2016,4,2016.0,12.0,216,1
7,21,28,2,1,96854,2,3,3199.75,2,2015,4,0.0,0.0,217,1
2,24,51,1,1,67718,1,3,2961.44,2,2013,1,0.0,0.0,218,1
2,5,46,2,1,96328,3,3,4092.7,2,2015,5,2016.0,1.0,219,1
9,13,9,1,1,92844,2,3,5215.24,2,2013,8,0.0,0.0,220,1
7,9,17,2,1,90357,1,2,8566.24,2,2014,8,0.0,0.0,221,1
2,13,45,2,1,80497,1,2,10262.54,2,2014,10,0.0,0.0,222,1
2,28,53,1,1,89420,2,3,8506.51,2,2018,11,0.0,0.0,223,1
7,16,18,2,2,0,3,2,5428.28,2,2018,1,2018.0,9.0,224,1
7,13,18,2,5,99755,1,3,2549.87,2,2016,5,0.0,0.0,225,1
7,21,23,1,1,58194,2,3,11550.33,2,2014,9,0.0,0.0,226,1
7,21,19,2,2,0,3,2,6981.61,2,2015,8,0.0,0.0,227,1
7,14,16,2,3,66708,3,3,13131.18,2,2016,7,0.0,0.0,228,1
7,12,16,1,5,96367,2,1,39449.92,2,2014,11,0.0,0.0,229,1
7,21,34,2,1,66474,2,3,2874.26,2,2012,5,0.0,0.0,230,1
7,21,21,2,4,64603,2,2,15508.22,2,2012,6,0.0,0.0,231,1
1,4,41,2,2,0,2,3,2705.22,2,2016,6,0.0,0.0,232,1
7,21,32,2,1,72342,2,3,5661.7,2,2013,2,0.0,0.0,233,1
7,21,21,2,1,87216,2,2,7194.27,2,2012,10,0.0,0.0,234,1
2,24,51,2,2,0,3,3,18878.1,2,2016,9,0.0,0.0,235,1
7,21,30,2,2,0,2,3,2575.78,2,2017,5,0.0,0.0,236,1
9,13,11,1,1,92262,2,3,6616.42,2,2016,12,0.0,0.0,237,1
7,21,30,2,1,78067,2,3,6879.19,2,2017,9,0.0,0.0,238,1
7,21,29,2,1,62796,2,2,5002.32,2,2018,10,0.0,0.0,239,1
2,12,30,1,2,0,3,1,7491.11,2,2012,12,0.0,0.0,240,1
6,7,6,1,2,0,3,3,4125.35,2,2016,7,2018.0,0.0,241,1
7,21,31,1,2,0,2,2,5026.43,1,2018,2,0.0,0.0,242,1
7,8,33,2,2,0,2,1,6043.8,2,2017,12,0.0,0.0,243,1
7,10,29,1,1,72858,2,3,23984.83,1,2018,3,0.0,0.0,244,1
7,13,14,2,2,0,2,3,11364.3,2,2016,9,0.0,0.0,245,1
9,13,10,2,2,0,1,2,6344.66,2,2016,4,0.0,0.0,246,1
2,24,51,1,2,0,3,3,4549.24,2,2017,11,0.0,0.0,247,1
9,17,16,1,1,97537,2,2,7324.57,2,2015,9,0.0,0.0,248,1
7,17,20,2,2,0,2,3,2593.42,2,2012,5,0.0,0.0,249,1
7,21,31,1,2,0,3,2,8181.39,2,2015,8,0.0,0.0,250,1
7,16,20,2,1,51619,2,1,4916.43,1,2018,4,0.0,0.0,251,1
7,21,24,2,1,84883,2,3,15916.32,2,2015,2,0.0,0.0,252,1
3,6,4,1,1,91273,2,2,3618.73,2,2016,8,0.0,0.0,253,1
4,7,8,1,2,0,3,2,3399.61,2,2018,6,0.0,0.0,254,1
2,27,53,1,2,0,3,3,10255.44,2,2018,9,0.0,0.0,255,1
3,29,36,1,2,0,3,1,9384.33,1,2018,3,0.0,0.0,256,1
2,24,45,1,3,101730,1,3,5449.51,2,2016,1,0.0,0.0,257,1
7,12,11,1,1,69992,2,3,8422.2,2,2018,11,0.0,0.0,258,1
2,24,49,1,3,94715,2,1,10498.76,2,2013,3,0.0,0.0,259,1
2,3,45,2,2,0,3,2,5234.35,2,2016,11,2017.0,7.0,260,1
7,21,29,1,1,72282,2,3,5612.19,2,2012,11,0.0,0.0,261,1
7,21,30,1,1,78601,1,3,4793.74,2,2018,10,0.0,0.0,262,1
7,21,22,1,1,51082,2,2,8749.4,2,2015,1,0.0,0.0,263,1
7,21,31,1,2,0,3,3,3754.55,2,2013,2,0.0,0.0,264,1
9,13,7,1,4,30140,2,1,8656.53,2,2014,12,0.0,0.0,265,1
6,5,2,2,1,77566,1,2,4980.99,2,2018,11,0.0,0.0,266,1
7,13,15,1,1,61675,3,1,10002.07,2,2017,1,0.0,0.0,267,1
7,21,30,2,3,155697,1,3,5503.45,2,2017,5,0.0,0.0,268,1
9,13,10,1,1,77264,2,3,5044.93,2,2016,3,0.0,0.0,269,1
6,8,7,2,1,81649,1,3,6250.44,2,2013,5,0.0,0.0,270,1
2,5,42,1,1,73725,1,3,6536.48,2,2012,8,0.0,0.0,271,1
6,7,3,2,1,74022,2,2,16549.32,1,2018,4,0.0,0.0,272,1
2,24,48,2,1,71574,1,3,9594.84,2,2016,5,0.0,11.0,273,1
9,11,15,1,1,100206,2,3,9870.33,2,2015,12,0.0,0.0,274,1
7,21,22,2,1,84239,2,2,2727.44,2,2014,10,0.0,0.0,275,1
2,11,22,1,1,85619,2,3,7196.64,2,2017,6,2016.0,2.0,276,1
2,24,50,2,1,64887,3,2,13094.04,2,2017,3,0.0,0.0,277,1
2,4,47,2,2,0,3,2,5527.12,2,2016,11,2018.0,0.0,278,1
7,22,47,2,2,61560,3,3,5548.8,2,2015,11,2017.0,3.0,279,1
7,21,30,2,1,61864,3,1,5881.38,2,2015,11,0.0,0.0,280,1
7,21,34,2,1,60148,3,1,8475.19,2,2017,1,0.0,0.0,281,1
9,13,10,1,1,54552,2,2,5312.43,2,2016,8,0.0,0.0,282,1
7,21,25,2,1,82962,1,1,5983.23,2,2012,7,0.0,0.0,283,1
1,5,43,2,1,81727,1,2,13205.27,2,2013,10,0.0,0.0,284,1
3,29,37,1,1,99030,2,3,8860.19,2,2013,3,0.0,0.0,285,1
9,13,8,2,1,99887,1,2,8546.15,2,2018,12,2018.0,12.0,286,1
9,17,16,1,1,85255,2,3,3266.46,2,2018,5,0.0,0.0,287,1
7,9,30,2,4,69471,3,3,3109.79,2,2013,7,2016.0,1.0,288,1
7,21,24,2,1,62861,2,3,6794.68,2,2014,6,0.0,0.0,289,1
7,13,20,1,2,0,3,3,5630.75,2,2013,1,0.0,0.0,290,1
4,12,5,2,1,123649,2,1,34348.06,1,2018,4,2018.0,12.0,291,1
2,24,46,2,1,54171,2,1,9314.18,2,2017,12,0.0,0.0,292,1
4,12,6,1,2,0,3,2,5151.16,2,2014,8,0.0,0.0,293,1
1,6,42,1,1,76826,1,1,5397.75,2,2016,11,0.0,0.0,294,1
9,13,11,1,1,52581,2,2,5339.79,2,2013,10,0.0,0.0,295,1
7,11,19,1,1,68581,3,3,5500.58,2,2012,6,0.0,0.0,296,1
3,29,44,2,1,53671,2,1,15343.01,2,2015,7,0.0,0.0,297,1
9,13,8,1,2,0,3,1,10486.71,2,2013,4,0.0,0.0,298,1
2,26,53,1,1,80349,2,2,2543.8,1,2018,2,0.0,0.0,299,1
2,24,51,2,1,91164,2,3,3511.04,2,2017,12,2018.0,8.0,300,1
2,21,32,2,2,0,3,3,3612.23,2,2017,12,0.0,0.0,301,1
7,21,22,2,1,78840,2,3,5748.76,2,2015,4,0.0,0.0,302,1
2,24,51,2,1,889,1,3,5069.64,2,2018,8,0.0,0.0,303,1
6,7,4,1,2,0,2,1,5201.06,2,2015,9,0.0,0.0,304,1
7,21,30,2,3,104863,2,3,7100.22,2,2013,7,0.0,0.0,305,1
4,7,7,2,1,55923,1,2,3108.07,2,2016,6,2016.0,8.0,306,1
9,13,9,1,1,49056,2,2,3510.73,2,2016,8,0.0,0.0,307,1
2,24,51,2,4,51490,2,3,19059.75,2,2016,4,0.0,0.0,308,1
2,26,53,2,1,75438,2,3,5642.57,2,2014,9,0.0,0.0,309,1
5,19,1,2,2,0,3,1,8391.56,2,2013,2,0.0,0.0,310,1
2,24,51,1,1,72404,2,2,5327.16,1,2018,2,0.0,0.0,311,1
7,20,19,2,2,0,2,2,4336.72,2,2018,1,2018.0,9.0,312,1
7,14,19,1,2,0,1,2,8089.2,2,2012,8,0.0,0.0,313,1
7,21,24,2,1,86905,2,3,10416.3,2,2016,6,0.0,0.0,314,1
7,21,21,2,2,0,2,2,2755.92,2,2015,12,0.0,0.0,315,1
7,21,22,2,2,0,2,2,7014.42,2,2013,8,0.0,0.0,316,1
5,16,1,1,2,0,3,2,18614.32,2,2013,2,2018.0,0.0,317,1
7,21,31,1,1,66448,2,1,8751.72,2,2016,8,0.0,0.0,318,1
2,5,41,2,1,70947,1,3,3318.34,2,2013,2,0.0,0.0,319,1
7,21,20,1,4,55920,2,3,4615.72,2,2013,9,0.0,0.0,320,1
4,6,5,2,2,0,2,3,5076.56,2,2013,8,0.0,11.0,321,1
7,18,25,2,1,68041,2,3,9721.48,2,2014,3,0.0,0.0,322,1
7,21,20,2,1,57290,2,3,11219.28,2,2015,4,0.0,0.0,323,1
7,21,30,2,1,77428,3,3,4182.63,2,2012,4,0.0,0.0,324,1
9,8,16,1,1,81446,2,2,3866.62,2,2015,9,0.0,0.0,325,1
7,13,23,1,4,70528,2,3,8410.4,2,2016,8,0.0,0.0,326,1
7,21,29,1,2,0,2,2,7352.3,2,2013,4,0.0,0.0,327,1
7,14,16,2,1,84148,2,3,22695.93,2,2013,8,2016.0,4.0,328,1
7,21,20,1,1,79252,3,2,13584.06,2,2013,2,0.0,0.0,329,1
7,21,24,1,1,76358,1,2,7790.37,2,2014,3,0.0,0.0,330,1
2,24,52,1,1,54289,2,1,16003.58,2,2013,9,0.0,0.0,331,1
9,13,15,1,5,80877,2,3,7390.13,2,2016,3,0.0,0.0,332,1
9,21,12,1,1,60811,2,3,8968.73,2,2015,12,0.0,0.0,333,1
3,29,37,1,1,97090,2,2,3925.29,2,2015,5,0.0,0.0,334,1
2,24,50,2,1,64875,1,3,3341.65,2,2017,2,0.0,0.0,335,1
7,14,19,1,1,90034,2,1,8606.9,2,2015,10,0.0,0.0,336,1
7,8,29,1,1,73959,3,3,15979.07,1,2018,3,0.0,0.0,337,1
10,16,43,1,1,68351,2,3,6164.02,2,2015,8,0.0,0.0,338,1
2,4,44,1,1,73743,2,1,8390.49,2,2018,8,0.0,0.0,339,1
2,5,43,1,2,0,3,2,7160.1,2,2018,8,0.0,0.0,340,1
3,29,37,2,1,63279,3,3,9041.47,2,2012,8,0.0,0.0,341,1
2,24,50,1,1,60622,3,1,15174.35,2,2015,4,0.0,0.0,342,1
2,24,50,1,1,65006,2,3,3171.63,2,2012,3,0.0,0.0,343,1
7,13,15,2,2,0,2,3,7222.49,2,2015,7,0.0,0.0,344,1
9,14,11,1,4,60928,2,1,8460.34,2,2015,10,0.0,0.0,345,1
9,13,10,1,1,99380,2,2,8023.87,2,2015,7,0.0,0.0,346,1
1,14,40,1,1,81605,2,1,4776.54,2,2016,4,0.0,0.0,347,1
7,21,32,2,1,82126,2,3,3216.56,2,2015,11,0.0,0.0,348,1
7,21,21,2,1,81964,1,2,8212.34,2,2016,7,0.0,0.0,349,1
2,24,51,2,1,82268,1,2,11815.88,2,2015,8,0.0,0.0,350,1
7,21,32,1,1,63256,2,1,5653.81,2,2013,9,0.0,0.0,351,1
7,21,26,1,1,65267,2,3,4726.48,2,2013,7,2018.0,7.0,352,1
9,13,11,1,3,86381,1,3,6210.03,2,2014,5,0.0,0.0,353,1
1,5,33,2,1,78744,1,2,9443.07,2,2014,10,0.0,0.0,354,1
7,20,10,1,1,77098,3,1,5397.49,2,2016,5,0.0,0.0,355,1
7,21,30,2,2,0,3,3,2690.61,2,2015,2,0.0,0.0,356,1
5,16,1,1,2,0,3,2,5870.49,2,2014,7,2017.0,10.0,357,1
7,21,30,2,1,76788,2,1,6908.59,2,2016,10,0.0,0.0,358,1
2,26,53,2,1,103097,2,2,9727.93,2,2013,1,0.0,0.0,359,1
9,13,9,2,1,99591,3,2,2846.59,1,2018,4,0.0,0.0,360,1
7,21,34,2,1,83761,2,3,8131.03,2,2018,2,0.0,0.0,361,1
9,13,8,2,2,0,3,2,3756.62,2,2018,12,0.0,0.0,362,1
7,21,32,1,1,52704,2,2,7557.71,2,2017,11,0.0,0.0,363,1
2,24,51,1,1,71020,2,3,2622.83,2,2018,8,0.0,0.0,364,1
2,4,43,2,2,0,3,2,5375.3,2,2013,6,0.0,0.0,365,1
7,21,32,2,1,65590,2,3,4241.37,2,2013,5,0.0,0.0,366,1
3,29,36,2,1,80520,3,1,8870.55,2,2012,7,0.0,0.0,367,1
7,21,28,2,1,53611,2,3,6109.84,2,2017,3,0.0,0.0,368,1
2,24,52,1,4,80211,1,1,20087.06,2,2016,12,0.0,0.0,369,1
2,23,41,1,1,83210,1,2,5680.08,2,2015,1,0.0,0.0,370,1
7,21,30,2,1,94344,1,2,35551.16,2,2015,7,0.0,0.0,371,1
2,24,51,2,1,72207,2,2,13216.11,2,2016,6,2017.0,4.0,372,1
7,20,29,2,1,85014,2,2,4929.87,1,2018,2,0.0,0.0,373,1
7,21,23,1,1,102392,1,1,8253.67,2,2015,12,0.0,0.0,374,1
9,21,11,1,1,67394,2,1,8410.61,2,2017,11,0.0,0.0,375,1
1,2,41,2,1,58388,1,2,7261.56,2,2016,1,0.0,0.0,376,1
2,24,49,1,3,127535,2,1,10141.54,2,2014,3,0.0,0.0,377,1
4,13,20,1,1,80621,3,1,5435.52,2,2012,8,0.0,0.0,378,1
7,21,33,2,1,61887,2,1,7013.99,2,2018,10,0.0,0.0,379,1
7,14,21,1,5,103542,2,1,6584.61,2,2013,11,0.0,0.0,380,1
3,29,35,1,4,53209,1,3,24454.47,2,2013,11,0.0,0.0,381,1
7,21,29,1,1,94794,1,3,4542.72,2,2015,9,2016.0,10.0,382,1
7,21,33,2,1,96775,2,2,3995.97,2,2014,6,0.0,0.0,383,1
2,24,50,1,1,65370,1,1,7073.79,2,2016,12,0.0,0.0,384,1
2,24,54,2,1,59793,2,3,3049.52,2,2018,8,0.0,0.0,385,1
1,5,42,1,1,81715,2,1,11463.26,2,2012,6,0.0,0.0,386,1
6,7,2,1,1,74353,3,2,5832.02,2,2014,9,0.0,0.0,387,1
2,24,50,2,1,55850,2,1,11585.02,2,2014,3,0.0,0.0,388,1
2,24,51,2,2,0,3,3,3210.72,2,2018,7,0.0,0.0,389,1
3,29,37,2,1,54557,1,2,36280.94,2,2018,10,0.0,0.0,390,1
2,4,30,1,2,0,2,2,6836.66,2,2015,1,2015.0,2.0,391,1
2,25,51,2,1,88583,2,3,8542.18,2,2013,4,0.0,0.0,392,1
2,4,46,2,1,86362,2,1,11689.38,2,2015,5,2016.0,1.0,393,1
7,21,19,1,1,78039,2,2,7471.07,2,2015,12,0.0,0.0,394,1
7,20,24,1,1,57641,2,2,8352.06,2,2017,8,0.0,0.0,395,1
7,21,24,2,1,75496,2,3,15655.6,2,2016,9,0.0,0.0,396,1
7,21,35,1,1,70002,2,1,5401.22,2,2014,9,0.0,0.0,397,1
7,21,21,2,2,0,3,3,3583.9,2,2015,7,0.0,0.0,398,1
7,21,29,2,1,51105,2,2,5711.41,1,2018,4,0.0,0.0,399,1
7,21,35,2,4,65386,1,3,21442.01,2,2015,11,2016.0,7.0,400,1
7,21,25,2,2,0,3,2,11788.24,2,2016,2,0.0,0.0,401,1
6,10,6,1,2,0,3,1,9342.45,2,2015,9,0.0,0.0,402,1
7,14,16,2,2,0,3,3,5685.79,2,2012,1,0.0,0.0,403,1
7,13,19,1,5,102752,2,3,4933.97,2,2017,8,0.0,0.0,404,1
9,11,14,1,1,90587,2,2,7081.94,2,2016,4,0.0,0.0,405,1
9,14,10,1,1,50571,2,3,4966.41,1,2018,4,0.0,0.0,406,1
7,21,24,1,1,51729,2,1,11799.94,2,2014,12,0.0,0.0,407,1
7,10,26,2,1,7485,3,3,3028.89,1,2018,4,0.0,0.0,408,1
9,13,11,2,2,0,2,1,6023.71,2,2017,8,2018.0,2.0,409,1
7,21,29,1,1,73539,2,2,10785.75,2,2012,6,0.0,0.0,410,1
1,4,42,1,1,79380,2,2,8554.28,2,2018,11,0.0,0.0,411,1
7,14,24,2,1,0,3,3,3176.56,1,2018,4,0.0,0.0,412,1
9,14,16,1,1,59027,2,2,12922.58,2,2015,8,0.0,0.0,413,1
2,21,29,2,1,76575,2,1,8835.04,2,2014,12,0.0,0.0,414,1
2,21,49,2,1,83714,2,2,9021.76,2,2014,1,0.0,0.0,415,1
3,29,37,1,1,60633,3,1,21832.74,2,2016,9,0.0,0.0,416,1
7,24,43,1,1,63487,2,1,10213.96,2,2013,1,2017.0,5.0,417,1
7,13,11,1,2,0,2,2,5793.32,2,2018,10,0.0,0.0,418,1
7,16,16,1,2,0,3,2,6948.74,2,2015,10,0.0,0.0,419,1
2,24,50,1,1,63658,2,2,16210.77,2,2013,7,0.0,0.0,420,1
4,12,4,2,2,0,3,3,1906.36,2,2015,12,0.0,0.0,421,1
2,29,50,1,2,0,1,3,5890.39,2,2015,8,0.0,0.0,422,1
7,16,30,1,1,72386,1,3,8358.6,2,2015,3,0.0,0.0,423,1
7,21,24,1,2,0,3,2,5294.57,2,2016,4,0.0,0.0,424,1
2,6,33,1,1,71354,1,2,6394.6,2,2014,10,0.0,0.0,425,1
9,14,9,1,1,80089,2,3,6833.08,2,2014,12,0.0,0.0,426,1
7,13,21,2,1,69914,3,1,5267.78,2,2017,1,0.0,0.0,427,1
7,21,28,1,1,63680,2,2,11932.83,2,2015,4,0.0,0.0,428,1
2,24,51,1,1,74615,1,3,6230.73,2,2013,1,0.0,0.0,429,1
7,21,24,1,1,61703,2,1,13670.17,2,2015,1,0.0,0.0,430,1
9,14,17,2,3,60286,3,2,6971.74,2,2015,3,0.0,0.0,431,1
7,21,20,1,1,71725,2,3,9046.37,1,2018,2,2018.0,0.0,432,1
7,21,22,1,2,0,3,3,2417.3,2,2016,7,2017.0,3.0,433,1
9,13,7,2,1,66015,2,3,11447.16,2,2017,8,0.0,0.0,434,1
7,21,23,2,1,79250,2,3,7414.49,2,2013,9,0.0,0.0,435,1
2,24,47,2,1,80033,2,2,6652.75,2,2012,4,0.0,0.0,436,1
7,10,30,2,1,69986,2,1,9098.34,2,2018,10,0.0,0.0,437,1
1,5,42,2,1,53698,2,3,3887.72,2,2013,1,0.0,0.0,438,1
4,6,7,2,2,0,3,3,2428.99,2,2015,6,0.0,0.0,439,1
7,20,23,2,2,0,3,1,8145.17,2,2016,10,2018.0,2.0,440,1
7,14,20,1,2,0,3,2,10538.14,2,2013,4,0.0,0.0,441,1
7,14,16,2,2,0,3,2,5588.32,2,2014,6,0.0,0.0,442,1
1,5,44,1,1,86883,2,3,2418.94,2,2012,6,0.0,0.0,443,1
7,21,23,2,1,81116,1,3,8108.72,2,2016,4,0.0,0.0,444,1
3,29,38,1,1,57609,3,2,12269.16,2,2012,1,0.0,0.0,445,1
7,21,30,2,2,0,2,2,8672.55,2,2013,6,0.0,0.0,446,1
2,13,18,2,5,101274,1,3,2331.71,2,2016,5,0.0,0.0,447,1
6,7,3,1,2,0,3,3,11365.06,2,2015,12,0.0,0.0,448,1
9,13,12,2,1,65962,2,2,10653.66,2,2013,2,0.0,0.0,449,1
7,21,38,1,1,64387,2,2,7622.74,1,2018,3,0.0,0.0,450,1
2,23,45,1,2,0,2,3,2709.79,2,2016,11,0.0,0.0,451,1
2,25,51,1,1,81316,2,3,5147.84,2,2018,11,0.0,0.0,452,1
2,24,35,1,2,0,2,2,3497.08,2,2016,1,2017.0,11.0,453,1
9,13,10,2,1,55226,1,1,5355.47,2,2017,6,0.0,0.0,454,1
2,24,51,1,2,0,3,3,5144.6,2,2017,11,0.0,0.0,455,1
9,13,8,1,1,50231,2,3,4725.66,2,2015,1,0.0,0.0,456,1
7,21,34,1,2,0,1,2,5168.97,2,2018,10,0.0,0.0,457,1
2,24,50,2,4,71231,2,2,6984.39,2,2013,11,0.0,0.0,458,1
4,10,10,2,2,0,2,2,16536.38,2,2015,3,2015.0,11.0,459,1
6,7,4,2,1,86896,2,3,5867.9,2,2013,10,0.0,0.0,460,1
7,21,28,2,1,89929,2,2,7311.96,2,2014,6,0.0,0.0,461,1
4,13,7,1,2,0,2,3,5765.98,2,2018,7,0.0,0.0,462,1
2,24,51,2,1,63693,2,2,14939.7,2,2014,3,0.0,0.0,463,1
1,6,40,1,1,79266,3,2,5079.21,2,2012,8,0.0,0.0,464,1
9,13,15,2,1,86802,1,2,5326.05,2,2016,11,0.0,0.0,465,1
4,12,5,2,1,90272,2,2,5558.61,2,2018,11,0.0,0.0,466,1
7,12,33,1,1,65181,2,3,4688.15,2,2018,10,0.0,0.0,467,1
7,21,27,1,1,85376,2,3,5817.69,2,2015,4,2015.0,2.0,468,1
7,10,26,2,1,0,3,3,5040.16,1,2018,4,0.0,0.0,469,1
4,13,7,2,1,94041,2,2,6735.67,2,2018,11,0.0,0.0,470,1
1,13,44,1,1,71488,2,2,2601.21,2,2016,4,2016.0,12.0,471,1
7,21,21,1,2,0,3,2,5589.4,2,2015,9,0.0,0.0,472,1
6,7,4,2,1,61407,2,2,6163.87,2,2012,7,0.0,0.0,473,1
2,24,51,1,1,85842,2,1,13928.17,2,2016,12,0.0,0.0,474,1
1,6,33,1,1,65684,2,1,9046.18,2,2017,1,0.0,0.0,475,1
7,9,17,1,1,52958,1,2,2920.14,2,2013,10,2014.0,1.0,476,1
2,24,50,1,1,59293,2,2,2654.28,1,2018,2,0.0,0.0,477,1
7,21,24,1,1,78429,2,2,8324.56,2,2012,9,0.0,0.0,478,1
7,21,22,1,2,0,3,3,7827.97,2,2015,6,0.0,0.0,479,1
9,13,9,2,1,61297,2,1,10045.51,2,2016,2,0.0,0.0,480,1
9,13,5,2,5,104405,3,3,3091.15,2,2018,4,0.0,0.0,481,1
3,29,45,1,5,112131,2,2,6132.5,2,2016,6,0.0,0.0,482,1
2,24,51,2,5,121029,1,3,8118.26,2,2018,11,0.0,0.0,483,1
2,24,51,2,1,57451,2,2,8646.8,2,2016,6,2017.0,3.0,484,1
7,21,32,1,1,53955,2,3,7694.61,2,2017,3,0.0,0.0,485,1
6,6,2,1,1,95244,2,2,5889.56,2,2018,8,0.0,0.0,486,1
7,11,30,2,2,0,3,2,7299.2,2,2015,3,0.0,0.0,487,1
2,26,54,2,1,77745,2,3,5120.15,2,2014,9,0.0,0.0,488,1
6,8,5,1,1,84164,2,2,3796.81,2,2015,10,0.0,0.0,489,1
9,13,10,2,2,0,3,2,2889.6,2,2018,6,0.0,0.0,490,1
9,22,12,2,4,76934,2,2,14427.14,2,2013,8,0.0,0.0,491,1
9,20,9,1,1,50562,2,1,10726.94,2,2015,12,0.0,0.0,492,1
7,21,36,1,2,0,3,1,6646.35,2,2013,7,0.0,0.0,493,1
7,14,13,1,1,77245,2,3,13092.3,2,2012,8,0.0,0.0,494,1
9,13,10,2,2,0,2,3,14041.47,2,2016,2,0.0,0.0,495,1
7,13,19,2,3,157536,2,2,9422.26,2,2015,10,0.0,0.0,496,1
9,21,15,1,1,58468,2,1,7723.66,2,2017,12,0.0,0.0,497,1
10,18,41,2,1,53256,2,3,7462.92,2,2017,7,0.0,0.0,498,1
2,24,53,2,1,63099,1,2,14602.29,2,2015,12,0.0,0.0,499,1
10,18,35,2,1,49366,2,2,8524.91,2,2017,2,0.0,0.0,500,1
2,24,51,1,1,59575,2,1,5324.84,2,2018,10,0.0,0.0,501,1
7,18,19,1,2,0,3,2,10971.52,2,2012,11,0.0,0.0,502,1
9,13,9,1,1,90956,2,2,17592.36,2,2016,6,0.0,0.0,503,1
3,29,36,2,1,79495,2,1,4865.45,2,2015,7,0.0,0.0,504,1
9,17,17,2,1,59683,2,1,4986.64,2,2017,1,0.0,0.0,505,1
7,14,17,1,1,65863,2,3,7820.59,2,2015,9,0.0,0.0,506,1
7,21,30,1,1,29784,2,3,5349.49,2,2013,5,0.0,0.0,507,1
9,13,16,2,1,79059,1,3,7690.14,2,2015,3,0.0,0.0,508,1
7,21,19,2,4,68206,2,2,7512.8,2,2015,1,0.0,0.0,509,1
2,26,53,2,1,63110,2,2,7932.73,2,2016,3,2016.0,3.0,510,1
7,13,33,1,3,113253,2,2,5890.51,2,2013,11,0.0,0.0,511,1
11,24,55,2,1,69242,1,2,2616.5,2,2016,4,0.0,0.0,512,1
9,10,17,2,3,86227,1,3,4225.06,2,2016,6,2014.0,10.0,513,1
7,13,23,1,1,79741,2,1,9122.97,2,2012,6,0.0,0.0,514,1
10,14,36,1,1,59124,2,3,8141.65,2,2017,10,0.0,0.0,515,1
4,7,5,2,1,62770,3,1,12061.98,2,2012,6,0.0,0.0,516,1
7,21,21,2,1,74832,2,3,4764.35,2,2012,10,0.0,0.0,517,1
2,24,48,2,1,92124,2,3,2812.08,2,2015,5,2016.0,1.0,518,1
7,21,30,2,2,0,2,1,10507.6,2,2017,1,0.0,0.0,519,1
7,21,29,1,1,85288,2,2,4669.77,2,2015,9,0.0,0.0,520,1
2,19,38,1,2,0,1,1,7081.19,2,2012,12,0.0,0.0,521,1
6,8,3,1,1,81191,2,3,7696.1,2,2015,4,0.0,0.0,522,1
7,21,29,2,1,78365,2,1,13429.78,2,2016,3,2016.0,10.0,523,1
10,18,38,1,1,80018,1,3,2686.96,2,2015,7,0.0,0.0,524,1
7,21,27,2,1,91100,2,2,7899.96,2,2018,6,0.0,0.0,525,1
7,21,22,1,2,0,2,3,10797.18,2,2013,4,0.0,0.0,526,1
6,7,3,2,1,89661,2,1,9851.89,2,2016,10,0.0,0.0,527,1
7,14,17,2,2,0,2,1,5590.8,2,2017,11,0.0,0.0,528,1
9,13,9,2,1,77922,2,1,14768.1,2,2012,5,0.0,0.0,529,1
9,15,10,2,2,56837,2,3,7157.16,2,2017,2,0.0,0.0,530,1
9,13,12,1,2,0,3,1,22943.2,2,2013,6,0.0,0.0,531,1
4,9,10,1,2,0,3,3,9764.16,2,2013,10,0.0,0.0,532,1
4,6,6,1,1,82447,3,2,3677.27,2,2016,6,0.0,0.0,533,1
7,13,14,2,2,0,2,3,9483.12,2,2015,2,0.0,0.0,534,1
7,21,29,1,1,98615,2,1,7764.0,2,2014,4,0.0,0.0,535,1
2,27,53,1,1,72740,2,2,8723.37,2,2015,8,0.0,0.0,536,1
9,13,10,1,2,0,2,2,3663.6,2,2016,7,2017.0,3.0,537,1
6,8,3,2,1,72538,2,3,5935.36,2,2015,10,0.0,0.0,538,1
2,24,51,1,1,76989,2,3,5327.4,2,2013,5,2017.0,1.0,539,1
1,4,37,2,1,76726,1,3,5425.01,2,2012,10,0.0,0.0,540,1
6,9,6,2,1,61149,2,2,6060.56,2,2014,8,0.0,0.0,541,1
2,24,49,1,1,108366,2,2,9179.72,2,2015,11,0.0,0.0,542,1
1,4,46,1,2,0,3,3,5061.58,2,2014,1,0.0,0.0,543,1
9,14,8,1,4,55033,2,1,8873.22,2,2017,3,0.0,0.0,544,1
2,24,50,2,1,58406,2,3,5754.12,2,2015,3,0.0,0.0,545,1
2,20,29,1,3,88243,3,2,7133.33,2,2015,3,0.0,0.0,546,1
2,24,51,1,1,64162,2,3,15154.06,2,2013,2,0.0,0.0,547,1
9,13,9,2,4,61330,2,2,8656.3,2,2015,8,0.0,0.0,548,1
9,14,10,2,1,86907,1,1,5538.25,2,2018,5,0.0,0.0,549,1
2,25,52,1,2,0,3,3,13298.6,2,2014,2,0.0,0.0,550,1
2,24,51,2,1,71029,2,1,8993.87,2,2012,4,0.0,0.0,551,1
9,11,11,2,1,98297,2,2,7240.25,2,2015,9,0.0,0.0,552,1
7,13,20,2,3,64878,3,3,5526.26,2,2013,4,0.0,0.0,553,1
7,11,30,1,1,87861,1,3,13761.35,2,2014,4,0.0,0.0,554,1
9,13,8,1,1,99303,2,3,4778.99,2,2014,10,0.0,0.0,555,1
2,24,49,1,1,98850,3,3,6542.59,2,2017,1,2018.0,5.0,556,1
7,18,30,1,1,93725,2,3,5619.02,2,2017,11,0.0,0.0,557,1
9,14,9,1,1,57033,2,3,12041.72,2,2017,3,0.0,0.0,558,1
10,20,42,1,1,66801,2,2,5047.49,2,2018,10,0.0,0.0,559,1
7,13,19,2,5,95749,1,3,5308.7,2,2017,3,0.0,0.0,560,1
9,13,17,1,3,72478,2,1,14388.98,2,2017,1,2018.0,0.0,561,1
7,12,18,1,2,0,3,1,11412.64,2,2017,4,0.0,0.0,562,1
3,29,39,1,5,98059,1,2,7190.19,2,2018,1,0.0,0.0,563,1
2,24,49,1,1,90214,2,2,7896.33,2,2013,9,0.0,0.0,564,1
9,13,7,2,5,103285,2,2,3642.0,2,2015,10,0.0,0.0,565,1
7,21,31,2,1,61703,2,2,5122.51,1,2018,2,0.0,0.0,566,1
6,4,4,2,1,79687,1,3,4874.77,1,2018,4,0.0,0.0,567,1
8,3,5,1,4,52582,2,1,4192.42,2,2012,9,0.0,0.0,568,1
2,24,50,1,2,0,2,2,3826.87,2,2017,10,2018.0,6.0,569,1
9,13,14,2,1,95399,2,2,8881.33,2,2015,1,0.0,0.0,570,1
7,21,29,2,2,0,3,3,5832.62,2,2013,7,0.0,0.0,571,1
7,14,15,2,1,85125,2,2,8325.51,2,2013,6,0.0,0.0,572,1
2,26,53,1,1,85823,2,2,2281.6,1,2018,2,0.0,0.0,573,1
7,12,17,1,2,0,1,2,8900.0,2,2013,2,0.0,0.0,574,1
7,21,34,1,2,0,3,3,7448.79,2,2016,4,0.0,0.0,575,1
7,21,26,1,1,65751,2,3,3720.35,2,2015,6,0.0,0.0,576,1
9,13,8,2,1,69726,2,1,18977.65,2,2015,3,0.0,0.0,577,1
2,24,51,2,5,275370,2,2,3036.26,2,2015,8,0.0,0.0,578,1
2,4,41,2,2,0,3,2,4212.8,2,2013,10,0.0,0.0,579,1
2,24,50,2,1,73407,2,1,8981.77,2,2018,12,0.0,0.0,580,1
7,21,22,2,2,0,2,2,5960.55,2,2012,12,0.0,0.0,581,1
7,9,30,2,2,0,3,2,8356.38,2,2015,3,0.0,0.0,582,1
2,24,48,1,1,65189,1,3,2809.77,2,2015,5,0.0,0.0,583,1
9,14,6,1,2,0,2,2,6142.05,2,2016,6,0.0,0.0,584,1
7,21,24,1,2,0,3,1,7200.06,1,2018,3,0.0,0.0,585,1
9,17,16,1,1,86083,3,3,4883.35,2,2013,5,0.0,9.0,586,1
2,24,51,2,1,97750,2,2,6681.57,2,2015,8,0.0,0.0,587,1
2,24,51,1,1,71018,3,2,11927.87,2,2014,9,0.0,0.0,588,1
7,21,24,1,1,89830,2,1,2849.41,2,2016,10,0.0,0.0,589,1
7,21,26,1,1,57986,2,3,9831.76,2,2016,4,0.0,0.0,590,1
1,10,31,2,1,90896,1,1,7356.23,2,2015,11,0.0,0.0,591,1
9,13,10,2,1,57865,1,3,11104.35,2,2014,6,0.0,0.0,592,1
2,24,48,1,1,97666,2,3,4976.36,2,2016,9,0.0,0.0,593,1
9,14,11,1,1,68939,2,3,10750.33,2,2015,9,0.0,0.0,594,1
9,13,8,1,1,21866,2,2,5215.22,2,2016,10,0.0,0.0,595,1
3,29,41,1,1,65493,2,1,13512.82,2,2016,7,0.0,0.0,596,1
3,29,36,2,2,0,3,3,5566.67,2,2016,8,0.0,0.0,597,1
6,7,3,1,1,78921,3,1,4019.16,2,2015,11,0.0,0.0,598,1
4,11,5,1,1,86056,1,2,3295.53,2,2014,8,0.0,0.0,599,1
7,21,36,1,1,68277,2,2,5615.43,2,2018,8,0.0,0.0,600,1
7,13,16,2,1,63750,3,1,11118.25,2,2017,1,0.0,0.0,601,1
1,6,32,1,2,0,2,3,8683.55,2,2013,1,0.0,0.0,602,1
2,24,43,2,1,51111,2,3,11036.17,2,2017,5,2017.0,12.0,603,1
9,17,15,1,2,0,3,2,12667.64,2,2015,9,0.0,0.0,604,1
7,14,21,2,1,66874,2,3,8508.74,2,2016,8,0.0,0.0,605,1
2,25,52,2,2,0,2,3,6240.62,2,2014,2,0.0,0.0,606,1
9,13,10,1,2,0,2,2,4952.06,2,2018,11,0.0,0.0,607,1
7,17,24,2,1,79579,2,3,13487.74,2,2013,2,0.0,0.0,608,1
2,24,49,2,1,56956,2,3,11438.27,2,2017,9,0.0,0.0,609,1
2,4,39,1,1,63479,2,3,3142.72,1,2018,3,0.0,0.0,610,1
1,2,40,1,1,77154,1,1,19526.52,2,2017,3,0.0,0.0,611,1
2,21,38,1,1,67206,2,2,4464.07,1,2018,2,0.0,0.0,612,1
3,29,36,1,2,0,1,2,11979.25,2,2013,2,0.0,0.0,613,1
9,15,13,2,1,75544,1,2,3048.83,2,2015,4,0.0,0.0,614,1
7,14,15,2,2,0,3,2,6139.74,2,2012,9,0.0,0.0,615,1
7,21,34,1,1,78727,2,2,2821.89,2,2016,10,0.0,0.0,616,1
9,12,19,1,1,63444,2,2,18421.41,2,2014,5,0.0,0.0,617,1
8,8,3,2,1,72161,2,2,8261.24,2,2016,3,0.0,0.0,618,1
2,24,50,1,1,72537,1,3,5513.1,2,2016,3,0.0,0.0,619,1
9,13,10,1,1,75975,2,3,5345.74,2,2017,11,0.0,0.0,620,1
6,7,4,1,4,60447,2,2,7418.81,2,2018,9,0.0,0.0,621,1
2,24,49,1,4,64423,3,2,8800.11,2,2013,1,2017.0,8.0,622,1
7,21,27,1,1,79287,2,3,15417.35,2,2016,8,0.0,0.0,623,1
2,24,47,2,1,97911,1,2,8947.2,2,2015,8,0.0,0.0,624,1
6,7,4,2,2,0,3,2,4098.96,2,2012,8,0.0,0.0,625,1
4,11,5,2,1,84235,1,2,6073.35,2,2014,8,0.0,0.0,626,1
7,13,16,1,1,95230,2,1,11956.2,2,2013,1,0.0,0.0,627,1
7,15,13,1,1,56519,2,1,8659.08,2,2017,10,0.0,0.0,628,1
9,21,26,1,1,67154,2,2,18710.31,2,2015,4,0.0,0.0,629,1
9,9,17,2,1,103375,2,1,5757.16,2,2014,9,0.0,0.0,630,1
2,24,50,2,1,54083,2,3,5534.43,2,2016,11,0.0,0.0,631,1
7,13,23,2,2,0,1,3,4436.12,2,2018,12,0.0,0.0,632,1
7,21,30,2,1,66942,3,2,9847.2,2,2012,9,0.0,0.0,633,1
2,24,50,1,1,132022,3,3,5655.16,2,2018,1,0.0,9.0,634,1
7,14,20,1,1,103417,1,3,2397.24,2,2016,5,0.0,0.0,635,1
7,6,31,2,2,0,2,1,8393.59,2,2017,12,0.0,0.0,636,1
7,22,20,2,1,77441,3,3,4981.85,2,2014,10,0.0,0.0,637,1
9,21,30,2,1,81351,1,3,8839.47,2,2016,12,0.0,0.0,638,1
1,4,42,2,1,69978,1,2,5958.75,2,2015,6,0.0,0.0,639,1
7,14,16,1,2,0,2,2,5296.82,2,2018,10,0.0,0.0,640,1
9,9,16,2,1,92477,2,2,8630.12,2,2018,10,0.0,0.0,641,1
3,29,51,2,5,98960,2,2,5497.47,2,2016,6,0.0,0.0,642,1
3,29,39,1,1,79136,2,1,22044.74,2,2012,7,0.0,0.0,643,1
1,21,30,2,2,0,3,3,8488.84,2,2015,9,0.0,0.0,644,1
6,8,3,2,1,67601,2,3,4327.14,2,2013,8,0.0,0.0,645,1
9,13,8,1,1,59165,2,2,5465.04,2,2016,8,0.0,0.0,646,1
10,14,33,1,2,0,3,3,14408.15,2,2016,2,0.0,0.0,647,1
7,21,30,2,1,66555,2,2,7272.17,2,2016,2,0.0,0.0,648,1
9,13,11,1,1,67866,3,2,8057.87,2,2012,3,0.0,0.0,649,1
7,21,23,1,1,70958,2,2,18734.07,2,2013,2,0.0,0.0,650,1
3,29,36,1,2,0,3,2,8503.79,2,2013,10,0.0,0.0,651,1
1,4,45,2,1,101346,2,1,5786.17,2,2015,5,2016.0,1.0,652,1
7,13,16,2,1,76878,2,1,6901.86,2,2015,10,0.0,0.0,653,1
9,13,11,1,1,73638,2,3,7592.74,2,2018,10,0.0,0.0,654,1
9,13,1,2,2,0,2,2,13893.82,2,2017,4,0.0,0.0,655,1
7,21,22,1,1,76252,2,1,9569.32,2,2015,6,0.0,0.0,656,1
4,13,6,2,1,93302,2,2,48906.56,1,2018,4,2018.0,12.0,657,1
2,24,50,2,1,73650,1,3,5446.28,2,2012,7,0.0,0.0,658,1
6,8,3,1,1,54421,2,3,7126.33,2,2014,8,0.0,0.0,659,1
10,14,34,1,1,75527,3,3,7846.19,2,2013,11,0.0,0.0,660,1
2,24,50,2,1,94381,1,2,10877.95,2,2016,8,0.0,0.0,661,1
7,21,35,1,1,82457,2,3,12717.88,2,2017,5,0.0,0.0,662,1
2,28,53,1,1,74216,1,3,2621.11,2,2013,10,0.0,0.0,663,1
7,10,19,1,1,103540,2,3,3254.44,2,2014,10,0.0,0.0,664,1
2,27,53,1,1,68226,2,1,8019.21,2,2017,8,0.0,0.0,665,1
3,29,35,1,1,89085,2,2,7224.7,2,2016,5,2016.0,11.0,666,1
2,25,52,2,1,77603,2,2,5310.69,2,2012,5,0.0,0.0,667,1
7,19,19,2,1,62128,2,2,5072.86,2,2018,8,0.0,0.0,668,1
7,21,31,2,1,49087,2,1,8213.88,1,2018,4,0.0,0.0,669,1
2,24,50,1,1,66235,2,2,7917.24,2,2014,2,0.0,0.0,670,1
9,13,10,1,1,72979,2,3,10961.34,2,2018,11,0.0,0.0,671,1
7,21,29,2,4,61488,1,3,25620.84,2,2015,11,2016.0,7.0,672,1
7,11,22,2,2,0,3,1,7891.85,2,2014,9,0.0,0.0,673,1
7,21,33,1,1,71122,2,2,6881.11,2,2012,4,0.0,0.0,674,1
7,21,27,2,2,0,2,2,18365.56,2,2013,6,0.0,0.0,675,1
9,13,8,2,2,0,3,2,2670.11,2,2012,7,0.0,0.0,676,1
7,21,27,2,2,0,3,2,8132.46,2,2013,2,0.0,0.0,677,1
2,25,52,1,1,78869,2,1,3051.48,2,2018,8,0.0,0.0,678,1
7,21,31,2,1,89455,2,3,19974.11,2,2017,5,0.0,0.0,679,1
2,24,50,2,1,84200,1,1,6494.53,1,2018,2,0.0,0.0,680,1
9,12,15,1,1,89583,1,3,7627.77,2,2016,3,2018.0,0.0,681,1
5,13,1,2,2,0,3,1,5274.76,2,2016,8,0.0,0.0,682,1
7,21,26,2,1,66638,2,1,9521.94,2,2013,9,0.0,0.0,683,1
9,13,11,1,3,125638,2,1,7351.49,2,2015,2,0.0,0.0,684,1
7,21,23,2,1,82204,3,2,8087.81,2,2014,12,0.0,0.0,685,1
7,20,25,1,5,108548,1,2,5852.0,2,2013,11,0.0,0.0,686,1
1,3,34,1,2,0,3,3,2405.2,2,2016,6,0.0,0.0,687,1
7,12,28,1,1,32599,2,3,5407.08,1,2018,4,2018.0,12.0,688,1
7,16,19,2,3,109736,2,2,8167.28,2,2016,11,0.0,0.0,689,1
7,21,23,1,1,61134,2,1,9213.91,2,2016,4,0.0,0.0,690,1
2,24,50,2,1,101146,2,2,5484.18,2,2015,12,0.0,0.0,691,1
1,1,39,1,1,77758,2,3,6170.16,2,2012,6,0.0,0.0,692,1
2,24,47,1,1,68947,3,2,7409.29,2,2012,6,0.0,0.0,693,1
2,24,49,2,1,100459,1,2,10168.06,2,2016,8,0.0,0.0,694,1
4,6,7,1,1,88764,1,1,13631.69,2,2015,5,0.0,0.0,695,1
9,13,10,1,1,72371,3,3,3897.51,2,2017,7,0.0,0.0,696,1
9,21,22,2,1,86611,2,2,15526.97,2,2016,8,0.0,0.0,697,1
9,13,15,1,1,93940,2,1,4684.87,2,2013,11,0.0,0.0,698,1
9,13,13,1,1,53445,2,2,5478.2,2,2018,10,0.0,0.0,699,1
7,21,19,2,1,59714,2,3,7351.38,2,2018,11,0.0,0.0,700,1
3,29,36,1,1,89306,2,2,5924.69,2,2015,5,0.0,0.0,701,1
9,13,17,2,1,52767,2,2,17475.75,2,2015,8,0.0,0.0,702,1
2,24,50,1,1,63327,2,2,11072.43,2,2014,9,0.0,0.0,703,1
6,7,3,2,2,0,3,3,5642.0,2,2018,8,0.0,0.0,704,1
4,13,9,1,1,94434,2,3,7445.6,2,2018,12,2014.0,12.0,705,1
6,7,3,2,1,98959,2,2,2689.83,2,2018,7,0.0,0.0,706,1
3,29,36,1,1,67571,3,1,23385.81,2,2016,6,0.0,0.0,707,1
7,9,30,1,1,85383,2,1,8958.95,2,2018,9,0.0,0.0,708,1
2,24,51,2,1,83880,2,3,5520.25,2,2016,9,0.0,0.0,709,1
2,24,50,1,4,59500,2,3,24522.56,2,2013,4,0.0,0.0,710,1
4,13,4,2,1,93135,2,2,2809.72,2,2018,11,0.0,0.0,711,1
7,21,30,1,1,77268,2,1,14072.54,2,2014,9,2018.0,0.0,712,1
7,21,37,1,2,0,3,1,8719.07,2,2015,6,0.0,0.0,713,1
3,29,40,2,1,73428,2,1,6145.13,2,2012,11,0.0,0.0,714,1
2,24,51,2,1,82033,1,2,8405.24,2,2015,9,0.0,0.0,715,1
2,24,49,2,1,68158,1,3,4366.91,2,2015,3,0.0,0.0,716,1
7,15,17,1,2,0,3,3,12963.38,2,2017,2,0.0,0.0,717,1
7,21,32,1,1,66240,2,3,8600.5,2,2016,3,2017.0,12.0,718,1
7,12,22,1,1,60436,2,3,8285.54,1,2018,3,0.0,0.0,719,1
4,5,15,1,1,73484,2,3,5329.1,2,2018,7,0.0,0.0,720,1
2,24,50,2,1,57437,2,3,3215.93,2,2018,12,0.0,0.0,721,1
7,14,33,2,1,70503,2,3,2848.2,2,2012,5,0.0,0.0,722,1
7,21,34,2,1,70466,2,1,7926.61,2,2013,11,0.0,0.0,723,1
3,29,37,2,1,52450,2,3,10027.69,2,2012,7,0.0,0.0,724,1
7,21,28,1,2,0,1,2,6747.9,2,2018,11,0.0,0.0,725,1
7,21,31,1,1,68102,3,3,8922.76,2,2016,1,2018.0,10.0,726,1
6,7,4,2,2,0,2,3,4984.75,2,2016,4,0.0,0.0,727,1
2,24,51,2,2,0,1,2,9390.28,2,2017,9,0.0,0.0,728,1
9,10,16,2,1,80669,1,3,5816.83,2,2015,7,0.0,0.0,729,1
3,29,34,2,1,62144,2,2,10535.13,2,2015,5,0.0,11.0,730,1
1,4,41,2,1,58674,2,2,14069.29,2,2017,6,2018.0,0.0,731,1
2,24,52,1,2,0,3,1,16212.92,2,2016,2,0.0,0.0,732,1
10,18,30,2,2,0,2,2,8458.63,2,2016,8,0.0,0.0,733,1
9,10,15,1,2,0,1,2,4330.2,2,2017,1,0.0,0.0,734,1
7,13,18,2,1,70328,2,1,23160.16,2,2015,10,0.0,0.0,735,1
4,6,7,1,1,89763,3,2,2851.54,2,2016,9,0.0,0.0,736,1
7,21,34,2,1,65415,2,1,55883.9,2,2013,11,0.0,0.0,737,1
3,29,34,2,2,0,3,3,7217.31,2,2015,1,2017.0,11.0,738,1
2,24,50,2,1,58586,3,3,8312.15,2,2014,5,0.0,0.0,739,1
7,21,25,2,1,62645,2,3,8714.75,2,2014,6,0.0,0.0,740,1
6,8,4,1,1,91341,2,3,9716.23,2,2016,4,0.0,0.0,741,1
7,21,36,1,1,31166,2,3,47450.56,1,2018,3,0.0,0.0,742,1
2,24,50,2,1,60227,3,2,12174.01,2,2017,3,0.0,0.0,743,1
7,21,30,2,1,72832,3,1,13724.42,2,2013,4,0.0,0.0,744,1
7,21,27,2,1,59233,2,3,17783.38,2,2013,11,0.0,0.0,745,1
7,7,30,1,5,113282,2,3,3942.79,2,2013,4,0.0,0.0,746,1
7,21,25,1,4,61253,2,2,7270.75,2,2016,8,0.0,0.0,747,1
7,14,25,2,1,58105,3,2,6033.56,2,2013,6,2018.0,0.0,748,1
7,21,22,2,1,87573,2,3,5514.14,2,2013,6,0.0,0.0,749,1
1,5,44,1,4,81115,2,2,6929.07,2,2015,11,0.0,0.0,750,1
7,21,27,2,1,90838,2,2,8355.37,2,2014,5,0.0,0.0,751,1
7,21,23,2,1,68409,2,3,5354.42,2,2018,5,0.0,0.0,752,1
2,24,52,2,4,58595,2,3,14664.96,2,2013,4,0.0,0.0,753,1
7,16,15,1,1,91761,2,3,2850.82,2,2018,9,0.0,0.0,754,1
7,21,24,2,1,90582,2,3,2758.13,2,2014,12,0.0,0.0,755,1
3,29,37,1,4,57593,3,1,7775.63,1,2018,4,0.0,0.0,756,1
2,24,50,2,1,93721,3,1,16276.05,2,2017,1,0.0,0.0,757,1
9,13,14,1,2,0,3,3,14689.84,2,2014,3,0.0,0.0,758,1
7,21,27,1,1,57961,2,2,12179.64,2,2015,4,2015.0,12.0,759,1
1,3,35,1,1,78855,2,3,4909.63,1,2018,4,0.0,0.0,760,1
2,3,45,2,1,69698,1,1,4396.94,2,2015,6,0.0,0.0,761,1
1,13,21,2,1,74159,2,2,5546.21,1,2018,4,0.0,0.0,762,1
2,4,47,1,1,78143,3,2,11157.33,2,2016,3,0.0,0.0,763,1
7,21,21,1,1,53242,2,2,9068.48,2,2015,4,2015.0,12.0,764,1
9,13,10,2,2,0,3,3,5080.32,2,2013,6,0.0,0.0,765,1
9,13,12,1,1,78119,2,1,8871.52,2,2016,2,0.0,0.0,766,1
7,21,31,1,1,64507,1,1,16618.35,2,2013,3,0.0,0.0,767,1
9,13,10,1,1,61610,1,3,12362.29,1,2018,2,0.0,0.0,768,1
9,8,15,2,1,96495,2,1,5674.07,2,2015,9,0.0,0.0,769,1
11,26,55,1,1,77022,2,2,2507.89,2,2017,11,0.0,0.0,770,1
9,13,9,2,1,97259,3,3,2414.62,2,2017,12,0.0,0.0,771,1
2,27,53,2,1,50125,2,3,3208.52,1,2018,2,0.0,0.0,772,1
9,13,16,2,2,0,3,1,9242.18,2,2013,9,0.0,0.0,773,1
7,21,23,2,5,116246,2,3,8766.11,2,2014,7,0.0,0.0,774,1
6,6,4,2,1,83418,1,3,2785.82,1,2018,4,0.0,0.0,775,1
2,24,51,1,1,73975,1,3,5725.9,2,2015,3,0.0,0.0,776,1
2,21,44,1,4,62032,1,3,13160.41,2,2016,1,2017.0,3.0,777,1
7,21,30,1,2,0,3,1,4593.3,2,2017,10,0.0,0.0,778,1
1,5,44,2,1,68028,3,3,2704.8,2,2013,10,0.0,0.0,779,1
2,24,50,1,1,62365,2,1,20420.22,2,2018,11,0.0,0.0,780,1
7,9,30,1,2,0,3,3,12861.58,2,2014,3,0.0,0.0,781,1
7,21,34,2,2,0,2,3,2281.47,2,2017,5,0.0,0.0,782,1
9,21,16,2,1,92361,2,1,26412.81,2,2013,6,0.0,0.0,783,1
9,13,12,2,2,0,3,3,9978.04,2,2013,7,2017.0,8.0,784,1
1,5,42,2,1,88763,1,3,5654.13,2,2015,10,0.0,0.0,785,1
7,14,16,1,4,60790,2,3,8340.98,2,2014,9,0.0,0.0,786,1
5,19,1,2,1,83971,3,3,2776.65,2,2018,10,0.0,0.0,787,1
4,6,6,2,2,0,2,3,3415.28,2,2014,4,0.0,0.0,788,1
7,21,27,1,1,78927,2,3,8624.17,2,2016,2,2015.0,10.0,789,1
2,24,51,1,1,64138,2,2,4406.85,2,2013,11,0.0,0.0,790,1
9,12,9,1,1,92519,3,2,5477.86,2,2016,9,0.0,0.0,791,1
10,14,37,2,2,0,3,2,21404.92,2,2016,3,0.0,0.0,792,1
9,13,12,1,1,91232,2,2,8429.19,2,2014,1,0.0,0.0,793,1
9,12,14,1,3,128164,2,3,3242.39,2,2018,12,0.0,0.0,794,1
7,14,19,2,4,76269,1,3,13605.63,2,2014,10,0.0,0.0,795,1
7,21,29,2,1,63194,2,1,4954.5,2,2014,11,0.0,0.0,796,1
3,29,46,2,2,0,2,1,16115.18,2,2016,10,0.0,0.0,797,1
7,14,16,1,1,55469,3,3,9399.45,2,2017,3,0.0,0.0,798,1
7,21,21,2,1,79221,2,2,2915.53,2,2014,10,0.0,0.0,799,1
7,21,30,2,2,0,3,2,7548.53,2,2016,2,0.0,0.0,800,1
2,24,49,2,1,60095,2,3,6854.62,2,2017,2,2017.0,12.0,801,1
2,19,21,2,1,72056,1,2,21410.38,2,2013,2,0.0,0.0,802,1
7,15,18,2,1,94737,2,3,6452.42,2,2017,9,2018.0,0.0,803,1
7,19,20,2,3,64058,2,3,7090.66,2,2014,6,0.0,0.0,804,1
4,12,5,2,2,0,3,2,3841.75,2,2012,9,0.0,0.0,805,1
9,13,10,2,1,95199,1,2,5778.31,2,2015,3,0.0,0.0,806,1
3,29,34,2,1,65558,3,3,6090.49,2,2016,6,2016.0,9.0,807,1
2,24,50,1,1,124803,2,3,5231.46,2,2013,3,0.0,0.0,808,1
10,21,38,2,2,0,2,2,5100.09,2,2014,8,2018.0,2.0,809,1
9,12,11,1,1,88303,2,3,5041.59,2,2012,11,0.0,0.0,810,1
2,24,46,1,2,0,3,3,4290.22,2,2017,11,0.0,0.0,811,1
2,24,51,1,2,0,3,3,2528.7,2,2014,6,2017.0,0.0,812,1
7,21,30,1,1,67875,2,2,8990.15,2,2016,2,0.0,0.0,813,1
3,29,38,1,1,54389,3,2,5030.37,1,2018,3,0.0,0.0,814,1
10,17,37,2,1,93866,1,3,5226.46,1,2018,3,0.0,0.0,815,1
1,1,42,2,2,0,3,1,5273.1,2,2013,11,0.0,0.0,816,1
2,24,50,1,3,111231,1,2,6319.87,2,2015,1,0.0,0.0,817,1
2,24,51,2,4,66365,2,1,8341.74,2,2018,7,0.0,0.0,818,1
7,21,23,2,1,68774,2,3,6100.86,2,2012,5,0.0,0.0,819,1
7,17,17,2,2,0,3,3,5073.14,2,2012,7,0.0,0.0,820,1
2,26,52,1,1,90660,2,1,15805.6,2,2014,8,0.0,0.0,821,1
7,21,28,1,1,76047,2,2,4945.57,2,2012,6,0.0,0.0,822,1
9,13,11,2,1,64038,3,3,5812.56,2,2015,4,0.0,0.0,823,1
7,21,30,1,1,64335,3,3,5628.97,2,2014,4,0.0,0.0,824,1
2,5,39,1,1,77599,2,2,4999.47,2,2015,2,2015.0,9.0,825,1
2,24,49,2,1,54497,2,3,8261.7,2,2017,11,0.0,0.0,826,1
9,8,5,2,1,91669,1,2,3994.37,2,2015,3,0.0,0.0,827,1
9,13,13,2,1,67876,3,3,10526.06,2,2015,7,0.0,0.0,828,1
9,14,9,1,1,94588,3,3,6308.27,2,2014,3,2018.0,10.0,829,1
7,20,17,1,2,0,1,3,7562.98,2,2016,2,0.0,0.0,830,1
1,21,35,1,2,0,2,3,9706.25,2,2015,9,0.0,0.0,831,1
9,11,7,2,3,102486,2,2,12534.13,2,2012,6,0.0,0.0,832,1
7,21,33,1,1,93332,1,2,2618.92,2,2018,10,0.0,0.0,833,1
9,12,10,1,1,55135,2,3,7317.18,2,2015,1,0.0,0.0,834,1
7,21,29,2,1,61546,2,3,7058.84,2,2013,6,0.0,0.0,835,1
2,24,50,1,5,229894,2,1,6375.98,2,2018,1,2018.0,9.0,836,1
7,21,23,2,2,0,2,2,7008.98,2,2018,10,0.0,0.0,837,1
7,21,27,2,1,50650,2,3,19299.28,2,2016,10,0.0,0.0,838,1
7,14,18,2,1,63554,3,3,12369.2,2,2017,12,0.0,0.0,839,1
9,13,9,2,1,76011,2,3,4613.7,2,2014,11,0.0,0.0,840,1
6,8,2,2,1,78346,2,1,15594.97,2,2014,3,0.0,0.0,841,1
9,13,10,1,1,87495,1,1,7234.38,2,2015,4,0.0,0.0,842,1
4,6,9,2,1,61850,2,2,12362.1,2,2012,5,0.0,0.0,843,1
9,13,11,2,2,0,2,2,14327.9,2,2018,6,0.0,0.0,844,1
5,13,4,1,2,0,2,2,5287.82,2,2017,9,2017.0,2.0,845,1
2,24,50,1,1,69237,2,1,8975.5,2,2013,3,0.0,0.0,846,1
7,15,15,1,1,91175,2,1,9656.85,2,2015,4,2014.0,12.0,847,1
2,24,49,1,1,102563,2,2,7883.74,1,2018,2,2018.0,10.0,848,1
2,24,49,2,1,103435,1,2,8471.1,2,2016,8,0.0,0.0,849,1
2,24,49,1,1,95288,2,2,8459.08,2,2018,1,0.0,10.0,850,1
1,5,43,1,1,84086,2,2,6907.21,2,2016,10,0.0,0.0,851,1
2,24,43,1,2,0,3,3,2992.41,2,2012,11,0.0,0.0,852,1
7,10,28,2,2,0,2,3,2357.7,2,2018,9,0.0,0.0,853,1
7,21,32,1,4,77485,2,2,13103.69,2,2015,4,0.0,0.0,854,1
3,29,38,1,1,89105,2,1,6368.23,2,2016,5,2017.0,1.0,855,1
9,13,9,1,1,62830,2,1,9427.99,2,2015,3,0.0,0.0,856,1
2,24,47,1,2,0,3,1,11441.0,2,2015,11,0.0,0.0,857,1
9,13,9,2,2,0,2,2,8101.55,2,2017,9,0.0,0.0,858,1
2,24,50,2,1,63403,2,2,9842.05,2,2015,9,0.0,0.0,859,1
2,24,52,2,1,71135,2,3,8017.31,2,2012,11,0.0,0.0,860,1
2,24,51,2,2,0,2,3,5794.51,2,2014,1,0.0,0.0,861,1
9,13,6,2,2,0,3,3,7367.03,2,2012,7,0.0,0.0,862,1
2,24,51,1,1,77824,2,2,5570.7,2,2015,9,0.0,0.0,863,1
9,8,16,1,2,0,2,3,19621.27,2,2013,4,0.0,0.0,864,1
9,13,10,1,1,85233,2,1,7954.19,2,2013,1,0.0,0.0,865,1
7,21,26,1,4,77977,2,2,6468.48,2,2015,12,0.0,0.0,866,1
2,27,52,2,1,63087,2,1,7278.41,2,2015,1,0.0,0.0,867,1
7,13,11,2,2,0,3,3,5736.39,2,2016,8,0.0,0.0,868,1
2,24,51,1,4,71215,1,2,9861.92,2,2017,6,0.0,0.0,869,1
1,7,34,2,1,75099,2,3,7770.12,2,2016,3,0.0,0.0,870,1
2,24,49,1,1,71530,2,3,4924.41,2,2017,9,2018.0,5.0,871,1
7,21,35,1,1,63873,2,3,5352.32,2,2014,7,0.0,0.0,872,1
9,13,15,1,3,101899,2,3,6959.5,2,2015,1,0.0,0.0,873,1
4,6,5,1,4,80846,1,3,3084.27,2,2015,11,0.0,0.0,874,1
10,15,38,2,4,0,3,3,8403.95,2,2015,5,0.0,0.0,875,1
7,14,19,2,1,68261,3,3,5167.98,2,2015,9,0.0,0.0,876,1
3,29,36,2,3,87485,2,1,2975.45,2,2015,6,0.0,0.0,877,1
1,5,43,2,2,0,3,2,5838.07,2,2017,12,0.0,0.0,878,1
2,24,52,2,5,127211,1,3,2077.62,2,2015,11,0.0,0.0,879,1
2,26,52,1,1,85586,2,2,6294.22,1,2018,2,0.0,0.0,880,1
2,24,51,2,3,272390,2,3,3955.94,1,2018,4,0.0,0.0,881,1
9,13,9,2,2,0,3,2,12796.07,2,2018,3,0.0,0.0,882,1
7,13,16,1,1,77493,2,2,7375.13,2,2018,12,0.0,0.0,883,1
9,13,12,1,1,75264,3,2,10232.22,2,2018,9,0.0,0.0,884,1
3,29,38,1,1,70607,3,2,19168.89,2,2016,11,0.0,0.0,885,1
9,13,10,1,1,52094,1,1,7835.49,2,2014,11,0.0,0.0,886,1
2,24,46,2,1,61771,2,2,5403.16,2,2015,6,0.0,0.0,887,1
7,21,30,2,1,84516,2,1,6972.57,2,2016,6,0.0,0.0,888,1
2,24,50,1,1,94334,2,3,2767.04,2,2016,9,0.0,0.0,889,1
2,24,51,2,1,64962,2,1,6389.12,2,2017,11,0.0,0.0,890,1
2,24,51,1,1,56298,2,3,5463.58,2,2012,11,0.0,0.0,891,1
1,4,39,2,1,68695,2,2,11234.94,2,2017,5,2018.0,0.0,892,1
1,3,43,2,1,68279,1,1,5715.61,2,2015,6,0.0,0.0,893,1
2,24,50,2,1,58470,3,2,15869.37,2,2014,3,0.0,0.0,894,1
7,21,24,2,1,91782,2,1,5208.67,2,2015,1,0.0,0.0,895,1
6,6,5,2,2,0,2,3,5320.44,2,2015,8,0.0,0.0,896,1
2,27,53,2,2,0,3,1,10515.17,2,2016,3,0.0,0.0,897,1
4,12,5,2,1,88515,1,2,4037.95,2,2014,10,0.0,0.0,898,1
6,7,3,2,1,94059,2,2,14368.25,2,2017,4,0.0,0.0,899,1
2,24,51,1,1,79881,1,3,3598.77,2,2016,3,0.0,0.0,900,1
7,21,22,1,1,56330,2,3,8137.07,2,2013,5,2018.0,0.0,901,1
7,21,30,1,4,72172,2,1,8933.99,2,2013,9,0.0,0.0,902,1
2,24,47,1,2,0,3,2,9138.95,2,2016,5,0.0,0.0,903,1
7,21,29,1,1,82151,3,1,8335.19,2,2013,12,2017.0,10.0,904,1
2,24,50,1,3,144260,2,1,7727.59,2,2014,11,0.0,0.0,905,1
1,4,39,1,1,83166,3,3,2791.46,2,2018,5,0.0,0.0,906,1
5,8,1,2,2,0,3,1,5770.93,2,2016,7,0.0,0.0,907,1
7,21,28,2,2,0,2,2,16532.8,2,2013,6,0.0,0.0,908,1
7,21,24,2,1,77791,2,3,16141.98,2,2017,5,0.0,0.0,909,1
9,13,11,1,1,86269,2,2,3056.34,2,2016,12,0.0,0.0,910,1
7,21,22,2,2,0,3,2,4526.16,2,2013,6,0.0,0.0,911,1
7,14,16,2,1,60886,2,2,8798.85,2,2018,10,0.0,0.0,912,1
4,7,7,2,5,118789,2,2,6467.4,2,2013,8,0.0,0.0,913,1
7,21,20,2,2,0,2,1,5664.18,1,2018,4,0.0,0.0,914,1
7,21,32,1,1,76736,2,3,7073.27,2,2015,3,0.0,0.0,915,1
2,24,47,2,1,62185,2,1,13788.22,2,2014,3,0.0,0.0,916,1
9,13,10,1,3,102424,1,3,5162.86,2,2015,9,0.0,0.0,917,1
4,6,6,2,2,0,3,3,2481.65,2,2013,9,0.0,0.0,918,1
7,13,20,1,2,0,2,2,5355.4,2,2016,1,2016.0,9.0,919,1
2,24,51,1,1,90535,2,2,5355.24,2,2017,5,0.0,0.0,920,1
9,13,8,2,1,78409,2,3,9523.53,2,2015,9,0.0,0.0,921,1
4,6,6,1,1,94099,1,3,4509.28,2,2014,8,0.0,0.0,922,1
6,20,17,2,3,76593,3,1,16415.9,2,2014,4,0.0,0.0,923,1
2,24,44,1,1,68349,3,3,8243.96,2,2016,5,2018.0,10.0,924,1
2,24,51,1,3,126365,1,3,2961.86,2,2013,10,0.0,0.0,925,1
7,21,25,2,3,223931,2,3,2452.26,2,2017,10,0.0,0.0,926,1
1,6,33,2,5,72988,2,2,5374.54,2,2015,8,0.0,0.0,927,1
7,21,31,2,1,57991,2,1,7439.44,2,2015,11,0.0,0.0,928,1
7,17,19,2,1,50592,3,2,8617.65,2,2017,7,0.0,0.0,929,1
2,26,52,2,1,82513,1,3,5966.83,2,2015,12,0.0,0.0,930,1
6,8,3,2,4,80083,2,1,9440.8,2,2015,3,0.0,0.0,931,1
2,25,54,1,1,81444,3,3,5623.53,2,2015,9,0.0,0.0,932,1
7,13,24,2,2,0,3,2,7383.0,2,2016,7,0.0,0.0,933,1
7,21,25,2,4,57520,2,3,6302.45,2,2015,5,0.0,0.0,934,1
9,13,15,2,2,0,3,3,7687.52,2,2014,1,0.0,0.0,935,1
8,4,3,2,1,79414,1,2,8340.85,2,2018,7,0.0,0.0,936,1
9,21,15,2,1,85264,2,1,26333.08,2,2016,6,0.0,0.0,937,1
7,15,18,1,1,63308,2,2,10158.73,2,2016,8,0.0,0.0,938,1
9,13,15,1,1,73985,2,3,18546.24,2,2016,11,0.0,0.0,939,1
7,21,33,2,1,58991,1,2,5435.1,2,2015,5,0.0,0.0,940,1
6,7,3,1,1,78176,1,3,2767.23,2,2013,10,0.0,0.0,941,1
7,21,25,1,1,78366,3,2,7716.42,2,2016,9,0.0,0.0,942,1
7,19,20,1,2,0,3,2,6433.7,2,2014,2,0.0,0.0,943,1
9,13,14,2,1,82404,3,3,3292.38,2,2017,2,2017.0,5.0,944,1
2,24,50,1,3,98290,2,3,6630.89,2,2013,1,2013.0,11.0,945,1
8,8,3,2,1,85911,2,1,6335.32,2,2017,3,0.0,0.0,946,1
7,21,30,2,1,70060,2,3,9105.45,2,2014,3,0.0,0.0,947,1
2,24,50,1,1,93160,1,2,5696.16,2,2016,8,0.0,0.0,948,1
4,6,5,2,5,101740,2,2,7371.27,2,2015,8,0.0,0.0,949,1
1,5,39,2,1,59519,2,2,3684.04,2,2016,2,0.0,0.0,950,1
2,24,50,2,3,120244,1,3,5743.95,2,2018,10,0.0,0.0,951,1
7,21,26,2,1,70212,2,2,14753.4,2,2013,3,0.0,0.0,952,1
9,13,9,1,2,0,2,3,2824.27,2,2013,1,2018.0,6.0,953,1
4,6,6,1,2,0,2,3,3312.54,2,2014,4,0.0,0.0,954,1
10,14,34,2,1,59043,3,3,9160.37,2,2017,8,0.0,0.0,955,1
7,9,22,2,2,0,3,2,8955.57,2,2015,10,0.0,0.0,956,1
9,12,11,2,2,0,3,3,3537.52,2,2018,10,2018.0,3.0,957,1
1,5,43,1,1,67689,1,1,8366.95,2,2016,11,0.0,0.0,958,1
9,11,16,1,1,93154,2,3,10213.03,2,2015,12,0.0,0.0,959,1
9,9,17,1,1,84092,2,2,5769.88,2,2015,11,0.0,0.0,960,1
7,9,33,2,1,63720,3,1,23593.43,2,2015,9,0.0,0.0,961,1
2,24,47,1,2,0,3,2,7189.99,2,2013,8,0.0,0.0,962,1
7,21,33,2,1,62503,2,2,5372.63,1,2018,2,0.0,0.0,963,1
1,5,45,2,1,83013,1,2,5781.67,2,2013,10,0.0,0.0,964,1
9,17,9,1,1,78778,2,3,5426.52,2,2015,5,0.0,0.0,965,1
4,8,7,1,4,63825,2,1,6845.93,2,2014,11,0.0,0.0,966,1
3,29,38,1,2,0,3,3,3557.99,2,2017,1,0.0,0.0,967,1
7,21,30,1,1,62584,1,3,2717.78,2,2014,2,0.0,0.0,968,1
7,21,34,2,1,73629,2,2,5743.08,2,2016,5,0.0,0.0,969,1
7,14,19,1,1,81297,1,2,8421.68,2,2017,8,0.0,0.0,970,1
7,15,19,2,2,0,2,2,3309.28,2,2018,10,0.0,0.0,971,1
2,24,50,2,1,55363,2,3,5499.02,2,2018,10,0.0,0.0,972,1
9,18,7,1,2,0,2,3,2449.75,1,2018,2,0.0,0.0,973,1
6,9,4,1,1,90240,2,3,5359.07,2,2016,10,0.0,0.0,974,1
2,24,50,2,4,52705,2,3,2902.57,2,2018,11,0.0,0.0,975,1
6,7,4,2,1,63817,1,3,8134.66,2,2018,11,0.0,0.0,976,1
2,24,51,1,1,57025,2,1,17258.21,2,2014,12,0.0,0.0,977,1
7,21,28,1,1,67420,2,3,8011.89,2,2014,12,0.0,0.0,978,1
2,24,48,2,1,85824,3,3,8662.5,2,2018,1,2018.0,9.0,979,1
5,13,3,1,1,88870,3,3,7168.38,2,2016,10,0.0,0.0,980,1
2,24,49,2,1,73986,1,2,5425.76,2,2014,11,0.0,0.0,981,1
2,24,51,1,1,74957,3,3,8913.28,2,2018,9,0.0,0.0,982,1
5,18,1,1,5,111943,2,2,4437.55,2,2016,10,0.0,0.0,983,1
2,23,49,2,2,0,3,3,3454.8,2,2015,3,0.0,0.0,984,1
7,21,30,2,1,69601,3,3,11479.12,1,2018,3,0.0,0.0,985,1
7,21,15,1,2,0,3,3,7869.32,2,2015,5,0.0,0.0,986,1
2,24,51,2,1,83111,2,1,8660.37,2,2015,9,0.0,0.0,987,1
2,24,50,2,1,75012,2,3,5621.47,2,2013,5,0.0,0.0,988,1
7,21,31,2,1,61501,2,3,5700.03,2,2018,8,0.0,12.0,989,1
2,24,51,2,1,74412,2,3,4745.94,2,2013,7,0.0,0.0,990,1
9,21,12,2,4,73818,2,2,11106.11,2,2013,8,0.0,0.0,991,1
2,23,51,2,1,77615,2,2,6493.82,2,2014,11,0.0,0.0,992,1
7,17,23,2,1,57861,2,3,6100.24,2,2018,11,0.0,0.0,993,1
9,13,16,2,1,79988,2,3,3244.34,2,2018,10,0.0,0.0,994,1
2,24,50,2,1,79651,2,3,47009.18,2,2016,7,2016.0,3.0,995,1
7,19,33,2,2,0,3,1,5488.63,2,2016,9,0.0,0.0,996,1
7,22,31,1,2,0,3,3,3567.32,2,2015,3,0.0,0.0,997,1
5,9,5,2,1,80619,1,3,2799.09,2,2016,4,0.0,0.0,998,1
2,21,30,2,1,74423,2,1,5699.06,2,2016,11,0.0,0.0,999,1
