loyalty_history_id,country,province,city,postal_code,gender,education,salary,marital_status,loyalty_card,clv,enrollment_type,enrollment_year,enrollment_month,cancellation_year,cancellation_month
0,1,2,24,51,2,3,112641.0,2,3,2398.62,2,2017,10,0.0,0.0
1,1,2,24,51,1,1,87110.0,1,3,2496.58,2,2012,10,0.0,0.0
2,1,2,4,46,1,1,51891.0,1,3,2695.48,2,2015,5,0.0,0.0
3,1,7,21,34,1,1,64245.0,2,2,7410.53,2,2018,5,0.0,0.0
4,1,9,13,11,2,1,55167.0,2,1,18070.28,2,2018,1,0.0,0.0
5,1,7,21,23,2,1,95564.0,2,3,2719.24,2,2016,4,0.0,0.0
6,1,7,21,32,1,1,86608.0,3,2,5009.16,2,2012,5,0.0,0.0
7,1,2,24,50,2,1,87118.0,2,2,7407.45,2,2016,4,0.0,0.0
8,1,7,21,33,2,2,0.0,2,2,5181.47,2,2018,11,0.0,0.0
9,1,7,19,28,1,1,62237.0,2,3,7646.06,2,2012,11,0.0,0.0
10,1,7,21,34,1,1,74004.0,2,3,3028.75,2,2018,11,0.0,0.0
11,1,7,21,32,2,1,96608.0,2,3,4625.17,2,2012,9,0.0,0.0
12,1,9,13,9,2,1,75312.0,2,2,8476.84,2,2013,4,0.0,0.0
13,1,7,10,30,2,1,72651.0,2,2,5178.98,2,2018,8,0.0,0.0
14,1,7,21,21,2,1,71660.0,1,3,4663.06,2,2012,8,0.0,0.0
15,1,2,24,49,1,2,0.0,3,2,3428.46,2,2013,6,0.0,0.0
16,1,7,21,31,1,2,0.0,2,3,2382.47,2,2017,3,0.0,0.0
17,1,6,7,3,1,1,91977.0,1,3,2666.95,2,2016,8,0.0,0.0
18,1,7,21,31,2,3,46669.0,2,3,4632.88,2,2015,4,0.0,0.0
19,1,7,14,17,1,1,97948.0,2,1,7611.55,1,2018,4,0.0,0.0
20,1,7,21,21,2,1,59607.0,2,2,8048.53,2,2012,12,0.0,0.0
21,1,2,27,53,2,1,93869.0,2,2,11631.98,2,2015,7,0.0,0.0
22,1,10,17,40,1,2,0.0,3,3,6240.07,2,2015,12,0.0,0.0
23,1,9,13,14,2,2,0.0,2,3,5379.73,2,2018,8,0.0,0.0
24,1,2,24,51,2,1,92917.0,3,1,5689.93,2,2016,8,0.0,0.0
25,1,9,8,16,1,1,84914.0,2,1,5363.13,2,2016,9,0.0,0.0
26,1,7,21,21,1,1,86210.0,2,3,4469.16,2,2014,11,0.0,0.0
27,1,4,6,6,1,1,86714.0,2,2,14477.14,2,2012,7,0.0,0.0
28,1,2,24,52,2,1,82907.0,2,1,13118.53,2,2018,12,0.0,0.0
29,1,2,25,48,1,1,92317.0,2,3,4338.06,2,2016,10,2017.0,1.0
30,1,7,14,17,1,1,52971.0,2,3,5101.68,1,2018,2,0.0,0.0
31,1,6,7,3,2,1,80881.0,2,1,11989.98,2,2016,12,0.0,0.0
32,1,1,15,45,1,1,81396.0,2,2,5680.27,2,2016,5,0.0,0.0
33,1,10,17,39,1,1,72606.0,1,2,5284.93,2,2016,8,0.0,0.0
34,1,7,21,32,2,2,0.0,3,3,4064.44,2,2013,3,0.0,0.0
35,1,7,21,32,2,1,73448.0,2,3,5007.58,2,2013,7,0.0,0.0
36,1,1,5,44,1,1,64001.0,2,2,3245.54,2,2012,4,0.0,0.0
37,1,7,21,31,1,1,52837.0,2,2,5618.75,1,2018,2,0.0,0.0
38,1,7,23,20,2,2,0.0,2,2,5103.46,2,2018,8,0.0,0.0
39,1,9,13,10,2,1,95367.0,2,3,4829.87,2,2013,7,2017.0,3.0
40,1,9,13,14,1,1,89416.0,2,3,5881.33,2,2016,1,0.0,0.0
41,1,9,13,11,2,1,78136.0,2,2,25073.07,2,2013,1,0.0,0.0
42,1,7,14,18,1,1,61880.0,2,2,8265.33,2,2013,2,0.0,0.0
43,1,2,24,49,2,1,98314.0,2,1,6623.53,2,2016,5,0.0,0.0
44,1,9,13,11,1,1,91146.0,2,3,29151.05,2,2013,12,0.0,0.0
45,1,7,11,27,2,2,0.0,3,3,17099.06,2,2016,12,0.0,0.0
46,1,9,13,9,2,3,271243.0,2,2,8160.36,2,2017,8,0.0,0.0
47,1,7,14,17,1,1,84514.0,2,3,4326.13,1,2018,3,0.0,0.0
48,1,2,24,51,2,1,67915.0,2,2,5730.58,1,2018,3,0.0,0.0
49,1,3,29,36,1,1,57116.0,1,2,4743.45,2,2017,10,0.0,0.0
50,1,9,13,8,2,1,93800.0,2,2,10359.02,2,2015,9,2018.0,4.0
51,1,2,26,54,2,1,77116.0,2,2,3428.81,2,2018,8,0.0,0.0
52,1,2,24,52,2,1,58345.0,2,2,6795.74,2,2017,6,0.0,0.0
53,1,2,24,51,2,1,68686.0,2,3,2807.51,2,2018,11,0.0,0.0
54,1,7,21,23,1,2,0.0,2,3,8331.44,2,2018,5,0.0,0.0
55,1,7,21,23,2,2,0.0,3,1,7270.04,2,2018,11,0.0,0.0
56,1,9,13,11,2,1,65360.0,2,3,9455.72,2,2018,8,0.0,0.0
57,1,3,29,36,2,4,42026.0,3,3,4346.06,2,2013,1,2017.0,9.0
58,1,2,27,53,2,3,183849.0,2,2,5822.87,2,2016,11,0.0,0.0
59,1,9,13,9,1,1,67238.0,2,1,16650.98,2,2013,10,0.0,0.0
60,1,3,29,36,1,1,87645.0,2,2,22692.55,2,2016,1,0.0,0.0
61,1,6,7,3,2,1,99807.0,2,3,2748.54,2,2012,8,0.0,0.0
62,1,7,21,21,2,1,83510.0,3,2,9137.59,2,2014,17,0.0,0.0
63,1,7,21,24,1,1,69360.0,2,3,2736.05,2,2015,10,0.0,0.0
64,1,4,6,6,2,1,93849.0,1,1,15631.18,2,2013,5,0.0,0.0
65,1,6,7,3,2,1,91239.0,2,2,7838.95,2,2016,11,0.0,0.0
66,1,2,26,54,2,1,64673.0,3,2,5276.77,2,2018,8,0.0,0.0
67,1,9,13,11,1,1,52416.0,2,3,5430.46,2,2016,1,0.0,0.0
68,1,7,21,22,1,1,68225.0,2,3,4870.31,2,2016,1,0.0,0.0
69,1,5,18,1,2,1,74014.0,3,2,3046.53,2,2012,12,0.0,0.0
70,1,9,13,10,2,1,84968.0,2,3,4650.68,2,2018,8,0.0,0.0
71,1,2,24,52,1,1,80845.0,1,3,2436.86,2,2013,5,0.0,0.0
72,1,2,24,51,1,1,85167.0,2,2,26690.74,2,2017,9,0.0,0.0
73,1,3,29,36,1,2,0.0,3,3,21034.78,2,2018,8,0.0,0.0
74,1,2,24,51,2,3,188118.0,2,2,5770.45,2,2013,10,0.0,0.0
75,1,1,5,42,1,1,52441.0,2,2,5035.94,1,2018,4,0.0,0.0
76,1,3,29,37,2,1,58781.0,2,2,8045.0,2,2012,11,0.0,0.0
77,1,3,29,36,2,1,88969.0,1,2,30442.54,2,2014,6,0.0,0.0
78,1,2,24,51,1,1,89575.0,1,2,8690.53,2,2018,8,0.0,0.0
79,1,2,24,51,2,1,50916.0,2,3,2589.09,1,2018,2,0.0,0.0
80,1,7,21,31,2,2,0.0,2,2,3099.03,2,2013,6,0.0,0.0
81,1,7,10,30,1,1,48559.0,2,3,9087.45,2,2013,1,2016.0,9.0
82,1,9,13,10,2,2,0.0,2,3,27615.04,2,2018,8,0.0,0.0
83,1,9,13,10,2,1,86831.0,2,2,5291.38,2,2013,11,0.0,0.0
84,1,2,24,50,1,1,59557.0,2,1,7390.06,2,2013,12,0.0,0.0
85,1,4,6,6,1,1,52877.0,2,2,5626.31,2,2013,11,2016.0,9.0
86,1,2,24,51,2,2,0.0,1,2,5657.73,2,2018,9,0.0,0.0
87,1,7,14,18,1,1,84394.0,2,2,3520.78,2,2014,10,0.0,0.0
88,1,9,13,14,2,1,89766.0,2,3,11081.26,2,2014,2,0.0,0.0
89,1,2,24,51,2,1,64378.0,2,2,5392.03,2,2018,9,0.0,0.0
90,1,7,21,25,2,2,0.0,3,3,2383.76,2,2016,4,0.0,0.0
91,1,9,22,15,1,1,89837.0,2,2,5096.77,2,2016,4,0.0,0.0
92,1,4,6,6,1,2,0.0,2,2,3269.16,2,2012,7,0.0,0.0
93,1,6,7,3,2,2,0.0,3,3,7090.46,2,2016,12,2017.0,8.0
94,1,2,24,52,2,2,0.0,2,2,13407.53,2,2018,7,0.0,0.0
95,1,7,21,33,1,1,63799.0,2,2,8101.1,2,2014,8,2014.0,1.0
96,1,7,21,23,2,1,82559.0,2,3,5319.13,2,2015,1,2015.0,9.0
97,1,9,16,7,1,1,88425.0,2,1,25209.53,2,2016,10,0.0,0.0
98,1,2,24,51,2,3,195866.0,2,3,2302.97,2,2013,12,0.0,0.0
99,1,2,24,51,1,2,0.0,3,3,2349.06,2,2017,11,0.0,0.0
100,1,9,13,11,1,1,94246.0,2,2,7099.0,2,2017,12,0.0,0.0
101,1,7,14,18,2,2,0.0,2,2,3569.65,2,2013,1,2015.0,9.0
102,1,9,13,10,2,2,0.0,2,3,4621.25,2,2018,5,0.0,0.0
103,1,6,7,3,2,1,91596.0,1,3,2756.46,2,2015,1,0.0,0.0
104,1,7,21,23,1,1,83068.0,2,2,8644.05,2,2016,8,2017.0,11.0
105,1,7,10,30,1,4,72097.0,2,3,26731.92,2,2013,10,0.0,0.0
106,1,2,27,52,1,3,209510.0,2,2,2780.86,2,2015,1,0.0,0.0
107,1,11,28,55,2,1,52977.0,3,2,11681.01,2,2016,9,0.0,0.0
108,1,2,27,53,2,1,99516.0,3,3,2383.61,2,2014,8,0.0,0.0
109,1,2,24,49,2,2,0.0,2,2,4140.78,2,2015,8,0.0,0.0
110,1,9,13,10,1,2,0.0,2,2,3786.68,2,2017,10,0.0,0.0
111,1,4,12,5,1,1,84989.0,2,2,5656.3,2,2018,12,0.0,0.0
112,1,2,27,53,1,1,55576.0,2,1,8747.7,2,2014,2,0.0,0.0
113,1,2,27,53,1,2,0.0,3,2,9369.23,2,2014,3,2015.0,3.0
114,1,2,24,51,2,1,83167.0,2,3,5127.48,1,2018,4,0.0,0.0
115,1,9,13,9,2,1,63885.0,2,2,3160.58,2,2017,11,0.0,0.0
116,1,10,17,40,2,1,93231.0,2,2,7385.81,2,2015,11,0.0,0.0
117,1,9,13,8,1,2,0.0,2,2,5569.51,2,2016,1,0.0,0.0
118,1,7,21,23,2,1,68596.0,2,3,7190.05,2,2013,12,0.0,0.0
119,1,7,21,35,1,1,54668.0,2,3,2692.05,2,2017,12,0.0,0.0
120,1,7,21,32,2,2,0.0,2,2,5148.87,2,2017,2,0.0,0.0
121,1,7,21,29,1,2,0.0,2,2,3466.14,2,2012,11,0.0,0.0
122,1,1,5,44,1,1,85552.0,2,1,7991.53,2,2012,4,0.0,0.0
123,1,7,23,20,1,1,79029.0,2,3,4652.85,2,2012,9,0.0,0.0
124,1,3,29,36,1,1,84358.0,2,2,7114.77,2,2012,12,0.0,0.0
125,1,7,21,32,2,1,69215.0,2,2,2341.26,2,2012,7,0.0,0.0
126,1,4,6,6,1,1,76225.0,1,2,7009.76,1,2018,4,0.0,0.0
127,1,1,5,44,1,1,88396.0,2,2,5314.19,2,2016,12,0.0,0.0
128,1,7,10,30,2,2,0.0,3,3,2375.51,2,2018,10,0.0,0.0
129,1,7,21,23,1,1,87212.0,2,3,4979.68,2,2013,1,2018.0,9.0
130,1,7,20,19,1,1,60370.0,2,1,11300.08,2,2014,2,0.0,0.0
131,1,3,29,36,1,5,128118.0,2,1,13873.65,2,2016,1,0.0,0.0
132,1,7,21,25,2,2,0.0,3,3,2202.43,2,2015,3,0.0,0.0
133,1,2,24,51,1,1,77592.0,1,3,4830.85,2,2015,1,0.0,0.0
134,1,7,14,17,1,1,81397.0,2,2,28321.08,2,2012,11,0.0,0.0
135,1,7,21,33,2,1,95843.0,2,2,5688.94,2,2012,18,0.0,0.0
136,1,7,21,21,1,1,52877.0,2,3,5636.98,2,2017,11,0.0,0.0
137,1,2,24,51,2,1,95662.0,3,3,2695.52,2,2018,8,0.0,0.0
138,1,7,21,34,1,1,97643.0,2,3,3398.55,2,2017,10,0.0,0.0
139,1,2,27,53,2,1,83149.0,2,2,5102.54,2,2017,12,0.0,0.0
140,1,7,19,28,1,1,63596.0,2,2,4793.15,2,2013,1,2016.0,1.0
141,1,6,7,3,1,1,87003.0,2,2,3548.56,2,2016,11,0.0,0.0
142,1,7,21,32,1,3,123828.0,2,3,4036.55,2,2013,1,2016.0,9.0
143,1,9,13,14,2,1,81446.0,2,2,26060.13,2,2016,2,0.0,0.0
144,1,10,17,40,2,1,88761.0,2,3,2552.87,2,2016,12,0.0,0.0
145,1,9,13,13,1,1,103362.0,1,1,5671.37,2,2018,8,0.0,0.0
146,1,7,21,29,1,2,0.0,2,3,2302.42,2,2013,10,0.0,0.0
147,1,2,24,51,2,1,91116.0,2,2,3806.05,2,2016,5,0.0,0.0
148,1,7,21,32,2,1,52177.0,3,2,7478.87,2,2013,11,0.0,0.0
149,1,4,6,6,2,2,0.0,3,3,22140.28,2,2015,9,0.0,0.0
150,1,7,21,29,2,1,66485.0,2,2,7457.13,2,2017,7,0.0,0.0
151,1,7,21,32,1,5,127118.0,2,3,9648.65,2,2013,11,0.0,0.0
152,1,2,24,51,1,1,47112.0,2,3,4928.4,2,2013,8,0.0,0.0
153,1,7,19,28,1,1,79107.0,2,3,4673.51,2,2012,8,0.0,0.0
154,1,9,13,8,1,1,64922.0,1,3,4247.44,2,2016,3,0.0,0.0
155,1,2,24,52,1,1,82905.0,1,2,6114.24,2,2016,5,2016.0,10.0
156,1,4,6,6,2,2,0.0,2,3,2266.18,2,2013,3,0.0,0.0
157,1,4,12,5,1,1,46029.0,2,3,4426.85,2,2013,11,0.0,0.0
158,1,4,6,6,1,1,87192.0,2,2,27610.25,2,2016,5,0.0,0.0
159,1,2,24,51,2,1,60976.0,2,3,2304.65,2,2015,11,0.0,0.0
160,1,2,26,54,1,1,57711.0,2,3,2767.51,2,2018,8,0.0,0.0
161,1,2,24,50,1,1,56481.0,2,2,7285.36,1,2018,4,0.0,0.0
162,1,2,27,53,1,1,84559.0,2,3,8672.8,2,2012,6,0.0,0.0
163,1,9,13,9,2,3,187945.0,2,2,7680.47,2,2013,1,0.0,0.0
164,1,2,24,51,2,1,91116.0,2,2,17807.08,2,2014,3,0.0,0.0
165,1,7,21,34,2,4,52097.0,2,2,6730.94,2,2016,7,2017.0,3.0
166,1,1,2,41,2,1,63221.0,3,2,7005.12,2,2018,10,0.0,0.0
167,1,2,27,53,1,1,49817.0,2,3,5287.2,2,2016,9,0.0,0.0
168,1,7,21,34,2,1,94951.0,3,2,3275.54,2,2013,8,0.0,0.0
169,1,9,13,14,2,1,95267.0,1,3,4879.46,2,2018,11,0.0,0.0
170,1,2,26,54,1,1,91106.0,2,2,6269.96,2,2016,7,0.0,0.0
171,1,2,25,48,1,1,59297.0,1,2,4799.91,2,2017,10,0.0,0.0
172,1,7,21,25,1,1,87959.0,2,3,4623.85,2,2016,8,0.0,0.0
173,1,2,27,53,1,3,187897.0,2,3,2323.75,2,2013,10,0.0,0.0
174,1,2,24,51,2,1,70585.0,2,2,22748.53,2,2014,12,0.0,0.0
175,1,7,21,23,1,1,97903.0,2,2,3261.13,2,2016,1,2017.0,9.0
176,1,9,16,7,1,1,85146.0,2,2,3709.76,1,2018,2,0.0,0.0
177,1,1,1,43,2,1,58037.0,2,1,8243.08,2,2017,6,0.0,0.0
178,1,9,8,16,2,1,85531.0,2,2,29235.95,2,2016,11,0.0,0.0
179,1,7,21,32,2,2,0.0,2,2,2350.73,2,2016,4,0.0,0.0
180,1,10,17,40,1,1,72011.0,2,2,5878.83,2,2016,11,0.0,0.0
181,1,2,24,49,1,1,87297.0,2,2,4974.91,2,2016,10,2016.0,8.0
182,1,9,22,15,2,1,53105.0,2,2,20378.83,2,2016,4,0.0,0.0
183,1,2,24,49,1,3,45743.0,2,3,4187.63,2,2018,11,0.0,0.0
184,1,9,13,10,2,1,95936.0,2,2,8621.37,2,2013,6,0.0,0.0
185,1,7,19,28,1,5,106613.0,2,3,2572.61,2,2018,8,0.0,0.0
186,1,7,21,23,1,1,87764.0,2,3,4177.45,2,2015,2,0.0,0.0
187,1,2,24,50,1,2,0.0,2,3,2417.36,2,2015,5,0.0,0.0
188,1,7,19,28,2,1,84014.0,2,3,3286.44,2,2012,11,0.0,0.0
189,1,9,8,16,1,1,69792.0,2,3,2681.34,2,2013,9,0.0,0.0
190,1,9,16,7,1,1,63148.0,2,2,7651.91,2,2016,11,0.0,0.0
191,1,4,6,6,2,1,87603.0,2,3,2656.15,2,2016,10,0.0,0.0
192,1,9,13,10,2,1,55477.0,1,2,5720.45,2,2018,7,0.0,0.0
193,1,6,7,3,1,1,102656.0,1,3,4831.07,2,2015,8,2017.0,1.0
194,1,9,16,7,2,1,78146.0,3,1,7403.78,1,2018,4,0.0,0.0
195,1,7,21,31,1,1,49592.0,2,3,4832.06,1,2018,2,0.0,0.0
196,1,9,16,7,2,2,0.0,3,3,2548.06,2,2014,11,2017.0,6.0
197,1,2,27,53,2,3,236827.0,2,1,6150.71,2,2016,4,0.0,0.0
198,1,2,24,50,2,1,69345.0,2,3,2554.74,2,2013,12,0.0,0.0
199,1,9,13,11,2,1,91106.0,2,2,23830.04,2,2016,1,0.0,0.0
200,1,6,7,3,1,1,89330.0,2,2,5862.53,2,2016,10,0.0,0.0
201,1,9,16,7,1,1,91543.0,2,2,2767.15,2,2015,11,0.0,0.0
202,1,7,21,31,2,1,61177.0,2,2,22848.53,2,2016,8,0.0,0.0
203,1,3,29,36,2,1,87092.0,2,2,32874.52,2,2016,7,0.0,0.0
204,1,2,24,52,2,1,63905.0,2,2,5700.58,1,2018,3,0.0,0.0
205,1,7,19,28,1,2,0.0,3,2,4763.78,2,2016,8,0.0,0.0
206,1,7,21,29,1,1,97568.0,2,2,4617.06,2,2016,2,0.0,0.0
207,1,7,21,32,1,4,52257.0,2,1,8244.0,2,2013,12,0.0,0.0
208,1,5,18,1,2,5,117107.0,3,3,4928.45,2,2013,10,0.0,0.0
209,1,7,21,33,1,1,76559.0,2,2,18477.13,2,2014,4,2014.0,12.0
210,1,2,24,49,1,1,86602.0,3,2,4199.68,2,2014,5,2016.0,5.0
211,1,7,21,21,2,1,70160.0,2,3,5802.48,2,2018,5,0.0,0.0
212,1,2,27,53,2,1,82516.0,1,1,18519.59,2,2018,12,0.0,0.0
213,1,10,17,39,2,1,52712.0,2,3,5096.87,2,2016,11,0.0,0.0
214,1,2,24,51,2,1,92265.0,1,3,2834.21,2,2015,1,2016.0,1.0
215,1,7,19,28,1,1,89192.0,2,3,27153.66,2,2016,9,2017.0,5.0
216,1,3,29,36,1,2,0.0,3,1,14610.46,2,2018,12,0.0,0.0
217,1,7,21,32,1,1,65662.0,1,3,4714.93,2,2016,1,0.0,0.0
218,1,7,21,23,2,1,103564.0,2,3,3773.54,2,2014,10,2014.0,6.0
219,1,9,16,7,2,1,84663.0,2,2,8648.07,2,2012,10,0.0,0.0
220,1,4,6,6,1,1,50600.0,2,1,5399.12,2,2018,5,0.0,0.0
221,1,9,13,10,2,1,62661.0,2,1,5095.62,2,2018,7,0.0,0.0
222,1,2,24,49,1,3,57497.0,2,3,7787.41,2,2017,3,0.0,0.0
223,1,9,13,10,2,1,57318.0,2,3,9428.78,2,2018,10,0.0,0.0
224,1,2,4,46,2,1,84914.0,1,2,3086.87,2,2012,11,0.0,0.0
225,1,2,24,50,1,2,0.0,3,2,13417.21,2,2013,12,0.0,0.0
226,1,2,4,46,2,1,98047.0,2,2,3686.99,2,2017,1,0.0,0.0
227,1,7,21,23,1,1,99663.0,2,3,4309.06,2,2018,1,2018.0,9.0
228,1,7,21,31,1,1,82032.0,2,3,32867.37,2,2016,4,2018.0,10.0
229,1,2,27,53,2,1,83827.0,1,3,4122.57,2,2016,12,2017.0,8.0
230,1,9,13,11,2,1,90206.0,2,2,8681.07,2,2016,1,0.0,0.0
231,1,4,6,6,2,1,57604.0,2,3,2648.56,2,2014,5,0.0,0.0
232,1,7,21,23,2,1,76030.0,2,2,9055.73,2,2014,8,0.0,0.0
233,1,7,14,17,1,1,71347.0,2,2,5999.2,2,2013,10,0.0,0.0
234,1,7,21,21,2,2,0.0,2,2,5331.03,2,2017,10,0.0,0.0
235,1,7,21,24,2,2,0.0,2,2,2769.68,2,2018,11,0.0,0.0
236,1,7,14,17,2,1,81441.0,2,3,5285.3,2,2015,10,2017.0,1.0
237,1,2,24,50,2,4,62915.0,1,2,6730.06,2,2018,7,0.0,0.0
238,1,7,21,32,2,3,112868.0,2,2,11704.74,2,2013,10,0.0,0.0
239,1,4,6,6,1,1,52012.0,2,2,9031.25,2,2015,5,0.0,0.0
240,1,2,24,51,1,1,45562.0,1,3,2496.26,2,2018,8,0.0,0.0
241,1,2,24,50,1,1,74084.0,2,3,1923.26,1,2018,2,0.0,0.0
242,1,3,29,36,2,1,67096.0,2,2,8683.06,2,2015,11,0.0,0.0
243,1,2,24,51,1,1,59317.0,2,2,5772.81,2,2018,10,0.0,0.0
244,1,7,21,33,2,3,193841.0,2,3,2389.45,2,2016,1,2016.0,12.0
245,1,7,21,31,1,4,52075.0,2,1,7396.06,2,2013,4,0.0,0.0
246,1,7,19,27,1,1,65137.0,2,3,8654.54,2,2014,9,0.0,0.0
247,1,2,25,48,1,1,63105.0,3,2,32708.51,2,2013,2,2017.0,10.0
248,1,10,17,40,1,2,0.0,3,2,8574.81,2,2012,10,0.0,0.0
249,1,9,13,9,1,1,84809.0,2,2,5278.98,2,2017,9,0.0,0.0
250,1,7,21,34,1,1,85731.0,2,2,8980.98,2,2016,12,0.0,0.0
251,1,6,7,3,1,1,92116.0,3,1,5743.36,2,2016,10,0.0,0.0
252,1,5,18,1,2,1,76578.0,2,1,4437.66,1,2018,4,0.0,0.0
253,1,7,21,23,1,1,82557.0,2,2,8096.27,2,2018,6,0.0,0.0
254,1,1,15,44,1,1,83146.0,2,1,5382.57,2,2016,2,0.0,0.0
255,1,9,13,10,1,1,84347.0,2,2,8426.87,2,2012,11,0.0,0.0
256,1,7,21,31,1,1,69616.0,3,3,2385.26,2,2016,10,0.0,0.0
257,1,4,6,6,1,1,73544.0,1,2,10635.6,2,2012,9,0.0,0.0
258,1,6,7,2,2,1,79921.0,2,2,5269.48,1,2018,4,0.0,0.0
259,1,2,24,51,1,3,117647.0,2,3,5698.71,2,2017,10,0.0,0.0
260,1,7,14,17,1,1,55231.0,2,2,5615.95,2,2013,8,0.0,0.0
261,1,7,21,34,1,1,64215.0,2,3,2580.53,2,2015,12,0.0,0.0
262,1,2,24,50,2,2,0.0,3,2,3646.01,2,2018,12,0.0,0.0
263,1,4,6,6,1,1,103106.0,2,3,3762.15,2,2016,2,0.0,0.0
264,1,9,13,10,2,1,65308.0,3,3,9414.93,2,2012,5,0.0,0.0
265,1,9,13,10,1,1,89897.0,2,1,5114.31,2,2013,4,0.0,0.0
266,1,1,5,42,1,1,88743.0,2,2,4370.5,2,2016,1,2017.0,9.0
267,1,10,17,40,2,1,72231.0,2,2,5838.05,1,2018,2,0.0,0.0
268,1,7,21,23,1,1,63194.0,3,3,3778.77,2,2015,7,0.0,0.0
269,1,2,24,50,2,1,70631.0,3,3,7380.49,2,2016,1,0.0,0.0
270,1,7,11,27,2,1,64554.0,2,3,2693.2,2,2014,2,0.0,0.0
271,1,3,29,36,2,2,0.0,2,3,12703.18,2,2016,4,2017.0,11.0
272,1,5,18,1,2,1,74214.0,2,1,6186.91,2,2018,8,0.0,0.0
273,1,7,21,24,1,1,79325.0,2,3,5499.13,2,2014,8,0.0,0.0
274,1,1,5,44,1,1,81711.0,2,3,10386.94,2,2015,4,0.0,0.0
275,1,2,24,51,2,1,67952.0,1,3,2451.77,2,2012,9,0.0,0.0
276,1,9,16,7,2,1,63668.0,2,3,2731.68,2,2012,5,0.0,0.0
277,1,2,24,49,1,3,67868.0,2,2,2612.06,2,2015,5,0.0,0.0
278,1,2,24,52,1,1,99546.0,2,2,22363.26,2,2016,2,0.0,0.0
279,1,9,8,16,2,1,53715.0,2,1,7083.15,2,2015,1,2017.0,1.0
280,1,4,12,5,2,1,89137.0,2,1,15726.87,2,2018,12,0.0,0.0
281,1,1,5,44,1,2,0.0,3,3,2686.21,2,2013,8,0.0,0.0
282,1,2,4,46,2,2,0.0,3,1,8163.18,2,2012,11,0.0,0.0
283,1,9,22,15,1,4,72015.0,2,3,2373.29,2,2016,9,2016.0,2.0
284,1,7,21,21,1,1,80212.0,2,3,4821.54,2,2015,11,0.0,0.0
285,1,2,24,52,2,2,0.0,1,3,2446.84,2,2012,7,0.0,0.0
286,1,9,13,10,2,2,0.0,3,3,5140.88,2,2015,6,0.0,0.0
287,1,9,13,14,1,2,0.0,3,3,5379.68,2,2016,3,0.0,0.0
288,1,2,24,51,1,1,61318.0,2,3,32519.43,2,2016,8,0.0,0.0
289,1,2,26,54,2,1,94167.0,2,2,2866.06,2,2018,10,0.0,0.0
290,1,2,24,49,2,1,58636.0,2,2,8004.05,2,2016,2,0.0,0.0
291,1,2,24,49,2,1,66168.0,2,2,14407.76,2,2014,8,0.0,0.0
292,1,7,21,23,1,1,92192.0,2,3,13778.06,2,2013,11,0.0,0.0
293,1,7,14,17,1,1,62177.0,2,3,27613.96,2,2018,11,0.0,0.0
294,1,9,22,15,2,4,52219.0,2,3,2314.01,2,2012,12,0.0,0.0
295,1,7,21,23,2,1,78510.0,3,2,3071.99,2,2012,1,0.0,0.0
296,1,7,19,28,1,1,102356.0,2,3,5565.16,1,2018,2,0.0,0.0
297,1,8,3,4,2,1,68681.0,3,1,11025.08,2,2014,3,0.0,0.0
298,1,2,24,51,1,1,96572.0,2,2,19055.54,2,2012,9,0.0,0.0
299,1,4,6,6,2,1,93805.0,2,2,3245.12,2,2013,7,0.0,0.0
300,1,2,24,49,1,3,180197.0,2,2,6770.95,2,2016,1,0.0,0.0
301,1,2,25,48,1,1,64804.0,2,3,11693.06,2,2017,10,0.0,0.0
302,1,9,13,10,2,1,59866.0,2,2,26015.04,2,2016,12,0.0,0.0
303,1,9,16,7,2,1,98743.0,2,2,3009.14,2,2018,11,0.0,0.0
304,1,7,10,30,2,1,58979.0,2,2,3700.68,2,2018,12,0.0,0.0
305,1,9,13,10,1,1,84547.0,3,2,5014.2,2,2018,12,0.0,0.0
306,1,5,18,1,2,3,217943.0,3,2,10564.31,2,2013,8,0.0,0.0
307,1,2,27,53,2,1,54009.0,2,2,6770.94,2,2018,11,0.0,0.0
308,1,2,27,53,1,1,87330.0,1,1,9514.55,2,2017,5,0.0,0.0
309,1,2,24,50,2,1,99317.0,2,2,6837.66,2,2018,10,0.0,0.0
310,1,1,5,44,1,1,83810.0,1,3,2681.37,2,2013,8,0.0,0.0
311,1,7,14,17,1,1,61897.0,2,1,5823.71,2,2018,8,0.0,0.0
312,1,2,24,50,1,1,56400.0,2,2,6787.7,2,2014,9,0.0,0.0
313,1,9,8,16,1,1,60849.0,2,2,5931.1,2,2015,7,0.0,0.0
314,1,7,21,23,1,4,46057.0,1,3,4126.88,2,2013,11,0.0,0.0
315,1,4,6,6,1,1,77258.0,2,2,3636.6,2,2012,9,0.0,0.0
316,1,9,13,8,2,1,81956.0,2,3,5286.5,1,2018,4,0.0,0.0
317,1,2,4,46,1,1,262.0,2,3,4839.88,2,2012,11,2018.0,9.0
318,1,7,21,33,1,1,88033.0,2,3,4313.29,2,2016,4,0.0,0.0
319,1,7,11,28,2,1,92197.0,2,1,5661.94,2,2016,11,0.0,0.0
320,1,3,29,36,1,1,99396.0,2,1,7873.09,2,2016,10,0.0,0.0
321,1,2,24,50,2,1,59662.0,1,1,5140.06,2,2018,7,0.0,0.0
322,1,2,24,52,2,1,84259.0,2,3,4974.8,2,2012,11,0.0,0.0
323,1,9,13,10,1,1,86107.0,2,2,8611.74,2,2012,12,0.0,0.0
324,1,1,5,42,1,1,88748.0,2,2,5014.15,2,2016,5,0.0,0.0
325,1,2,24,50,1,3,188323.0,2,2,6914.36,2,2016,10,0.0,0.0
326,1,2,24,50,1,1,66062.0,2,2,5697.66,1,2018,2,0.0,0.0
327,1,3,29,36,1,1,46378.0,3,2,6569.93,2,2016,8,0.0,0.0
328,1,2,4,46,1,2,0.0,3,3,2761.4,2,2018,11,2015.0,7.0
329,1,2,24,50,1,1,75383.0,2,2,3118.4,2,2018,11,0.0,0.0
330,1,2,24,50,1,1,82917.0,3,3,13030.62,1,2018,4,0.0,0.0
331,1,9,13,10,2,1,63831.0,2,3,7355.33,2,2018,7,0.0,0.0
332,1,3,29,36,1,1,87092.0,1,2,3878.86,2,2016,12,0.0,0.0
333,1,7,14,17,1,1,57838.0,2,3,7619.81,2,2014,10,0.0,0.0
334,1,7,21,25,1,1,76602.0,2,2,5099.73,2,2018,8,0.0,0.0
335,1,6,7,3,2,2,0.0,3,2,3038.71,2,2012,9,0.0,0.0
336,1,9,22,15,1,4,72015.0,1,2,6376.13,2,2016,11,0.0,0.0
337,1,9,13,14,2,2,0.0,2,2,7666.89,2,2018,8,0.0,0.0
338,1,7,14,17,1,1,52744.0,2,2,9113.16,2,2016,10,0.0,0.0
339,1,7,21,21,2,1,74518.0,2,3,4435.64,2,2012,10,0.0,0.0
340,1,10,17,40,1,1,72380.0,2,2,8879.73,2,2018,8,0.0,0.0
341,1,2,26,54,1,2,0.0,3,3,2369.06,2,2018,8,0.0,0.0
342,1,2,24,50,1,1,52409.0,2,2,2794.98,2,2014,11,0.0,0.0
343,1,2,24,51,2,3,66460.0,3,2,5615.53,2,2014,8,0.0,0.0
344,1,7,21,34,2,2,0.0,3,3,2369.23,2,2018,8,0.0,0.0
345,1,11,28,55,1,1,52313.0,3,3,2359.26,2,2017,9,2018.0,3.0
346,1,7,21,34,1,2,0.0,2,2,5539.03,2,2014,7,0.0,0.0
347,1,2,24,52,2,5,120995.0,1,3,4790.58,2,2015,1,0.0,0.0
348,1,1,5,44,1,1,92396.0,3,2,3838.01,2,2016,10,0.0,0.0
349,1,9,16,7,1,1,61255.0,2,3,2501.61,2,2017,2,0.0,0.0
350,1,2,24,49,2,2,0.0,2,2,4127.36,2,2016,12,0.0,0.0
351,1,7,21,34,1,4,46643.0,2,3,4736.88,2,2012,12,0.0,0.0
352,1,7,20,19,2,1,97907.0,2,2,2706.92,2,2016,12,0.0,0.0
353,1,7,21,31,1,1,94879.0,2,1,5274.98,2,2013,11,0.0,0.0
354,1,9,13,14,1,1,55564.0,2,3,9091.66,2,2018,12,0.0,0.0
355,1,9,13,9,2,4,71606.0,2,2,4123.93,2,2016,3,2017.0,3.0
356,1,3,29,36,2,4,42318.0,2,2,4637.53,2,2012,11,0.0,0.0
357,1,10,17,40,1,1,82406.0,2,3,7383.97,2,2016,10,0.0,0.0
358,1,9,22,15,2,1,76014.0,3,3,4709.46,2,2013,12,0.0,0.0
359,1,2,24,52,1,2,0.0,2,2,4037.86,2,2012,11,0.0,0.0
360,1,7,20,19,1,1,77370.0,2,2,15140.25,2,2013,2,0.0,0.0
361,1,2,26,54,1,1,52157.0,2,3,2467.66,2,2018,11,0.0,0.0
362,1,9,22,15,2,1,83891.0,2,3,6146.08,2,2016,4,2017.0,6.0
363,1,9,16,7,1,5,78749.0,2,2,6771.05,2,2016,5,0.0,0.0
364,1,2,29,57,1,3,209168.0,2,2,13770.66,2,2017,10,0.0,0.0
365,1,2,4,46,2,1,85267.0,3,2,22607.01,2,2016,10,0.0,0.0
366,1,2,25,48,2,1,102347.0,2,2,5798.0,2,2013,5,0.0,0.0
367,1,7,20,19,1,2,0.0,3,2,5140.36,2,2016,2,0.0,0.0
368,1,7,21,31,1,5,109266.0,1,3,2392.0,2,2014,1,2014.0,8.0
369,1,9,13,10,2,1,69396.0,2,2,5704.04,2,2018,11,0.0,0.0
370,1,9,16,7,1,1,76225.0,2,2,6601.11,1,2018,4,0.0,0.0
371,1,7,21,32,1,1,92079.0,1,3,2344.96,2,2016,3,0.0,0.0
372,1,7,14,17,2,2,0.0,3,3,5540.41,2,2013,1,2014.0,7.0
373,1,9,13,10,2,2,0.0,2,3,4379.65,2,2015,1,2016.0,5.0
374,1,7,21,34,1,1,75168.0,2,2,4702.78,2,2016,11,0.0,0.0
375,1,6,7,3,1,1,87235.0,1,3,4834.45,2,2013,10,0.0,0.0
376,1,2,24,51,2,1,85717.0,2,3,5689.32,2,2016,10,0.0,0.0
377,1,9,16,7,2,1,85938.0,2,3,4681.38,2,2012,11,0.0,0.0
378,1,6,7,2,2,1,52659.0,2,3,2606.85,2,2013,8,0.0,0.0
379,1,9,13,10,1,1,79543.0,2,2,7014.13,2,2016,10,0.0,0.0
380,1,7,21,25,1,1,54971.0,2,3,8134.88,2,2012,10,0.0,0.0
381,1,7,21,23,1,1,83119.0,3,2,9673.55,2,2016,9,0.0,0.0
382,1,7,21,33,2,1,103518.0,2,1,19611.55,2,2018,9,0.0,0.0
383,1,7,21,34,1,1,72169.0,2,2,9435.82,2,2018,7,0.0,0.0
384,1,7,23,20,2,2,0.0,2,3,5100.0,2,2016,10,2017.0,11.0
385,1,7,21,32,1,1,65277.0,1,3,4435.06,2,2013,9,0.0,0.0
386,1,7,10,30,1,4,47137.0,2,3,27727.8,2,2013,1,2017.0,1.0
387,1,7,21,22,1,1,87762.0,2,3,4892.54,2,2016,11,2017.0,1.0
388,1,7,10,30,2,2,0.0,2,1,9378.53,2,2018,7,0.0,0.0
389,1,9,13,14,2,2,0.0,3,3,4861.02,2,2016,9,0.0,0.0
390,1,7,21,22,1,4,56056.0,2,3,8234.06,2,2016,9,0.0,0.0
391,1,2,24,52,2,1,82915.0,1,2,3019.22,2,2014,11,0.0,0.0
392,1,2,24,49,2,1,98685.0,2,2,2807.96,2,2016,5,2016.0,10.0
393,1,9,8,16,2,2,0.0,2,3,22335.88,2,2014,4,2015.0,2.0
394,1,2,26,54,2,1,77615.0,2,2,7556.41,2,2016,1,0.0,0.0
395,1,7,21,21,2,3,250714.0,2,2,3569.06,2,2012,6,0.0,0.0
396,1,7,21,24,2,1,69546.0,2,3,4533.06,2,2015,11,0.0,0.0
397,1,2,24,50,2,1,58089.0,2,3,2557.68,2,2012,7,0.0,0.0
398,1,7,21,21,1,1,50382.0,2,3,2788.36,2,2017,0,0.0,0.0
399,1,9,13,8,2,1,84981.0,2,2,5265.28,1,2018,2,0.0,0.0
400,1,2,26,54,1,1,87099.0,2,2,4479.66,2,2012,6,0.0,0.0
401,1,9,13,9,1,2,0.0,2,2,16383.81,2,2017,2,0.0,0.0
402,1,7,21,24,2,1,66548.0,3,2,4517.46,2,2017,12,0.0,0.0
403,1,7,21,21,2,1,68682.0,2,1,11098.48,2,2018,7,0.0,0.0
404,1,9,16,7,1,1,84164.0,2,2,7690.53,2,2012,8,0.0,0.0
405,1,2,24,51,1,3,221466.0,2,2,8267.16,2,2016,6,0.0,0.0
406,1,2,24,52,1,1,92905.0,1,3,2419.66,2,2016,11,0.0,0.0
407,1,9,13,10,1,3,197897.0,1,3,2396.36,2,2013,10,0.0,0.0
408,1,7,21,25,2,1,99762.0,3,1,8692.27,2,2013,8,0.0,0.0
409,1,2,24,49,2,1,87968.0,2,3,4307.46,2,2018,8,0.0,0.0
410,1,2,27,53,2,2,0.0,2,2,4107.95,2,2016,12,0.0,0.0
411,1,7,11,27,2,1,73568.0,2,3,4060.05,2,2014,1,0.0,0.0
412,1,2,24,50,2,1,49529.0,1,2,4904.71,2,2014,4,0.0,0.0
413,1,7,21,23,1,1,87192.0,2,2,5190.65,2,2016,2,0.0,0.0
414,1,7,21,29,1,1,47762.0,2,3,4192.63,2,2017,11,2018.0,1.0
415,1,7,21,23,1,3,246648.0,2,3,5016.67,2,2013,12,0.0,0.0
416,1,9,13,10,1,1,87868.0,2,2,7612.33,2,2014,4,0.0,0.0
417,1,7,21,21,1,1,99207.0,2,2,2876.81,2,2014,1,0.0,0.0
418,1,7,21,32,1,2,0.0,3,2,3539.06,2,2012,10,0.0,0.0
419,1,2,27,53,2,1,82198.0,2,2,17421.66,2,2013,10,0.0,0.0
420,1,2,24,51,2,1,61118.0,2,3,7307.56,2,2013,1,0.0,0.0
421,1,4,6,6,2,3,196613.0,2,3,4619.49,1,2018,4,0.0,0.0
422,1,1,15,45,2,1,54396.0,2,2,5763.74,2,2014,4,0.0,0.0
423,1,9,13,13,1,2,0.0,2,3,9111.25,2,2013,9,0.0,0.0
424,1,2,26,54,1,1,87119.0,2,3,4439.68,2,2018,8,0.0,0.0
425,1,7,21,23,1,4,62662.0,2,3,4694.67,2,2013,0,2018.0,9.0
426,1,3,29,36,2,1,72107.0,2,2,3838.56,2,2016,8,0.0,0.0
427,1,1,2,41,1,1,99096.0,2,1,5046.11,2,2016,7,0.0,0.0
428,1,7,21,35,2,1,92755.0,1,3,2615.86,2,2012,5,0.0,0.0
429,1,10,17,40,1,1,63211.0,2,3,9685.54,2,2014,8,0.0,0.0
430,1,2,24,51,1,1,58660.0,3,2,2804.89,2,2018,11,0.0,0.0
431,1,7,21,21,2,1,90598.0,2,2,4530.61,2,2012,7,0.0,0.0
432,1,7,19,28,1,1,67235.0,2,2,8838.51,2,2014,1,2014.0,9.0
433,1,4,12,5,1,2,0.0,3,2,11308.03,2,2016,12,0.0,0.0
434,1,7,21,33,1,4,77018.0,2,3,4636.63,2,2016,8,0.0,0.0
435,1,2,27,53,1,1,66830.0,2,2,8819.53,2,2017,8,0.0,0.0
436,1,2,27,53,2,1,85817.0,2,3,8089.93,2,2017,8,0.0,0.0
437,1,9,16,7,1,1,54250.0,2,3,2569.45,2,2017,8,0.0,0.0
438,1,2,25,48,1,1,52719.0,2,3,2487.96,2,2016,8,2016.0,10.0
439,1,7,21,35,1,2,0.0,3,3,2152.06,2,2017,9,0.0,0.0
440,1,2,24,51,2,1,83166.0,2,2,8042.87,2,2016,12,0.0,0.0
441,1,7,21,29,1,1,66677.0,2,2,4046.76,2,2012,12,0.0,0.0
442,1,9,13,9,2,2,0.0,2,2,7200.02,2,2014,4,0.0,0.0
443,1,4,6,6,1,1,84814.0,2,1,10616.24,2,2012,12,0.0,0.0
444,1,2,24,49,2,1,56623.0,2,2,4109.68,2,2014,10,0.0,0.0
445,1,9,13,9,1,1,91578.0,2,2,5722.49,2,2016,3,0.0,0.0
446,1,6,7,2,2,1,80837.0,2,2,5823.87,2,2013,10,0.0,0.0
447,1,2,26,54,1,2,0.0,1,2,3569.66,2,2018,11,0.0,0.0
448,1,2,27,53,1,1,94804.0,1,2,3261.58,2,2012,12,0.0,0.0
449,1,7,21,23,1,1,63799.0,2,3,8730.95,2,2015,8,2015.0,1.0
450,1,7,21,21,2,2,0.0,2,3,2765.7,1,2018,4,0.0,0.0
451,1,7,20,19,1,2,0.0,2,3,2240.46,2,2013,12,0.0,0.0
452,1,9,13,10,2,2,0.0,2,2,8652.27,2,2015,9,0.0,0.0
453,1,10,17,40,1,1,52277.0,2,3,2502.87,2,2012,12,0.0,0.0
454,1,7,21,23,2,1,96520.0,2,3,2511.21,2,2018,8,0.0,0.0
455,1,7,21,32,2,1,99765.0,2,2,2700.49,2,2018,12,0.0,0.0
456,1,1,2,41,2,1,72659.0,1,3,6676.82,2,2017,8,0.0,0.0
457,1,2,27,53,2,1,78630.0,2,2,18872.65,2,2016,2,0.0,0.0
458,1,2,24,51,1,1,82557.0,2,1,5666.2,2,2018,11,0.0,0.0
459,1,9,13,11,2,1,85360.0,2,2,5827.48,2,2017,4,0.0,0.0
460,1,7,21,29,2,1,89981.0,2,2,5150.02,1,2018,3,0.0,0.0
461,1,1,1,43,1,1,86725.0,2,3,2601.58,2,2014,6,0.0,0.0
462,1,7,14,18,2,1,61190.0,3,2,2761.66,2,2012,9,0.0,0.0
463,1,6,7,3,1,1,87603.0,2,3,4676.55,2,2016,5,0.0,0.0
464,1,6,7,2,2,1,87635.0,2,2,5896.51,2,2018,10,0.0,0.0
465,1,7,11,27,2,2,0.0,3,3,4099.67,2,2012,9,0.0,0.0
466,1,9,13,10,1,1,57338.0,2,2,5720.48,2,2013,11,0.0,0.0
467,1,2,24,49,1,1,102982.0,2,2,7113.62,1,2018,4,0.0,0.0
468,1,7,21,35,2,1,61768.0,2,3,10097.76,2,2012,9,0.0,0.0
469,1,2,27,53,2,1,83199.0,2,3,3778.81,1,2018,2,0.0,0.0
470,1,9,13,10,2,1,65446.0,3,3,8709.93,2,2016,4,0.0,0.0
471,1,7,14,17,2,1,87896.0,1,3,8189.0,2,2016,8,2017.0,8.0
472,1,9,13,10,1,1,52461.0,2,2,6765.96,2,2018,7,0.0,0.0
473,1,7,21,32,2,1,62526.0,3,2,2742.06,2,2013,12,0.0,0.0
474,1,5,18,1,1,3,184188.0,2,2,4616.53,2,2016,11,0.0,0.0
475,1,9,13,9,1,3,187895.0,2,2,3116.57,2,2016,8,0.0,0.0
476,1,2,24,49,2,2,0.0,3,3,2427.66,2,2017,9,0.0,0.0
477,1,2,24,51,2,1,54188.0,2,2,5770.46,2,2018,1,0.0,0.0
478,1,2,24,50,1,3,209913.0,2,2,3560.06,2,2012,11,0.0,0.0
479,1,2,27,53,1,1,77030.0,2,3,2406.66,2,2012,9,0.0,0.0
480,1,3,29,36,1,1,68740.0,2,2,5013.02,2,2017,10,0.0,0.0
481,1,2,7,53,1,1,56897.0,2,3,2787.81,2,2017,8,0.0,0.0
482,1,2,24,52,2,1,82977.0,2,2,5730.48,2,2016,7,2016.0,5.0
483,1,2,24,49,1,1,83749.0,2,2,5374.81,2,2016,8,0.0,0.0
484,1,7,23,20,2,1,52461.0,2,3,5109.25,2,2013,10,2017.0,12.0
485,1,2,24,51,1,2,0.0,1,2,3418.76,2,2018,9,0.0,0.0
486,1,1,5,44,2,1,80816.0,2,3,4886.74,2,2012,8,0.0,0.0
487,1,7,19,28,1,1,84257.0,2,3,4833.15,2,2016,3,0.0,0.0
488,1,9,13,10,2,2,0.0,3,3,5787.47,2,2017,1,0.0,0.0
489,1,7,21,35,1,1,87704.0,3,3,22693.77,2,2014,11,0.0,0.0
490,1,2,24,50,1,1,88314.0,2,2,5819.25,2,2016,5,2017.0,1.0
491,1,7,21,35,1,2,0.0,2,3,22137.65,2,2016,9,0.0,0.0
492,1,2,24,51,2,1,93168.0,1,2,5790.96,2,2015,12,2016.0,1.0
493,1,9,16,7,1,1,93763.0,2,1,8606.06,2,2014,8,2016.0,11.0
494,1,11,28,55,1,1,51668.0,2,3,2619.69,2,2018,8,0.0,0.0
495,1,9,16,7,1,1,53261.0,2,2,2740.45,2,2014,4,0.0,0.0
496,1,3,29,36,2,1,51176.0,2,1,18203.27,2,2016,6,2017.0,2.0
497,1,7,21,21,1,1,66210.0,2,3,2587.76,2,2012,10,0.0,0.0
498,1,2,24,50,2,1,82977.0,2,2,5123.48,1,2018,4,0.0,0.0
499,1,7,21,31,1,3,88210.0,2,3,2487.45,2,2016,3,0.0,0.0
500,1,7,21,32,2,1,82348.0,2,2,5394.43,2,2016,5,0.0,0.0
501,1,7,21,31,2,3,61695.0,2,3,2387.13,2,2018,5,0.0,0.0
502,1,7,21,26,1,1,80215.0,3,1,9651.25,2,2018,12,0.0,0.0
503,1,10,17,40,1,2,0.0,1,2,5795.66,2,2017,8,0.0,0.0
504,1,2,25,54,1,1,81167.0,1,2,5277.94,2,2012,10,0.0,0.0
505,1,2,24,51,1,3,287915.0,2,2,15319.13,2,2015,10,0.0,0.0
506,1,9,13,10,2,1,72029.0,2,2,5666.96,2,2013,6,0.0,0.0
507,1,2,26,54,2,1,88611.0,1,3,2381.69,2,2018,8,0.0,0.0
508,1,9,13,11,2,1,85160.0,3,3,4828.45,2,2016,3,0.0,0.0
509,1,9,8,16,1,1,96949.0,2,1,7611.93,2,2015,11,0.0,0.0
510,1,9,8,16,2,1,103849.0,1,2,11615.96,2,2012,12,0.0,0.0
511,1,2,4,46,2,1,85434.0,2,1,6611.78,2,2018,12,0.0,0.0
512,1,7,21,21,1,3,124557.0,2,3,8245.94,2,2012,10,0.0,0.0
513,1,7,21,31,1,1,49235.0,1,3,4834.11,2,2012,5,0.0,0.0
514,1,9,13,11,2,2,0.0,1,2,8665.86,2,2015,5,0.0,0.0
515,1,7,21,23,1,1,90500.0,2,3,2519.09,2,2012,11,2018.0,9.0
516,1,9,13,10,1,2,0.0,2,3,8625.27,2,2018,7,0.0,0.0
517,1,7,21,21,1,1,96207.0,2,2,5898.71,2,2012,5,0.0,0.0
518,1,2,24,50,2,1,58318.0,2,2,10510.53,2,2018,11,0.0,0.0
519,1,7,21,25,2,2,0.0,3,3,2369.66,2,2014,6,2017.0,2.0
520,1,4,6,6,2,1,50800.0,2,2,2709.58,2,2018,11,0.0,0.0
521,1,2,27,53,2,1,87510.0,3,3,5770.59,2,2013,11,0.0,0.0
522,1,4,6,6,2,1,60800.0,1,3,5939.78,2,2013,7,0.0,0.0
523,1,4,6,6,2,5,123652.0,3,3,2630.15,2,2015,1,0.0,0.0
524,1,9,13,9,1,1,51600.0,2,1,5288.93,2,2016,3,0.0,0.0
525,1,2,24,49,1,2,0.0,2,2,2787.18,2,2014,1,0.0,0.0
526,1,9,13,10,2,1,72841.0,2,2,5115.98,2,2013,12,0.0,0.0
527,1,1,5,44,1,1,78553.0,2,3,4313.05,2,2017,10,0.0,0.0
528,1,9,13,14,1,1,72481.0,2,1,10665.96,2,2015,4,0.0,0.0
529,1,1,5,44,2,1,98396.0,2,2,5338.09,2,2016,4,0.0,0.0
530,1,2,24,52,2,1,87708.0,2,2,5107.67,2,2016,11,0.0,0.0
531,1,4,6,6,2,1,96600.0,1,2,3269.3,2,2013,11,0.0,0.0
532,1,7,21,23,1,1,68514.0,2,2,9057.11,2,2016,1,0.0,0.0
533,1,2,24,52,2,1,52975.0,1,3,2745.86,2,2014,5,0.0,0.0
534,1,2,25,48,2,1,63189.0,2,1,5488.24,2,2016,8,0.0,0.0
535,1,2,24,51,1,1,61372.0,2,2,15014.73,2,2016,5,0.0,0.0
536,1,7,21,32,2,1,82708.0,2,1,18062.27,2,2016,4,0.0,0.0
537,1,2,24,50,2,1,57293.0,2,2,7119.66,2,2018,11,0.0,0.0
538,1,7,21,31,1,2,0.0,3,3,2242.47,2,2013,1,2017.0,3.0
539,1,9,16,7,1,1,68243.0,2,1,5389.31,2,2015,8,0.0,0.0
540,1,7,21,23,2,1,90969.0,2,3,2681.88,2,2018,8,0.0,0.0
541,1,7,21,31,1,1,64098.0,2,2,15743.7,2,2012,10,0.0,0.0
542,1,4,12,5,2,4,76527.0,3,1,6226.29,2,2018,12,0.0,0.0
543,1,2,24,52,2,1,86608.0,2,2,4660.99,2,2014,11,0.0,0.0
544,1,9,13,14,1,2,0.0,3,3,4369.66,2,2016,1,2017.0,5.0
545,1,7,10,30,2,2,0.0,2,3,2382.67,2,2017,12,0.0,0.0
546,1,3,29,36,2,1,86198.0,2,1,9423.65,2,2012,7,0.0,0.0
547,1,9,13,11,1,1,53481.0,2,2,8090.54,2,2017,2,2018.0,8.0
548,1,8,3,4,2,2,0.0,3,2,4761.08,2,2018,9,0.0,0.0
549,1,7,21,34,2,2,0.0,3,2,3038.03,2,2013,6,0.0,0.0
550,1,10,17,40,1,1,98211.0,1,3,2503.96,2,2014,8,0.0,0.0
551,1,9,8,16,1,2,0.0,2,3,4700.48,2,2018,6,0.0,0.0
552,1,7,10,30,2,2,0.0,1,2,7595.95,2,2013,3,0.0,0.0
553,1,7,11,27,2,1,64137.0,2,2,8043.44,2,2012,6,0.0,0.0
554,1,2,27,53,1,1,83819.0,2,1,8102.5,2,2012,8,0.0,0.0
555,1,7,14,17,2,5,109361.0,1,3,2397.06,2,2018,5,0.0,0.0
556,1,7,10,30,1,1,45363.0,2,2,5623.48,2,2018,7,0.0,0.0
557,1,7,21,23,1,1,72437.0,2,2,7770.95,2,2013,4,2016.0,2.0
558,1,7,21,23,1,2,0.0,2,2,4079.84,2,2017,8,0.0,0.0
559,1,7,11,27,2,2,0.0,3,3,2740.34,2,2012,5,0.0,0.0
560,1,2,24,50,2,4,46318.0,3,2,6529.43,2,2013,7,0.0,0.0
561,1,7,21,23,1,1,87114.0,2,3,4389.84,2,2016,11,0.0,0.0
562,1,9,13,10,1,1,72057.0,2,3,8476.27,2,2013,4,0.0,0.0
563,1,9,13,10,2,2,0.0,2,2,27379.83,2,2018,7,0.0,0.0
564,1,7,21,25,2,1,69662.0,3,1,8691.05,2,2014,3,0.0,0.0
565,1,9,8,16,2,3,267815.0,1,3,5326.53,2,2013,1,2014.0,9.0
566,1,7,10,30,1,1,72059.0,2,2,9621.03,1,2018,2,0.0,0.0
567,1,9,13,14,2,2,0.0,3,3,4761.48,2,2013,1,2017.0,9.0
568,1,7,11,27,1,1,57050.0,2,3,2652.67,2,2012,9,0.0,0.0
569,1,7,21,31,2,1,61188.0,2,2,3778.79,2,2018,7,0.0,0.0
570,1,1,5,42,2,1,88781.0,2,2,5306.16,2,2017,6,0.0,0.0
571,1,7,20,19,2,3,65970.0,1,2,4742.43,2,2018,6,0.0,0.0
572,1,2,24,50,2,1,98347.0,2,2,2832.92,2,2016,10,2017.0,6.0
573,1,7,21,32,1,1,65445.0,3,1,5635.54,2,2018,10,0.0,0.0
574,1,7,21,25,2,2,0.0,3,3,6369.06,2,2012,9,0.0,0.0
575,1,2,24,49,2,1,98661.0,1,2,4792.49,2,2018,5,0.0,0.0
576,1,1,1,43,1,2,0.0,3,2,3079.51,2,2018,11,2018.0,9.0
577,1,7,11,27,2,1,77951.0,3,1,7611.17,1,2018,4,0.0,0.0
578,1,2,24,50,2,1,72636.0,2,2,5030.87,2,2016,11,0.0,0.0
579,1,1,15,45,1,1,61607.0,2,2,5271.14,2,2018,8,0.0,0.0
580,1,2,24,50,2,1,56377.0,2,2,8037.52,1,2018,2,0.0,0.0
581,1,9,13,10,2,1,71441.0,2,2,5685.96,2,2016,10,0.0,0.0
582,1,2,26,54,1,1,57119.0,2,1,5318.46,2,2013,11,0.0,0.0
583,1,2,27,53,1,1,87119.0,2,3,4979.86,2,2016,5,0.0,0.0
584,1,2,25,48,2,1,90891.0,2,3,8889.91,2,2016,5,2017.0,3.0
585,1,7,23,20,1,1,89745.0,2,1,5685.84,2,2018,8,0.0,0.0
586,1,9,13,14,1,1,45534.0,2,2,9050.93,2,2012,9,0.0,0.0
587,1,7,10,30,1,1,68729.0,1,1,7615.06,2,2017,5,0.0,0.0
588,1,2,24,49,2,1,58276.0,2,2,5382.45,2,2016,11,0.0,0.0
589,1,7,19,28,1,2,0.0,3,2,3866.16,2,2016,1,2017.0,1.0
590,1,2,4,46,1,1,67697.0,1,1,5896.13,2,2015,1,0.0,0.0
591,1,4,12,5,2,1,76583.0,2,1,10656.6,2,2018,11,0.0,0.0
592,1,5,18,1,2,1,84513.0,2,1,5290.59,2,2016,12,0.0,0.0
593,1,9,13,10,2,1,77931.0,2,1,7255.48,1,2018,4,0.0,0.0
594,1,7,21,35,2,1,65665.0,1,3,4744.06,2,2014,5,0.0,0.0
595,1,7,19,28,1,1,60682.0,3,3,4690.98,2,2015,1,0.0,0.0
596,1,7,21,29,1,4,56057.0,2,3,4196.44,2,2013,6,0.0,0.0
597,1,2,24,52,2,1,65978.0,2,3,14730.53,2,2017,12,0.0,0.0
598,1,3,29,36,1,1,68026.0,2,3,2743.06,2,2017,1,0.0,0.0
599,1,2,4,46,2,1,88033.0,2,2,3323.26,2,2018,7,0.0,0.0
600,1,7,21,31,1,1,61210.0,1,3,2487.37,2,2016,8,0.0,0.0
601,1,7,21,35,2,1,93704.0,3,2,23004.87,2,2013,11,0.0,0.0
602,1,6,7,3,1,2,0.0,3,3,3509.06,2,2016,7,2017.0,3.0
603,1,7,21,21,1,1,86602.0,3,2,7698.54,2,2016,8,2017.0,1.0
604,1,2,24,51,1,1,83160.0,1,3,5490.78,2,2016,4,0.0,0.0
605,1,7,21,31,2,3,64918.0,2,3,2787.45,2,2013,7,0.0,0.0
606,1,5,18,1,1,1,74027.0,2,3,2446.45,2,2018,10,0.0,0.0
607,1,2,24,51,2,2,0.0,1,3,2379.81,2,2018,1,0.0,0.0
608,1,7,10,30,1,3,172891.0,2,2,5615.25,2,2013,10,0.0,0.0
609,1,4,6,6,2,1,52596.0,2,1,9033.13,2,2018,12,0.0,0.0
610,1,6,7,3,2,1,83137.0,3,2,3743.5,2,2012,11,0.0,0.0
611,1,2,27,53,2,1,83549.0,3,2,3332.66,2,2018,9,0.0,0.0
612,1,9,13,11,2,1,71431.0,2,2,5859.93,2,2017,8,0.0,0.0
613,1,7,21,35,1,1,84709.0,3,3,5080.78,2,2014,5,0.0,0.0
614,1,7,21,31,1,1,56600.0,1,2,8018.71,2,2017,8,0.0,0.0
615,1,7,14,17,1,1,57434.0,2,1,5721.7,2,2015,1,0.0,0.0
616,1,4,6,6,2,1,56867.0,2,3,7606.71,2,2012,5,0.0,0.0
617,1,6,7,3,1,1,80016.0,2,3,5886.15,2,2016,12,2017.0,8.0
618,1,2,24,49,2,1,64283.0,2,2,8627.53,2,2018,11,0.0,0.0
619,1,7,10,30,1,1,89866.0,2,3,2717.58,2,2018,12,0.0,0.0
620,1,5,18,1,1,3,77297.0,2,1,6268.4,2,2013,3,0.0,0.0
621,1,2,24,49,2,1,73235.0,2,2,4921.88,2,2016,8,2016.0,4.0
622,1,2,24,50,2,2,0.0,2,2,3488.36,2,2018,7,0.0,0.0
623,1,1,5,43,1,1,72327.0,2,3,7018.3,2,2013,10,0.0,0.0
624,1,7,10,30,1,1,77607.0,3,1,7616.53,2,2013,11,0.0,0.0
625,1,7,21,35,2,1,89703.0,2,3,5480.26,2,2017,5,0.0,0.0
626,1,2,24,51,2,1,78575.0,1,3,2445.54,2,2018,10,0.0,0.0
627,1,7,10,30,1,1,65762.0,1,3,2615.89,2,2014,5,0.0,0.0
628,1,2,24,52,1,2,0.0,2,2,6340.66,2,2014,12,0.0,0.0
629,1,9,13,11,2,1,64486.0,2,1,5427.03,2,2018,12,0.0,0.0
630,1,9,22,15,1,1,96545.0,2,2,4321.83,2,2016,9,0.0,0.0
631,1,7,21,34,2,1,46559.0,2,3,4435.88,2,2012,11,0.0,0.0
632,1,2,4,46,2,2,0.0,3,3,2248.46,2,2013,9,2017.0,5.0
633,1,9,13,11,2,2,0.0,3,3,4621.78,2,2015,6,0.0,0.0
634,1,7,20,19,1,1,87903.0,2,2,5181.5,2,2016,10,0.0,0.0
635,1,5,18,1,2,2,0.0,3,2,3508.53,2,2014,2,0.0,0.0
636,1,7,21,31,1,1,79607.0,2,2,8049.15,2,2016,6,0.0,0.0
637,1,10,17,40,1,1,89347.0,2,2,5838.53,2,2016,10,0.0,0.0
638,1,9,13,10,1,1,101508.0,3,2,10059.13,2,2016,8,0.0,0.0
639,1,4,6,6,1,1,52352.0,2,3,5631.3,1,2018,4,0.0,0.0
640,1,7,14,17,1,1,96946.0,2,2,8721.88,1,2018,2,0.0,0.0
641,1,9,13,10,2,1,80896.0,2,2,10478.75,2,2016,7,0.0,0.0
642,1,2,27,53,2,1,90166.0,2,2,8869.29,2,2016,10,0.0,0.0
643,1,6,7,3,2,1,49368.0,2,3,2550.43,2,2016,8,0.0,0.0
644,1,9,13,10,1,1,96307.0,3,3,2798.77,2,2012,5,0.0,0.0
645,1,4,6,6,1,1,79373.0,2,3,5234.3,2,2016,10,0.0,0.0
646,1,2,24,52,2,1,82977.0,2,2,11304.68,2,2016,3,0.0,0.0
647,1,7,21,25,1,1,64988.0,2,3,20656.36,2,2017,12,0.0,0.0
648,1,7,21,32,2,1,92079.0,2,1,29000.05,2,2014,2,0.0,0.0
649,1,2,24,51,1,1,54509.0,2,2,3330.6,2,2018,11,0.0,0.0
650,1,9,16,7,2,1,93868.0,2,2,2709.68,2,2018,8,0.0,0.0
651,1,7,21,29,1,2,0.0,3,3,3369.13,2,2014,4,0.0,0.0
652,1,2,24,51,2,1,78313.0,2,3,5319.58,1,2018,4,0.0,0.0
653,1,2,24,51,2,1,50482.0,2,3,5330.46,2,2018,7,0.0,0.0
654,1,7,21,33,2,1,91839.0,2,2,2822.98,2,2013,7,0.0,0.0
655,1,7,21,24,2,1,76056.0,2,3,8436.29,2,2014,8,0.0,0.0
656,1,7,20,19,1,2,0.0,3,3,7240.66,2,2017,1,2018.0,9.0
657,1,6,7,2,1,1,87192.0,2,2,35823.7,2,2016,7,0.0,0.0
658,1,9,13,11,2,2,0.0,3,1,7099.74,2,2013,12,0.0,0.0
659,1,9,13,8,1,1,49681.0,2,3,4368.86,2,2013,1,0.0,0.0
660,1,10,17,40,1,1,62723.0,2,2,5869.97,2,2018,11,0.0,0.0
661,1,2,24,50,1,1,69546.0,3,1,42740.53,2,2018,12,0.0,0.0
662,1,7,21,25,2,1,47765.0,3,3,25193.69,2,2017,5,0.0,0.0
663,1,6,7,3,1,1,85863.0,2,2,5726.15,2,2012,8,0.0,0.0
664,1,9,22,15,1,1,62245.0,2,2,6376.66,2,2016,8,0.0,0.0
665,1,7,21,25,2,1,61577.0,3,3,2695.93,2,2012,11,0.0,0.0
666,1,2,24,52,2,1,82509.0,2,3,2467.86,2,2018,5,0.0,0.0
667,1,7,21,23,1,1,87555.0,2,1,8435.54,2,2018,6,0.0,0.0
668,1,7,20,19,1,1,77907.0,2,2,8605.95,2,2016,4,0.0,0.0
669,1,7,10,30,1,1,68899.0,2,2,2834.98,2,2014,12,0.0,0.0
670,1,7,21,34,1,1,84154.0,2,3,7456.64,2,2012,12,0.0,0.0
671,1,7,10,30,1,1,46330.0,2,3,10812.53,2,2015,5,0.0,0.0
672,1,10,17,39,2,1,61235.0,1,3,2869.89,2,2017,8,0.0,0.0
673,1,1,5,42,1,1,78225.0,2,2,6245.5,2,2013,4,0.0,0.0
674,1,7,21,21,1,1,50460.0,2,3,2508.51,2,2018,10,0.0,0.0
675,1,7,21,33,1,2,0.0,2,1,7202.76,2,2014,4,0.0,0.0
676,1,2,26,54,1,1,52719.0,3,3,2593.61,2,2013,10,0.0,0.0
677,1,7,14,18,1,1,52209.0,2,3,2672.95,2,2017,8,0.0,0.0
678,1,7,21,23,1,1,102556.0,1,3,9096.06,2,2013,1,2015.0,9.0
679,1,7,21,23,2,1,61485.0,2,3,8288.44,2,2016,1,2017.0,9.0
680,1,6,7,3,2,1,80870.0,2,3,3386.5,2,2012,8,0.0,0.0
681,1,3,29,36,2,1,59178.0,2,3,4704.95,2,2016,2,0.0,0.0
682,1,9,13,9,1,2,0.0,2,2,6247.44,2,2018,9,0.0,0.0
683,1,9,13,10,1,1,87393.0,2,2,5320.42,2,2018,7,0.0,0.0
684,1,9,22,15,2,1,52275.0,2,2,3376.24,2,2015,4,0.0,0.0
685,1,6,7,3,2,1,88211.0,2,3,2509.41,2,2018,11,0.0,0.0
686,1,2,27,53,2,1,63184.0,2,2,6121.08,2,2016,11,0.0,0.0
687,1,7,21,34,1,2,0.0,3,3,2369.03,2,2018,11,2018.0,9.0
688,1,4,12,5,2,1,72989.0,2,2,5656.8,2,2013,11,0.0,0.0
689,1,7,21,21,1,2,0.0,2,2,3339.16,2,2012,7,0.0,0.0
690,1,7,23,20,2,1,103068.0,2,2,3101.55,2,2014,2,0.0,0.0
691,1,9,16,7,1,1,58748.0,2,2,3386.68,2,2017,12,0.0,0.0
692,1,9,16,7,2,1,51168.0,2,2,8743.88,1,2018,2,0.0,0.0
693,1,2,27,53,2,1,71116.0,2,1,7253.05,2,2016,12,0.0,0.0
694,1,7,10,30,2,1,59956.0,3,3,2540.06,2,2016,7,0.0,0.0
695,1,2,27,53,2,1,83194.0,2,3,17378.86,2,2016,4,0.0,0.0
696,1,9,22,15,1,1,93105.0,3,3,26310.29,2,2015,9,0.0,0.0
697,1,7,10,30,2,1,78230.0,2,2,7373.38,2,2015,5,0.0,0.0
698,1,9,13,10,1,1,65465.0,2,2,7615.56,2,2013,1,0.0,0.0
699,1,9,16,7,1,1,88356.0,2,2,3551.26,2,2016,12,0.0,0.0
700,1,4,6,6,2,1,53031.0,2,2,5265.35,2,2013,10,0.0,0.0
701,1,9,13,11,2,4,106696.0,2,1,10571.13,2,2016,6,0.0,0.0
702,1,9,13,8,2,1,93998.0,2,2,3160.95,2,2016,8,0.0,0.0
703,1,9,13,8,2,1,64015.0,2,1,56663.91,2,2017,12,0.0,0.0
704,1,7,23,20,2,3,147614.0,2,1,7150.13,2,2014,1,0.0,0.0
705,1,1,5,44,1,4,58316.0,2,2,8230.28,2,2015,4,0.0,0.0
706,1,7,21,32,1,1,72348.0,2,2,5314.53,2,2013,10,0.0,0.0
707,1,9,13,11,1,1,71429.0,2,3,5668.9,2,2012,5,0.0,0.0
708,1,9,13,14,2,2,0.0,2,2,3866.13,2,2015,6,0.0,0.0
709,1,7,21,23,1,1,62637.0,2,1,5096.21,2,2013,4,0.0,0.0
710,1,1,5,44,1,5,99347.0,1,2,2923.11,2,2016,8,0.0,0.0
711,1,7,21,23,1,4,52046.0,3,3,5293.24,2,2016,12,2017.0,8.0
712,1,2,24,50,1,1,72318.0,2,2,11418.21,2,2016,11,0.0,0.0
713,1,9,8,16,1,1,87297.0,2,2,3578.88,2,2012,9,0.0,0.0
714,1,9,16,7,1,1,83393.0,2,2,3028.51,2,2012,10,0.0,0.0
715,1,3,29,36,1,1,89781.0,2,2,5481.16,1,2018,2,0.0,0.0
716,1,3,29,36,1,1,51562.0,2,2,9033.28,2,2016,1,0.0,0.0
717,1,9,16,7,2,4,43063.0,2,1,8037.68,2,2013,2,0.0,0.0
718,1,2,24,59,1,1,57118.0,2,2,6550.41,2,2016,8,0.0,0.0
719,1,7,21,31,1,1,60835.0,1,2,5895.31,2,2013,10,0.0,0.0
720,1,7,10,30,2,2,0.0,3,3,2372.54,2,2018,5,0.0,0.0
721,1,2,27,53,1,3,221057.0,2,2,8257.67,2,2016,2,0.0,0.0
722,1,2,26,54,1,1,84169.0,2,2,4473.84,2,2012,5,0.0,0.0
723,1,7,21,31,2,1,61816.0,2,1,11008.74,2,2017,8,0.0,0.0
724,1,6,7,3,2,1,80815.0,2,2,11789.5,2,2017,11,0.0,0.0
725,1,7,21,34,1,1,47099.0,2,3,4046.86,2,2012,7,0.0,0.0
726,1,9,8,16,1,3,179843.0,2,1,5313.12,2,2017,10,0.0,0.0
727,1,2,24,51,1,1,83149.0,1,3,5378.53,2,2017,10,0.0,0.0
728,1,7,21,21,2,1,60235.0,1,2,4834.71,2,2013,10,0.0,0.0
729,1,7,21,29,1,1,82555.0,2,3,2671.78,2,2012,5,0.0,0.0
730,1,7,11,27,2,2,0.0,3,3,2241.34,2,2014,10,0.0,0.0
731,1,7,21,35,2,1,66937.0,2,1,5281.53,2,2016,8,0.0,0.0
732,1,2,24,51,2,1,91172.0,2,2,26363.68,1,2018,2,0.0,0.0
733,1,9,13,10,2,1,51377.0,2,2,10820.63,2,2018,8,0.0,0.0
734,1,7,21,34,2,4,77118.0,2,1,7458.03,2,2013,10,0.0,0.0
735,1,1,5,42,2,1,83348.0,3,2,4615.54,2,2016,4,0.0,0.0
736,1,2,25,48,1,1,73169.0,1,3,8748.06,2,2013,2,0.0,0.0
737,1,7,10,30,1,1,41110.0,2,2,37408.56,2,2017,11,2017.0,1.0
738,1,7,21,23,1,1,73544.0,2,3,4932.68,2,2012,7,0.0,0.0
739,1,7,21,31,2,2,0.0,3,3,2396.21,2,2017,5,0.0,0.0
740,1,9,8,16,2,1,99796.0,2,2,8143.45,2,2016,4,0.0,0.0
741,1,7,21,32,2,1,73936.0,2,3,32302.55,2,2015,11,0.0,0.0
742,1,9,13,10,2,1,52465.0,2,2,8409.66,2,2018,8,0.0,0.0
743,1,7,19,28,1,2,0.0,2,3,2383.78,2,2014,1,2014.0,9.0
744,1,6,7,2,1,3,209906.0,1,3,2156.83,2,2017,10,0.0,0.0
745,1,7,14,17,2,2,0.0,2,1,6270.65,2,2016,1,0.0,0.0
746,1,2,24,51,2,1,64388.0,2,3,5746.03,2,2012,11,0.0,0.0
747,1,7,21,24,1,1,65162.0,2,3,5690.56,2,2012,5,0.0,0.0
748,1,2,24,51,1,4,45083.0,2,3,6186.23,2,2014,2,2017.0,3.0
749,1,7,14,17,1,1,61484.0,2,3,5280.36,2,2016,1,2016.0,9.0
750,1,7,21,23,1,1,95546.0,2,2,8630.05,2,2012,5,0.0,0.0
751,1,7,20,18,1,4,57810.0,1,1,7199.93,2,2017,4,0.0,0.0
752,1,7,21,23,2,2,0.0,2,3,2379.03,2,2018,8,0.0,0.0
753,1,2,24,51,2,1,65283.0,2,3,2890.53,2,2014,11,0.0,0.0
754,1,7,21,32,1,1,65762.0,2,3,10894.69,2,2016,8,0.0,0.0
755,1,7,10,30,2,2,0.0,2,3,2374.98,2,2013,3,2013.0,3.0
756,1,2,24,51,1,3,259466.0,2,3,2730.86,2,2018,7,0.0,0.0
757,1,9,8,16,1,1,89824.0,2,1,5318.13,2,2016,12,0.0,0.0
758,1,4,6,6,2,1,84214.0,2,3,22676.15,2,2012,5,0.0,0.0
759,1,2,24,50,2,1,82977.0,2,2,11007.57,2,2018,12,0.0,0.0
760,1,2,24,50,2,1,96089.0,2,1,7867.33,2,2014,11,0.0,0.0
761,1,2,24,51,1,1,50184.0,2,3,8378.7,2,2014,1,2017.0,9.0
762,1,3,29,36,2,1,61106.0,3,1,5253.48,2,2016,12,0.0,0.0
763,1,7,21,23,1,1,86956.0,1,2,4470.78,2,2014,8,2016.0,8.0
764,1,1,5,44,1,2,0.0,3,2,9764.78,2,2012,9,0.0,0.0
765,1,9,13,10,1,1,75387.0,2,1,5788.4,2,2018,6,0.0,0.0
766,1,7,19,28,1,1,49412.0,2,3,5268.51,2,2017,1,2018.0,9.0
767,1,7,21,25,2,2,0.0,2,3,3538.81,2,2012,9,0.0,0.0
768,1,7,21,25,1,2,0.0,2,1,12339.86,2,2014,3,0.0,0.0
769,1,9,8,16,1,4,76905.0,2,2,5261.36,2,2015,5,0.0,0.0
770,1,7,21,25,2,1,52209.0,2,1,5399.81,2,2013,1,0.0,0.0
771,1,2,26,54,2,1,52010.0,2,1,12476.66,2,2018,8,0.0,0.0
772,1,9,13,11,1,1,64409.0,2,3,8168.47,2,2015,9,0.0,0.0
773,1,9,13,10,2,1,56831.0,2,3,7189.25,2,2017,8,0.0,0.0
774,1,7,21,25,2,2,0.0,3,3,2379.31,2,2013,7,0.0,0.0
775,1,1,1,43,2,2,0.0,3,3,4031.51,2,2018,11,0.0,0.0
776,1,7,21,23,1,1,76557.0,2,3,9532.71,2,2012,9,0.0,0.0
777,1,1,5,44,1,1,92396.0,2,2,6313.09,2,2016,10,0.0,0.0
778,1,1,5,42,2,1,82915.0,1,1,5358.06,2,2012,9,0.0,0.0
779,1,2,25,48,1,2,0.0,3,3,4674.06,2,2017,8,0.0,0.0
780,1,9,8,16,1,1,78531.0,2,3,2615.69,1,2018,2,0.0,0.0
781,1,7,14,18,1,1,84514.0,2,3,2693.63,1,2018,2,0.0,0.0
782,1,2,27,53,1,4,78370.0,2,1,9338.53,2,2016,1,0.0,0.0
783,1,6,7,3,1,3,287111.0,2,2,3719.75,2,2016,8,0.0,0.0
784,1,10,17,40,1,1,62631.0,2,2,8505.86,2,2016,11,0.0,0.0
785,1,9,13,11,2,1,52432.0,2,2,9150.77,1,2018,2,0.0,0.0
786,1,7,21,35,1,1,59203.0,2,3,2534.21,2,2014,10,0.0,0.0
787,1,1,5,44,1,2,0.0,2,3,2386.24,2,2014,1,0.0,0.0
788,1,9,13,10,2,2,0.0,3,2,7275.36,2,2018,7,0.0,0.0
789,1,4,6,6,2,1,50500.0,3,2,5021.28,2,2018,9,0.0,0.0
790,1,7,19,28,1,2,0.0,2,3,11763.98,2,2016,6,0.0,0.0
791,1,9,16,7,1,1,67668.0,2,3,2546.05,2,2014,3,0.0,0.0
792,1,9,13,14,2,2,0.0,3,3,4701.08,2,2018,6,0.0,0.0
793,1,2,24,50,1,1,59372.0,1,3,2446.03,2,2018,12,0.0,0.0
794,1,9,13,11,1,2,0.0,2,3,4379.86,2,2017,1,0.0,0.0
795,1,2,24,50,2,1,58318.0,2,2,17550.23,2,2016,8,0.0,0.0
796,1,2,27,53,2,2,0.0,2,2,8096.78,2,2012,12,0.0,0.0
797,1,2,24,51,2,1,92169.0,2,3,13837.4,2,2013,11,0.0,0.0
798,1,7,20,19,1,2,0.0,2,2,8649.06,2,2015,6,0.0,0.0
799,1,7,21,25,2,1,64977.0,3,3,32606.06,2,2018,12,0.0,0.0
800,1,2,24,52,2,1,51877.0,2,2,11030.6,2,2012,5,0.0,0.0
801,1,1,2,41,1,1,92259.0,2,3,2680.16,2,2017,8,0.0,0.0
802,1,2,27,53,2,3,187615.0,2,1,8128.56,2,2016,8,2017.0,4.0
803,1,1,5,42,2,1,67006.0,2,2,4828.06,2,2017,7,0.0,0.0
804,1,2,4,46,1,1,63235.0,1,3,4834.53,2,2016,10,2016.0,1.0
805,1,6,7,3,2,1,85367.0,2,2,18023.52,2,2012,12,0.0,0.0
806,1,7,10,30,1,2,0.0,2,2,7890.02,2,2013,10,2016.0,4.0
807,1,6,7,3,1,1,91097.0,1,3,4269.46,1,2018,4,0.0,0.0
808,1,1,5,44,1,1,68325.0,2,2,2818.51,2,2015,10,0.0,0.0
809,1,2,24,52,1,2,0.0,2,3,4944.53,2,2016,4,0.0,0.0
810,1,7,21,34,2,1,55878.0,2,3,2727.78,2,2014,4,0.0,0.0
811,1,7,21,29,2,1,61098.0,2,3,16540.09,2,2016,3,2016.0,3.0
812,1,2,24,50,1,2,0.0,2,2,5993.02,1,2018,2,0.0,0.0
813,1,2,24,52,2,1,73906.0,2,2,19450.43,2,2018,9,0.0,0.0
814,1,7,20,19,1,2,0.0,2,3,8107.36,2,2016,2,0.0,0.0
815,1,7,21,35,1,1,97703.0,2,2,2896.85,2,2013,9,2016.0,5.0
816,1,9,8,16,1,1,53814.0,1,3,3478.71,2,2016,10,2017.0,2.0
817,1,7,14,17,2,2,0.0,2,3,2202.47,2,2018,10,0.0,0.0
818,1,7,21,21,2,1,90663.0,3,2,3730.44,2,2013,2,0.0,0.0
819,1,9,13,10,1,1,89947.0,2,3,5181.68,2,2018,8,0.0,0.0
820,1,9,13,14,1,1,76003.0,2,2,9073.77,1,2018,4,0.0,0.0
821,1,2,24,51,2,3,125167.0,2,3,4736.06,2,2013,1,0.0,0.0
822,1,3,29,36,2,1,88767.0,2,2,2893.54,2,2012,10,0.0,0.0
823,1,7,21,32,2,3,112165.0,1,3,5764.57,2,2018,11,0.0,0.0
824,1,2,24,51,2,3,121156.0,2,3,7887.06,2,2016,1,2017.0,2.0
825,1,2,24,49,2,1,77435.0,2,2,7125.88,2,2016,7,0.0,0.0
826,1,1,15,45,1,4,52407.0,2,1,6114.94,2,2016,9,0.0,0.0
827,1,9,13,11,1,1,52392.0,2,3,8689.74,2,2015,4,0.0,0.0
828,1,9,13,10,2,1,87897.0,2,1,5612.98,2,2012,12,0.0,0.0
829,1,2,9,46,2,2,0.0,2,2,13678.83,2,2013,1,0.0,0.0
830,1,7,21,23,1,5,106663.0,1,3,8382.96,2,2017,1,0.0,0.0
831,1,7,21,23,1,1,52469.0,2,3,2737.36,2,2014,2,2014.0,8.0
832,1,7,21,31,2,1,92697.0,2,3,2838.91,2,2018,11,0.0,0.0
833,1,7,10,30,1,1,72059.0,2,1,7712.08,2,2013,9,0.0,0.0
834,1,7,21,34,1,2,0.0,2,3,2341.44,2,2013,1,2013.0,9.0
835,1,2,27,53,2,1,93830.0,1,1,18688.33,2,2016,4,0.0,0.0
836,1,1,5,42,2,1,82347.0,2,2,8048.87,2,2013,11,0.0,0.0
837,1,9,16,7,2,1,80068.0,2,3,20646.66,2,2012,11,0.0,0.0
838,1,7,14,17,2,1,52256.0,3,3,2745.7,1,2018,3,0.0,0.0
839,1,4,6,6,2,1,73540.0,2,1,27050.41,2,2013,12,0.0,0.0
840,1,7,21,34,2,5,112860.0,1,3,2867.51,2,2018,11,0.0,0.0
841,1,1,2,41,2,1,73118.0,2,3,47388.4,2,2017,10,0.0,0.0
842,1,2,24,49,1,1,89168.0,2,2,8617.05,2,2016,2,2016.0,8.0
843,1,9,13,9,1,2,0.0,2,2,11313.02,2,2017,10,0.0,0.0
844,1,7,21,31,2,1,42079.0,1,2,17382.03,2,2016,4,0.0,0.0
845,1,1,5,44,1,1,89347.0,2,2,8688.13,2,2012,12,0.0,0.0
846,1,7,21,33,1,1,68223.0,2,3,2597.55,2,2017,1,0.0,0.0
847,1,7,14,17,1,1,84927.0,3,3,20616.53,2,2012,8,0.0,0.0
848,1,2,25,48,1,1,63169.0,2,2,4691.0,2,2017,1,0.0,0.0
849,1,2,24,50,1,1,87192.0,2,2,17658.06,2,2015,10,0.0,0.0
850,1,1,5,42,2,1,46916.0,2,1,14781.4,1,2018,4,0.0,0.0
851,1,7,14,17,1,1,57350.0,2,1,7921.2,2,2012,10,0.0,0.0
852,1,9,8,16,1,5,92661.0,2,3,2113.95,2,2015,11,2017.0,2.0
853,1,2,24,50,2,1,65936.0,2,2,2787.98,2,2017,11,0.0,0.0
854,1,2,24,52,1,1,87249.0,1,3,4934.8,2,2012,5,0.0,0.0
855,1,2,4,46,2,2,0.0,2,2,3668.81,2,2012,11,0.0,0.0
856,1,9,16,7,1,1,75350.0,2,1,7718.45,2,2013,9,0.0,0.0
857,1,9,13,10,2,1,85867.0,2,2,7255.83,2,2018,10,0.0,0.0
858,1,9,16,7,1,1,66868.0,2,3,2602.75,2,2012,5,0.0,0.0
859,1,2,24,49,2,1,87495.0,2,2,5623.51,2,2015,10,0.0,0.0
860,1,7,10,30,1,1,77352.0,1,1,5598.04,2,2018,7,0.0,0.0
861,1,7,21,23,1,1,86857.0,2,3,4136.15,2,2013,11,0.0,0.0
862,1,2,24,50,2,1,92915.0,1,3,2627.46,2,2018,7,0.0,0.0
863,1,3,29,36,2,4,47865.0,1,3,4636.53,2,2016,1,0.0,0.0
864,1,9,22,15,2,1,53196.0,2,1,6728.43,2,2016,6,0.0,0.0
865,1,4,6,6,2,4,50332.0,2,2,20635.25,2,2013,9,0.0,0.0
866,1,1,5,42,2,1,99976.0,2,2,2745.35,2,2016,2,0.0,0.0
867,1,9,16,7,2,1,84693.0,2,2,3623.1,2,2018,10,0.0,0.0
868,1,2,25,48,1,4,48217.0,2,2,4628.91,2,2013,1,0.0,0.0
869,1,9,13,10,2,2,0.0,2,3,4671.36,2,2018,5,0.0,0.0
870,1,7,21,34,2,1,78930.0,2,2,3408.58,2,2012,7,0.0,0.0
871,1,7,21,34,2,1,69765.0,2,2,2760.56,2,2018,7,0.0,0.0
872,1,9,13,14,2,2,0.0,2,3,10331.9,2,2016,4,0.0,0.0
873,1,9,13,10,1,1,77407.0,2,2,6268.36,2,2013,10,0.0,0.0
874,1,1,5,44,1,1,64501.0,3,3,2554.04,2,2017,10,0.0,0.0
875,1,2,24,49,2,1,98165.0,2,2,2809.06,2,2018,10,0.0,0.0
876,1,7,21,21,2,3,299647.0,2,1,5618.93,2,2013,10,0.0,0.0
877,1,2,24,49,2,1,54235.0,2,2,4720.88,2,2013,5,0.0,0.0
878,1,1,15,45,1,1,61608.0,1,2,7619.76,2,2017,8,0.0,0.0
879,1,2,24,51,2,1,78285.0,1,3,2456.47,2,2012,9,0.0,0.0
880,1,9,22,15,2,1,52177.0,2,2,5708.93,2,2013,10,0.0,0.0
881,1,9,22,15,2,1,52586.0,2,2,3796.93,2,2016,12,0.0,0.0
882,1,2,26,54,1,1,93169.0,2,3,2435.66,2,2012,10,0.0,0.0
883,1,7,21,33,1,1,69433.0,2,3,5480.55,2,2016,1,2016.0,12.0
884,1,7,21,33,2,1,66850.0,1,1,7271.71,2,2012,4,0.0,0.0
885,1,2,26,54,2,1,57804.0,2,3,9132.21,2,2018,9,0.0,0.0
886,1,7,21,34,2,1,73544.0,1,3,3438.53,2,2013,10,0.0,0.0
887,1,7,11,27,2,2,0.0,3,2,8041.74,2,2012,12,0.0,0.0
888,1,3,29,36,1,4,72015.0,3,1,6693.06,2,2016,11,0.0,0.0
889,1,2,25,48,1,2,0.0,2,3,4171.08,2,2018,9,0.0,0.0
890,1,7,20,19,2,1,72905.0,1,2,3731.96,2,2014,4,0.0,0.0
891,1,9,13,10,2,1,84198.0,2,3,4687.35,2,2016,1,0.0,0.0
892,1,1,15,45,1,2,0.0,3,2,4631.63,2,2016,9,0.0,0.0
893,1,9,13,11,2,3,123357.0,2,2,9555.17,2,2014,10,0.0,0.0
894,1,10,17,40,1,1,52747.0,2,1,5091.87,2,2012,12,0.0,0.0
895,1,1,5,44,1,1,83810.0,1,2,4481.54,2,2013,10,0.0,0.0
896,1,6,7,3,2,3,287613.0,2,3,4786.88,2,2016,10,0.0,0.0
897,1,3,29,36,2,1,66158.0,2,2,4437.76,2,2014,8,2016.0,8.0
898,1,2,24,50,2,1,54177.0,2,2,7990.66,2,2017,12,0.0,0.0
899,1,7,21,35,1,1,51709.0,2,2,5044.25,2,2015,9,0.0,0.0
900,1,2,24,52,2,1,82977.0,2,2,11604.62,1,2018,4,0.0,0.0
901,1,2,24,50,1,1,94089.0,2,1,5363.9,2,2017,11,0.0,0.0
902,1,6,7,3,2,1,72168.0,2,2,7009.75,2,2016,11,0.0,0.0
903,1,6,7,3,2,1,91526.0,2,1,7026.08,2,2016,4,0.0,0.0
904,1,1,5,44,1,1,98792.0,2,3,2405.52,2,2016,10,2017.0,4.0
905,1,2,24,50,2,1,88265.0,1,2,6833.2,2,2018,8,0.0,0.0
906,1,1,1,43,1,1,78599.0,2,2,3235.36,1,2018,3,0.0,0.0
907,1,5,18,1,1,1,104603.0,3,3,2698.67,2,2018,11,0.0,0.0
908,1,2,27,53,1,3,236612.0,2,1,8186.67,2,2013,8,0.0,0.0
909,1,7,21,23,2,2,0.0,3,3,6765.18,2,2012,8,0.0,0.0
910,1,2,27,53,1,1,71027.0,2,2,3866.53,2,2016,9,0.0,0.0
911,1,7,21,35,1,1,77708.0,2,2,25098.85,2,2016,8,0.0,0.0
912,1,2,24,49,2,1,57927.0,2,3,2787.46,1,2018,4,0.0,0.0
913,1,7,21,39,2,1,76435.0,2,2,5407.14,2,2013,8,0.0,0.0
914,1,4,6,6,1,1,102112.0,2,1,17673.95,2,2015,12,0.0,0.0
915,1,2,24,50,1,1,59669.0,2,3,2697.18,2,2018,8,0.0,0.0
916,1,7,21,29,2,2,0.0,2,2,2379.01,2,2017,10,0.0,0.0
917,1,2,24,51,2,1,70916.0,2,3,5056.53,2,2016,12,0.0,0.0
918,1,4,6,6,1,1,84457.0,2,3,20640.53,2,2012,9,0.0,0.0
919,1,7,21,34,1,2,0.0,2,2,3707.7,2,2018,7,0.0,0.0
920,1,7,21,29,2,1,80485.0,2,3,4127.45,2,2016,1,2016.0,9.0
921,1,2,24,51,1,1,87118.0,2,2,23436.66,2,2012,9,0.0,0.0
922,1,7,21,32,1,1,65762.0,2,3,10095.52,2,2017,1,2018.0,9.0
923,1,7,21,21,2,1,46437.0,2,2,8045.14,2,2013,6,2018.0,2.0
924,1,9,13,10,2,1,58367.0,2,2,5209.02,2,2018,7,0.0,0.0
925,1,9,13,9,1,1,81746.0,2,2,3386.36,2,2016,3,0.0,0.0
926,1,7,21,21,2,1,69085.0,2,2,4441.18,2,2014,1,0.0,0.0
927,1,10,17,40,1,1,52781.0,2,3,9788.93,2,2016,11,0.0,0.0
928,1,7,14,17,2,1,63293.0,2,2,5683.31,2,2015,8,0.0,0.0
929,1,2,24,50,1,4,67097.0,1,3,4946.96,2,2016,11,0.0,0.0
930,1,2,4,46,1,1,60805.0,2,3,2605.52,2,2015,10,2015.0,6.0
931,1,3,29,36,1,1,85769.0,2,2,5672.54,2,2017,8,0.0,0.0
932,1,4,6,6,1,2,0.0,2,2,22767.46,2,2016,10,0.0,0.0
933,1,2,24,49,2,1,48543.0,2,2,4167.66,2,2013,10,0.0,0.0
934,1,7,21,23,1,1,87245.0,2,1,8633.51,2,2016,3,0.0,0.0
935,1,7,21,33,1,3,195863.0,2,1,7215.33,2,2014,4,2014.0,12.0
936,1,7,10,30,2,2,0.0,3,3,2305.06,2,2016,1,2017.0,1.0
937,1,2,24,51,1,3,187993.0,2,3,2686.34,2,2016,11,0.0,0.0
938,1,2,24,51,2,2,0.0,2,3,2406.32,2,2014,5,0.0,0.0
939,1,7,14,18,2,3,267895.0,2,3,10363.36,2,2013,1,0.0,0.0
940,1,2,24,50,2,1,62509.0,2,2,10377.62,2,2012,5,0.0,0.0
941,1,7,19,28,2,1,52198.0,2,2,5436.66,2,2016,10,0.0,0.0
942,1,7,11,27,2,1,84234.0,2,3,2743.5,1,2018,4,0.0,0.0
943,1,2,24,52,2,2,0.0,2,2,8044.84,2,2012,12,0.0,0.0
944,1,4,6,6,2,1,51182.0,2,2,3520.25,2,2012,12,0.0,0.0
945,1,2,27,53,2,1,67115.0,2,1,7403.51,2,2015,10,0.0,0.0
946,1,9,13,8,2,1,84968.0,2,3,4721.45,2,2014,2,2017.0,8.0
947,1,7,23,20,2,4,45663.0,2,3,4194.63,2,2016,1,2016.0,9.0
948,1,7,21,29,2,2,0.0,2,2,13731.5,2,2014,2,0.0,0.0
949,1,7,21,23,1,1,82742.0,2,3,3389.62,2,2016,11,2017.0,9.0
950,1,9,13,9,1,2,0.0,3,2,4140.36,2,2017,2,0.0,0.0
951,1,4,6,6,2,1,96600.0,1,2,3265.11,2,2012,8,0.0,0.0
952,1,9,13,14,1,1,85167.0,2,2,5890.98,2,2016,4,0.0,0.0
953,1,7,21,25,2,2,0.0,3,3,5363.06,2,2013,3,0.0,0.0
954,1,7,21,23,1,1,79147.0,3,3,5473.46,2,2016,10,0.0,0.0
955,1,9,13,9,2,1,84214.0,2,2,5524.49,2,2013,12,0.0,0.0
956,1,9,13,10,2,4,52477.0,2,3,13704.93,2,2013,7,2017.0,11.0
957,1,7,21,33,1,1,67033.0,2,3,4383.82,2,2017,1,0.0,0.0
958,1,7,10,30,2,1,67697.0,3,2,41008.04,2,2013,12,0.0,0.0
959,1,7,11,27,1,1,64205.0,2,2,2943.71,2,2014,8,2016.0,8.0
960,1,2,27,53,2,1,87514.0,1,3,4323.56,2,2018,8,0.0,0.0
961,1,7,21,35,1,1,91675.0,1,3,4636.86,2,2012,11,0.0,0.0
962,1,7,21,29,1,2,0.0,2,3,4079.85,2,2016,11,2018.0,9.0
963,1,2,27,53,2,1,86857.0,2,1,18281.28,2,2017,4,2016.0,2.0
964,1,2,24,51,1,1,57435.0,2,2,3755.54,2,2016,6,0.0,0.0
965,1,10,17,39,1,1,52586.0,1,2,8244.07,2,2013,11,2016.0,1.0
966,1,9,13,9,2,1,84147.0,2,2,17420.96,2,2015,12,0.0,0.0
967,1,7,21,32,1,2,0.0,2,3,2394.62,2,2015,10,0.0,0.0
968,1,2,24,49,2,1,63918.0,2,1,14117.43,2,2013,12,0.0,0.0
969,1,2,24,51,2,1,50805.0,2,2,5408.58,1,2018,4,0.0,0.0
970,1,1,5,44,2,5,112861.0,2,2,2792.41,2,2018,10,0.0,0.0
971,1,7,23,20,2,1,95064.0,2,2,4109.69,2,2014,12,0.0,0.0
972,1,3,29,36,1,2,0.0,3,1,14117.46,2,2016,12,0.0,0.0
973,1,9,13,10,1,2,0.0,2,1,20651.15,2,2016,9,0.0,0.0
974,1,7,14,17,1,2,0.0,3,2,7847.18,2,2017,5,0.0,0.0
975,1,9,16,7,1,1,52663.0,2,2,3663.97,2,2012,11,0.0,0.0
976,1,9,13,9,2,1,91802.0,2,3,2619.89,1,2018,2,0.0,0.0
977,1,2,24,50,2,5,112860.0,1,3,2435.58,2,2018,11,2013.0,7.0
978,1,9,13,10,1,1,76031.0,2,2,7290.66,2,2012,11,0.0,0.0
979,1,2,24,50,1,3,189861.0,2,3,2619.98,2,2018,11,2018.0,9.0
980,1,2,24,49,1,2,0.0,2,2,5183.61,2,2017,8,0.0,0.0
981,1,9,13,10,1,1,84861.0,2,2,5203.98,2,2018,12,0.0,0.0
982,1,2,27,53,2,3,237647.0,2,3,2587.21,2,2018,11,0.0,0.0
983,1,9,22,15,2,1,89753.0,3,2,4170.83,2,2016,6,0.0,0.0
984,1,2,24,50,2,1,78342.0,2,1,7190.53,2,2018,8,0.0,0.0
985,1,7,14,17,2,1,69746.0,2,1,5289.31,2,2015,8,0.0,0.0
986,1,7,21,33,1,1,68693.0,2,3,1780.95,2,2018,7,0.0,0.0
987,1,9,13,10,1,1,72059.0,2,3,5171.32,2,2017,12,0.0,0.0
988,1,2,4,46,1,2,0.0,3,3,2666.69,2,2018,11,0.0,0.0
989,1,7,14,17,1,2,0.0,2,1,8150.45,2,2017,12,0.0,0.0
990,1,6,7,3,2,1,93765.0,1,3,3786.84,2,2016,10,0.0,0.0
991,1,1,15,45,2,3,81497.0,2,1,6619.04,2,2016,10,2017.0,2.0
992,1,7,10,30,1,3,187897.0,1,3,2392.04,2,2013,11,0.0,0.0
993,1,7,21,31,2,1,95372.0,2,2,4868.87,2,2012,5,0.0,0.0
994,1,9,16,7,1,1,94250.0,2,3,2635.61,2,2013,10,0.0,0.0
995,1,7,14,18,1,1,52239.0,3,3,2431.88,2,2017,8,0.0,0.0
996,1,10,17,40,2,2,0.0,2,3,2382.07,2,2015,2,0.0,0.0
997,1,2,24,50,2,1,47168.0,2,3,4928.08,1,2018,4,0.0,0.0
998,1,9,13,10,2,1,92807.0,2,2,7115.74,2,2016,3,0.0,0.0
999,1,4,6,6,2,1,78572.0,2,3,2676.52,2,2018,8,0.0,0.0
