user_id,gender,age,signup_method,signup_flow,language,affiliate_channel,affiliate_provider,first_affiliate_tracked,signup_app,first_device_type,first_browser,country_destination
1,2.0,54.0,0.0,0,2.0,5.0,6.0,3.0,2.0,3.0,13.0,10.0
5,1.0,29.0,0.0,24,2.0,2.0,2.0,0.0,1.0,8.0,11.0,9.0
11,0.0,28.0,0.0,0,2.0,2.0,2.0,6.0,2.0,6.0,5.0,9.0
13,0.0,33.0,0.0,0,2.0,2.0,2.0,6.0,2.0,6.0,5.0,9.0
16,1.0,28.0,0.0,0,2.0,2.0,2.0,6.0,2.0,3.0,8.0,9.0
17,2.0,31.0,0.0,0,2.0,7.0,6.0,0.0,2.0,6.0,8.0,10.0
20,1.0,25.0,0.0,0,2.0,2.0,2.0,6.0,2.0,6.0,5.0,9.0
21,0.0,42.0,0.0,0,2.0,2.0,2.0,6.0,2.0,1.0,9.0,9.0
22,2.0,29.0,1.0,12,2.0,2.0,2.0,6.0,3.0,8.0,0.0,9.0
26,2.0,35.0,0.0,0,2.0,2.0,2.0,6.0,2.0,6.0,5.0,4.0
27,1.0,44.0,0.0,0,2.0,7.0,6.0,6.0,2.0,6.0,5.0,9.0
31,0.0,27.0,0.0,0,2.0,2.0,2.0,0.0,2.0,6.0,8.0,9.0
32,0.0,105.0,0.0,25,2.0,2.0,2.0,6.0,3.0,8.0,0.0,4.0
33,2.0,36.0,0.0,0,2.0,6.0,6.0,3.0,2.0,6.0,9.0,9.0
37,1.0,28.0,0.0,0,2.0,1.0,6.0,3.0,2.0,3.0,13.0,1.0
39,2.0,23.0,1.0,0,2.0,2.0,2.0,5.0,2.0,3.0,13.0,10.0
45,2.0,33.0,0.0,0,2.0,2.0,2.0,0.0,2.0,3.0,5.0,6.0
52,2.0,44.0,1.0,0,2.0,2.0,2.0,3.0,2.0,3.0,13.0,4.0
56,1.0,26.0,0.0,0,2.0,2.0,2.0,6.0,2.0,6.0,8.0,1.0
57,2.0,20.0,1.0,0,2.0,6.0,6.0,3.0,2.0,3.0,13.0,10.0
61,0.0,37.0,0.0,0,2.0,2.0,2.0,6.0,2.0,6.0,9.0,9.0
67,1.0,24.0,1.0,0,2.0,2.0,2.0,0.0,2.0,6.0,5.0,9.0
83,1.0,58.0,0.0,0,2.0,2.0,2.0,0.0,2.0,3.0,5.0,9.0
87,0.0,33.0,0.0,0,2.0,2.0,2.0,0.0,2.0,3.0,13.0,9.0
91,1.0,70.0,0.0,0,2.0,3.0,3.0,3.0,2.0,6.0,8.0,9.0
99,1.0,28.0,1.0,0,2.0,7.0,6.0,0.0,2.0,6.0,5.0,9.0
102,2.0,42.0,0.0,0,2.0,2.0,2.0,0.0,2.0,3.0,13.0,3.0
103,1.0,22.0,1.0,0,2.0,2.0,2.0,6.0,2.0,7.0,11.0,9.0
104,2.0,105.0,0.0,0,2.0,2.0,2.0,0.0,2.0,3.0,13.0,9.0
108,2.0,58.0,1.0,0,2.0,2.0,2.0,6.0,2.0,6.0,9.0,9.0
112,1.0,40.0,1.0,0,2.0,2.0,2.0,0.0,2.0,3.0,5.0,10.0
116,2.0,27.0,0.0,0,2.0,2.0,2.0,0.0,2.0,3.0,13.0,10.0
118,1.0,38.0,0.0,0,2.0,5.0,6.0,3.0,2.0,6.0,9.0,6.0
123,2.0,44.0,0.0,0,2.0,5.0,6.0,3.0,2.0,6.0,8.0,7.0
127,2.0,32.0,0.0,0,2.0,5.0,6.0,3.0,2.0,6.0,5.0,10.0
128,1.0,34.0,0.0,0,2.0,5.0,6.0,3.0,2.0,3.0,13.0,3.0
135,1.0,32.0,1.0,25,2.0,2.0,2.0,6.0,3.0,8.0,0.0,10.0
137,1.0,27.0,0.0,0,2.0,2.0,2.0,6.0,2.0,6.0,5.0,2.0
139,0.0,34.0,0.0,0,2.0,2.0,2.0,6.0,2.0,6.0,5.0,9.0
142,3.0,31.0,0.0,0,2.0,7.0,6.0,0.0,2.0,3.0,5.0,9.0
143,0.0,19.0,0.0,0,2.0,5.0,6.0,3.0,2.0,3.0,13.0,4.0
144,1.0,25.0,1.0,0,2.0,2.0,2.0,6.0,2.0,3.0,5.0,9.0
145,1.0,32.0,1.0,12,2.0,0.0,9.0,6.0,3.0,8.0,11.0,9.0
149,2.0,30.0,0.0,0,2.0,2.0,2.0,0.0,2.0,3.0,13.0,9.0
151,2.0,19.0,0.0,0,2.0,5.0,6.0,3.0,2.0,7.0,11.0,9.0
152,0.0,27.0,0.0,0,2.0,2.0,2.0,6.0,2.0,6.0,5.0,9.0
153,0.0,25.0,0.0,25,2.0,2.0,2.0,6.0,3.0,8.0,0.0,9.0
155,0.0,20.0,0.0,0,2.0,2.0,2.0,6.0,2.0,6.0,5.0,9.0
157,2.0,44.0,0.0,0,2.0,5.0,6.0,3.0,2.0,6.0,8.0,9.0
170,0.0,32.0,0.0,0,2.0,2.0,2.0,6.0,2.0,6.0,8.0,9.0
172,1.0,25.0,0.0,0,2.0,2.0,2.0,6.0,2.0,6.0,8.0,9.0
173,1.0,54.0,0.0,0,2.0,2.0,2.0,6.0,2.0,7.0,11.0,6.0
177,1.0,58.0,1.0,0,2.0,2.0,2.0,0.0,2.0,6.0,5.0,4.0
180,2.0,30.0,0.0,0,2.0,2.0,2.0,0.0,2.0,3.0,13.0,10.0
181,0.0,37.0,0.0,0,2.0,5.0,6.0,3.0,2.0,6.0,5.0,9.0
182,1.0,19.0,0.0,0,2.0,2.0,2.0,0.0,2.0,3.0,13.0,9.0
185,2.0,35.0,0.0,25,2.0,2.0,2.0,6.0,3.0,8.0,0.0,9.0
188,1.0,25.0,1.0,25,2.0,2.0,2.0,6.0,3.0,8.0,0.0,9.0
190,0.0,27.0,0.0,0,2.0,5.0,6.0,3.0,2.0,3.0,8.0,9.0
201,2.0,21.0,0.0,0,2.0,2.0,2.0,6.0,2.0,3.0,13.0,6.0
203,1.0,26.0,0.0,0,2.0,6.0,6.0,3.0,2.0,6.0,9.0,9.0
204,2.0,32.0,0.0,24,2.0,2.0,2.0,6.0,1.0,4.0,0.0,10.0
209,2.0,45.0,0.0,0,2.0,2.0,2.0,6.0,2.0,3.0,13.0,9.0
213,2.0,46.0,0.0,0,2.0,5.0,6.0,3.0,2.0,2.0,5.0,9.0
218,1.0,30.0,1.0,23,2.0,2.0,2.0,6.0,0.0,0.0,0.0,9.0
219,2.0,29.0,0.0,0,2.0,5.0,6.0,3.0,2.0,7.0,11.0,9.0
221,1.0,24.0,1.0,0,2.0,7.0,4.0,4.0,2.0,6.0,5.0,9.0
223,0.0,30.0,0.0,0,2.0,2.0,2.0,6.0,2.0,6.0,5.0,9.0
229,1.0,37.0,0.0,0,2.0,5.0,6.0,3.0,2.0,3.0,13.0,9.0
232,2.0,21.0,1.0,25,2.0,2.0,2.0,6.0,3.0,8.0,0.0,9.0
234,0.0,44.0,0.0,25,13.0,2.0,2.0,6.0,3.0,8.0,0.0,9.0
235,1.0,30.0,1.0,0,2.0,2.0,2.0,6.0,2.0,8.0,11.0,9.0
236,2.0,55.0,0.0,0,2.0,5.0,6.0,6.0,2.0,3.0,13.0,9.0
237,0.0,35.0,0.0,0,2.0,6.0,6.0,3.0,2.0,6.0,9.0,4.0
240,1.0,23.0,1.0,0,2.0,5.0,6.0,3.0,2.0,3.0,5.0,9.0
247,2.0,43.0,1.0,12,2.0,0.0,9.0,6.0,3.0,8.0,11.0,9.0
255,1.0,22.0,1.0,0,2.0,7.0,4.0,0.0,2.0,3.0,13.0,10.0
256,0.0,31.0,0.0,0,2.0,2.0,2.0,0.0,2.0,6.0,8.0,9.0
259,1.0,41.0,0.0,0,2.0,5.0,6.0,3.0,2.0,3.0,13.0,9.0
260,1.0,22.0,0.0,0,2.0,5.0,6.0,6.0,2.0,3.0,5.0,7.0
261,2.0,44.0,1.0,0,2.0,2.0,2.0,3.0,2.0,7.0,11.0,9.0
266,0.0,28.0,0.0,0,2.0,5.0,6.0,3.0,2.0,6.0,5.0,9.0
268,2.0,42.0,0.0,0,2.0,2.0,2.0,6.0,2.0,6.0,5.0,9.0
269,0.0,32.0,0.0,0,2.0,2.0,2.0,6.0,2.0,6.0,5.0,9.0
270,2.0,26.0,1.0,0,2.0,2.0,2.0,6.0,2.0,3.0,8.0,10.0
275,1.0,22.0,0.0,25,2.0,2.0,2.0,6.0,3.0,8.0,0.0,4.0
277,2.0,53.0,0.0,0,2.0,3.0,9.0,5.0,2.0,3.0,13.0,9.0
281,1.0,36.0,0.0,0,13.0,2.0,2.0,0.0,2.0,1.0,9.0,9.0
282,0.0,37.0,0.0,0,2.0,5.0,6.0,6.0,2.0,6.0,5.0,9.0
284,1.0,37.0,1.0,0,2.0,2.0,2.0,0.0,2.0,7.0,11.0,10.0
285,1.0,31.0,0.0,0,13.0,2.0,2.0,4.0,2.0,6.0,8.0,9.0
289,2.0,35.0,1.0,0,2.0,5.0,6.0,3.0,2.0,6.0,5.0,10.0
293,1.0,24.0,0.0,0,2.0,6.0,11.0,3.0,2.0,3.0,8.0,9.0
297,1.0,31.0,1.0,25,2.0,2.0,2.0,6.0,3.0,8.0,0.0,10.0
301,0.0,33.0,0.0,0,2.0,2.0,2.0,6.0,2.0,6.0,5.0,9.0
303,1.0,70.0,0.0,0,2.0,5.0,6.0,6.0,2.0,6.0,9.0,9.0
307,1.0,35.0,0.0,0,3.0,2.0,2.0,6.0,2.0,3.0,8.0,3.0
308,2.0,27.0,1.0,0,2.0,2.0,2.0,6.0,2.0,3.0,5.0,9.0
310,1.0,40.0,0.0,0,2.0,5.0,6.0,3.0,2.0,3.0,13.0,0.0
313,0.0,59.0,0.0,0,2.0,2.0,2.0,6.0,2.0,3.0,8.0,9.0
316,1.0,51.0,0.0,0,2.0,5.0,6.0,3.0,2.0,3.0,5.0,9.0
319,1.0,22.0,0.0,0,2.0,2.0,2.0,6.0,2.0,3.0,5.0,9.0
322,1.0,47.0,1.0,0,2.0,2.0,2.0,0.0,2.0,6.0,8.0,9.0
330,2.0,2014.0,0.0,0,2.0,2.0,2.0,6.0,2.0,7.0,11.0,9.0
335,1.0,27.0,1.0,0,2.0,5.0,6.0,3.0,2.0,6.0,5.0,10.0
336,2.0,52.0,1.0,25,2.0,2.0,2.0,6.0,3.0,8.0,11.0,9.0
337,2.0,26.0,1.0,0,2.0,5.0,6.0,3.0,2.0,6.0,5.0,10.0
338,2.0,23.0,0.0,0,2.0,2.0,2.0,6.0,2.0,6.0,5.0,10.0
339,0.0,31.0,0.0,23,2.0,2.0,2.0,6.0,0.0,4.0,0.0,9.0
341,2.0,22.0,1.0,0,2.0,2.0,2.0,0.0,2.0,2.0,5.0,4.0
345,2.0,32.0,1.0,12,2.0,0.0,9.0,6.0,3.0,8.0,0.0,9.0
347,0.0,45.0,0.0,0,2.0,2.0,2.0,6.0,2.0,7.0,11.0,4.0
354,2.0,56.0,1.0,0,2.0,2.0,2.0,6.0,2.0,0.0,2.0,10.0
357,1.0,35.0,1.0,12,2.0,0.0,9.0,6.0,3.0,8.0,0.0,9.0
358,1.0,44.0,0.0,0,2.0,5.0,6.0,3.0,2.0,6.0,8.0,9.0
362,1.0,24.0,1.0,0,2.0,5.0,6.0,3.0,2.0,3.0,5.0,4.0
363,0.0,20.0,0.0,0,2.0,2.0,2.0,6.0,2.0,3.0,5.0,9.0
364,1.0,23.0,0.0,0,2.0,2.0,2.0,6.0,2.0,6.0,5.0,9.0
371,1.0,25.0,0.0,0,2.0,2.0,2.0,6.0,2.0,8.0,11.0,9.0
372,0.0,105.0,0.0,0,2.0,5.0,6.0,0.0,2.0,7.0,11.0,9.0
379,2.0,23.0,1.0,0,2.0,2.0,2.0,6.0,2.0,3.0,5.0,3.0
381,0.0,45.0,0.0,0,2.0,2.0,2.0,3.0,2.0,6.0,5.0,9.0
384,1.0,33.0,1.0,0,2.0,2.0,2.0,6.0,2.0,7.0,11.0,9.0
385,2.0,24.0,0.0,0,2.0,3.0,9.0,6.0,2.0,3.0,5.0,9.0
388,2.0,34.0,0.0,0,2.0,5.0,6.0,3.0,2.0,3.0,5.0,9.0
391,0.0,45.0,0.0,0,2.0,6.0,1.0,3.0,2.0,6.0,9.0,9.0
395,2.0,71.0,0.0,0,2.0,2.0,2.0,6.0,2.0,3.0,8.0,9.0
408,1.0,39.0,0.0,0,2.0,7.0,6.0,0.0,2.0,6.0,5.0,9.0
412,2.0,38.0,1.0,12,2.0,0.0,9.0,6.0,3.0,8.0,0.0,9.0
414,1.0,23.0,0.0,0,2.0,7.0,4.0,0.0,2.0,3.0,13.0,9.0
417,1.0,75.0,0.0,0,2.0,5.0,6.0,3.0,2.0,3.0,5.0,9.0
425,2.0,53.0,1.0,0,2.0,2.0,2.0,6.0,2.0,3.0,13.0,9.0
428,1.0,28.0,0.0,0,2.0,2.0,2.0,6.0,2.0,6.0,5.0,9.0
445,2.0,109.0,1.0,0,2.0,2.0,2.0,0.0,2.0,6.0,5.0,10.0
449,0.0,44.0,0.0,0,2.0,5.0,6.0,3.0,2.0,2.0,8.0,9.0
450,0.0,47.0,0.0,0,2.0,7.0,6.0,3.0,2.0,7.0,11.0,9.0
452,2.0,35.0,0.0,0,2.0,2.0,2.0,6.0,2.0,3.0,5.0,9.0
454,1.0,40.0,0.0,0,2.0,2.0,2.0,6.0,2.0,7.0,11.0,9.0
456,1.0,23.0,1.0,0,2.0,7.0,4.0,0.0,2.0,3.0,5.0,9.0
461,2.0,44.0,0.0,0,2.0,2.0,2.0,0.0,2.0,3.0,13.0,9.0
465,1.0,67.0,0.0,0,2.0,2.0,2.0,6.0,2.0,6.0,9.0,9.0
466,0.0,32.0,0.0,25,2.0,2.0,2.0,6.0,3.0,8.0,11.0,9.0
472,1.0,30.0,1.0,0,2.0,5.0,6.0,3.0,2.0,3.0,5.0,9.0
473,0.0,32.0,0.0,0,2.0,2.0,2.0,6.0,2.0,7.0,11.0,9.0
478,1.0,56.0,0.0,0,2.0,2.0,2.0,0.0,2.0,3.0,13.0,4.0
490,1.0,22.0,0.0,25,2.0,2.0,2.0,6.0,3.0,8.0,0.0,10.0
493,1.0,31.0,1.0,12,2.0,2.0,2.0,6.0,3.0,8.0,0.0,9.0
494,2.0,36.0,1.0,0,2.0,2.0,2.0,6.0,2.0,6.0,5.0,9.0
502,0.0,44.0,0.0,0,2.0,2.0,2.0,0.0,2.0,6.0,9.0,9.0
503,1.0,30.0,0.0,0,2.0,2.0,2.0,6.0,2.0,1.0,9.0,9.0
505,1.0,22.0,1.0,0,2.0,2.0,2.0,6.0,2.0,3.0,5.0,9.0
510,2.0,29.0,1.0,0,2.0,2.0,2.0,0.0,2.0,6.0,5.0,9.0
513,1.0,25.0,0.0,0,2.0,2.0,2.0,0.0,2.0,3.0,5.0,9.0
514,1.0,47.0,0.0,0,2.0,2.0,2.0,6.0,2.0,7.0,11.0,9.0
523,1.0,36.0,0.0,0,2.0,2.0,2.0,0.0,2.0,6.0,9.0,9.0
524,2.0,32.0,1.0,0,2.0,5.0,6.0,0.0,2.0,6.0,5.0,9.0
538,1.0,60.0,0.0,0,2.0,5.0,6.0,0.0,2.0,6.0,9.0,9.0
540,2.0,29.0,1.0,0,2.0,6.0,6.0,0.0,2.0,3.0,13.0,9.0
543,1.0,27.0,0.0,0,2.0,2.0,2.0,5.0,2.0,6.0,5.0,9.0
544,2.0,43.0,0.0,0,2.0,2.0,2.0,6.0,2.0,3.0,5.0,9.0
547,1.0,30.0,0.0,0,2.0,2.0,2.0,6.0,2.0,3.0,13.0,3.0
548,0.0,26.0,0.0,0,2.0,2.0,2.0,6.0,2.0,6.0,8.0,4.0
549,2.0,32.0,0.0,24,2.0,2.0,2.0,6.0,1.0,6.0,8.0,9.0
550,1.0,56.0,1.0,0,2.0,6.0,6.0,3.0,2.0,3.0,5.0,9.0
554,0.0,105.0,0.0,0,2.0,2.0,2.0,6.0,2.0,6.0,5.0,9.0
562,1.0,62.0,0.0,0,2.0,2.0,2.0,6.0,2.0,6.0,9.0,9.0
564,1.0,32.0,1.0,0,2.0,2.0,2.0,6.0,2.0,6.0,5.0,9.0
567,0.0,19.0,0.0,0,2.0,5.0,6.0,3.0,2.0,3.0,13.0,9.0
568,1.0,30.0,1.0,0,2.0,6.0,6.0,3.0,2.0,3.0,13.0,9.0
569,2.0,24.0,0.0,0,2.0,5.0,6.0,0.0,2.0,3.0,5.0,9.0
570,2.0,33.0,0.0,0,2.0,5.0,1.0,3.0,2.0,3.0,13.0,9.0
573,2.0,38.0,1.0,0,2.0,2.0,2.0,6.0,2.0,3.0,8.0,9.0
574,1.0,55.0,1.0,0,2.0,2.0,2.0,6.0,2.0,7.0,11.0,9.0
576,2.0,33.0,1.0,0,2.0,2.0,2.0,6.0,2.0,6.0,5.0,9.0
580,0.0,35.0,0.0,0,2.0,2.0,2.0,0.0,2.0,3.0,13.0,9.0
581,0.0,27.0,0.0,25,2.0,2.0,2.0,6.0,3.0,8.0,0.0,1.0
591,1.0,30.0,1.0,0,2.0,2.0,2.0,6.0,2.0,6.0,5.0,9.0
596,1.0,46.0,0.0,25,2.0,2.0,2.0,6.0,3.0,8.0,0.0,10.0
597,0.0,46.0,0.0,0,2.0,2.0,2.0,6.0,2.0,8.0,11.0,10.0
599,1.0,26.0,1.0,0,2.0,5.0,6.0,6.0,2.0,3.0,5.0,9.0
600,0.0,44.0,0.0,0,2.0,2.0,2.0,6.0,2.0,6.0,8.0,10.0
603,2.0,26.0,1.0,0,2.0,2.0,2.0,0.0,2.0,3.0,5.0,9.0
604,1.0,25.0,0.0,0,2.0,2.0,2.0,0.0,2.0,3.0,13.0,9.0
607,1.0,22.0,0.0,0,2.0,2.0,2.0,0.0,2.0,3.0,5.0,9.0
609,1.0,27.0,0.0,0,2.0,2.0,2.0,6.0,2.0,6.0,5.0,9.0
611,1.0,30.0,1.0,0,2.0,7.0,6.0,0.0,2.0,3.0,5.0,9.0
615,2.0,105.0,0.0,25,2.0,2.0,2.0,6.0,3.0,8.0,0.0,5.0
616,2.0,60.0,1.0,0,2.0,6.0,6.0,3.0,2.0,3.0,5.0,4.0
619,1.0,31.0,0.0,0,2.0,2.0,2.0,6.0,2.0,3.0,13.0,9.0
624,1.0,32.0,0.0,0,2.0,5.0,6.0,3.0,2.0,3.0,5.0,9.0
631,0.0,36.0,0.0,24,2.0,2.0,2.0,6.0,1.0,3.0,5.0,9.0
632,0.0,48.0,0.0,0,2.0,2.0,2.0,6.0,2.0,6.0,5.0,9.0
638,1.0,36.0,0.0,0,2.0,2.0,2.0,6.0,2.0,3.0,5.0,9.0
641,2.0,35.0,0.0,0,2.0,6.0,6.0,3.0,2.0,3.0,8.0,9.0
644,2.0,29.0,1.0,0,2.0,7.0,4.0,6.0,2.0,3.0,5.0,9.0
649,2.0,35.0,0.0,25,2.0,2.0,2.0,6.0,3.0,3.0,5.0,9.0
650,2.0,31.0,1.0,0,2.0,2.0,2.0,6.0,2.0,6.0,5.0,9.0
652,1.0,26.0,1.0,0,2.0,2.0,2.0,6.0,2.0,3.0,8.0,9.0
656,1.0,26.0,1.0,0,2.0,5.0,6.0,3.0,2.0,7.0,11.0,9.0
657,1.0,27.0,0.0,12,2.0,0.0,9.0,6.0,0.0,4.0,0.0,10.0
658,2.0,37.0,0.0,0,2.0,2.0,2.0,6.0,2.0,6.0,5.0,9.0
659,2.0,28.0,1.0,12,2.0,0.0,9.0,3.0,1.0,6.0,5.0,9.0
660,1.0,27.0,1.0,0,2.0,2.0,2.0,0.0,2.0,3.0,8.0,9.0
663,0.0,30.0,0.0,0,2.0,2.0,2.0,6.0,1.0,8.0,11.0,9.0
665,1.0,31.0,0.0,0,2.0,2.0,2.0,6.0,2.0,3.0,5.0,4.0
667,1.0,31.0,1.0,0,5.0,2.0,2.0,6.0,2.0,6.0,8.0,10.0
671,1.0,51.0,0.0,0,2.0,2.0,2.0,6.0,2.0,6.0,5.0,9.0
673,2.0,52.0,0.0,0,2.0,2.0,2.0,6.0,2.0,3.0,13.0,9.0
674,2.0,27.0,1.0,0,2.0,7.0,6.0,0.0,2.0,6.0,5.0,9.0
675,2.0,27.0,0.0,0,2.0,2.0,2.0,0.0,2.0,3.0,13.0,9.0
677,1.0,28.0,0.0,0,2.0,2.0,2.0,0.0,2.0,3.0,8.0,9.0
680,2.0,29.0,1.0,23,2.0,2.0,2.0,6.0,0.0,0.0,0.0,9.0
682,2.0,50.0,0.0,0,2.0,2.0,2.0,6.0,2.0,6.0,5.0,10.0
686,2.0,25.0,2.0,12,2.0,2.0,2.0,6.0,0.0,0.0,0.0,9.0
692,1.0,25.0,1.0,12,10.0,0.0,9.0,3.0,3.0,3.0,5.0,9.0
695,1.0,23.0,0.0,0,2.0,2.0,2.0,6.0,2.0,6.0,5.0,9.0
697,1.0,29.0,1.0,0,2.0,2.0,2.0,6.0,2.0,6.0,5.0,9.0
699,1.0,24.0,1.0,0,2.0,2.0,2.0,0.0,2.0,6.0,5.0,0.0
700,2.0,29.0,0.0,0,2.0,2.0,2.0,6.0,2.0,3.0,8.0,10.0
704,0.0,53.0,0.0,0,2.0,2.0,2.0,3.0,2.0,2.0,5.0,1.0
718,2.0,35.0,0.0,0,2.0,2.0,2.0,6.0,2.0,6.0,9.0,9.0
723,1.0,24.0,1.0,23,2.0,2.0,2.0,6.0,0.0,0.0,0.0,9.0
727,1.0,23.0,1.0,0,2.0,5.0,6.0,3.0,2.0,3.0,13.0,9.0
728,1.0,32.0,0.0,0,4.0,5.0,6.0,6.0,2.0,3.0,13.0,9.0
729,0.0,38.0,0.0,0,2.0,2.0,2.0,6.0,2.0,6.0,9.0,9.0
730,2.0,23.0,0.0,0,2.0,5.0,6.0,3.0,2.0,3.0,13.0,9.0
731,1.0,37.0,0.0,0,2.0,2.0,2.0,6.0,2.0,3.0,5.0,9.0
735,2.0,32.0,1.0,0,2.0,5.0,6.0,3.0,2.0,6.0,5.0,9.0
742,0.0,52.0,0.0,0,2.0,2.0,2.0,6.0,2.0,6.0,5.0,9.0
743,1.0,28.0,0.0,0,2.0,2.0,2.0,6.0,2.0,6.0,9.0,6.0
745,1.0,40.0,0.0,0,2.0,2.0,2.0,0.0,2.0,6.0,9.0,9.0
746,2.0,32.0,0.0,0,2.0,5.0,6.0,3.0,2.0,6.0,5.0,9.0
748,2.0,27.0,1.0,0,2.0,2.0,2.0,6.0,2.0,6.0,5.0,4.0
755,1.0,34.0,0.0,25,2.0,2.0,2.0,6.0,3.0,7.0,0.0,4.0
756,2.0,25.0,0.0,0,2.0,5.0,6.0,3.0,2.0,3.0,5.0,9.0
757,2.0,110.0,1.0,0,3.0,5.0,6.0,3.0,2.0,3.0,5.0,10.0
760,2.0,19.0,0.0,0,2.0,6.0,6.0,3.0,2.0,3.0,13.0,0.0
763,2.0,32.0,1.0,0,2.0,2.0,2.0,6.0,2.0,6.0,5.0,9.0
767,0.0,24.0,0.0,0,2.0,5.0,6.0,3.0,2.0,6.0,8.0,9.0
768,2.0,26.0,1.0,0,2.0,2.0,2.0,6.0,2.0,3.0,5.0,9.0
769,0.0,20.0,0.0,0,2.0,2.0,2.0,6.0,2.0,3.0,13.0,6.0
771,2.0,35.0,1.0,0,2.0,2.0,2.0,6.0,2.0,3.0,8.0,9.0
774,2.0,33.0,0.0,0,2.0,2.0,2.0,6.0,2.0,6.0,5.0,9.0
775,2.0,62.0,0.0,0,2.0,2.0,2.0,6.0,2.0,6.0,8.0,9.0
783,2.0,41.0,1.0,0,2.0,2.0,2.0,0.0,2.0,6.0,8.0,9.0
785,1.0,56.0,0.0,0,2.0,2.0,2.0,3.0,2.0,7.0,11.0,9.0
790,1.0,31.0,0.0,0,2.0,2.0,2.0,6.0,2.0,3.0,13.0,9.0
791,2.0,39.0,0.0,0,2.0,7.0,6.0,6.0,2.0,6.0,5.0,9.0
792,1.0,36.0,0.0,0,2.0,2.0,2.0,3.0,2.0,3.0,13.0,6.0
793,0.0,56.0,0.0,0,2.0,6.0,6.0,3.0,2.0,3.0,13.0,9.0
799,1.0,20.0,0.0,0,2.0,2.0,2.0,6.0,2.0,6.0,5.0,9.0
800,2.0,32.0,1.0,0,2.0,2.0,2.0,6.0,2.0,3.0,13.0,9.0
803,2.0,40.0,0.0,0,2.0,5.0,1.0,6.0,2.0,3.0,13.0,10.0
805,2.0,34.0,2.0,12,2.0,2.0,2.0,6.0,0.0,4.0,0.0,2.0
807,1.0,25.0,1.0,0,2.0,5.0,6.0,0.0,2.0,3.0,13.0,9.0
811,1.0,20.0,0.0,25,13.0,2.0,2.0,6.0,3.0,8.0,0.0,9.0
813,0.0,33.0,0.0,0,2.0,5.0,6.0,0.0,2.0,3.0,13.0,9.0
814,1.0,32.0,0.0,0,2.0,2.0,2.0,6.0,2.0,6.0,9.0,9.0
819,1.0,27.0,0.0,0,2.0,5.0,6.0,6.0,2.0,3.0,13.0,3.0
820,2.0,24.0,1.0,0,2.0,6.0,6.0,6.0,2.0,6.0,5.0,9.0
822,0.0,46.0,0.0,0,2.0,3.0,3.0,5.0,2.0,3.0,13.0,10.0
824,2.0,33.0,1.0,0,2.0,5.0,6.0,3.0,2.0,3.0,5.0,9.0
832,2.0,40.0,0.0,0,2.0,2.0,2.0,6.0,2.0,3.0,5.0,9.0
835,2.0,47.0,0.0,0,2.0,5.0,6.0,3.0,2.0,3.0,5.0,9.0
838,1.0,38.0,0.0,0,2.0,2.0,2.0,6.0,2.0,6.0,5.0,9.0
847,0.0,44.0,0.0,0,2.0,2.0,2.0,0.0,2.0,3.0,13.0,6.0
853,2.0,28.0,0.0,0,2.0,2.0,2.0,6.0,2.0,3.0,5.0,9.0
854,0.0,32.0,0.0,0,2.0,2.0,2.0,6.0,2.0,3.0,8.0,9.0
856,1.0,25.0,0.0,24,2.0,2.0,2.0,0.0,1.0,1.0,9.0,9.0
858,1.0,19.0,1.0,25,2.0,2.0,2.0,6.0,3.0,3.0,13.0,9.0
859,2.0,24.0,0.0,0,2.0,2.0,2.0,0.0,2.0,6.0,5.0,10.0
861,2.0,32.0,0.0,0,2.0,2.0,2.0,6.0,2.0,6.0,5.0,9.0
865,2.0,38.0,0.0,25,2.0,2.0,2.0,6.0,3.0,8.0,11.0,10.0
866,2.0,24.0,0.0,0,2.0,5.0,6.0,3.0,2.0,3.0,5.0,9.0
870,0.0,69.0,0.0,0,2.0,2.0,2.0,0.0,2.0,6.0,5.0,9.0
872,2.0,24.0,0.0,0,2.0,3.0,10.0,3.0,2.0,6.0,5.0,9.0
874,1.0,60.0,1.0,0,2.0,2.0,2.0,6.0,2.0,3.0,5.0,4.0
875,1.0,22.0,0.0,0,2.0,5.0,6.0,3.0,2.0,6.0,5.0,9.0
876,2.0,30.0,0.0,0,2.0,2.0,2.0,6.0,2.0,6.0,8.0,9.0
879,2.0,68.0,0.0,0,2.0,2.0,2.0,6.0,2.0,6.0,8.0,10.0
880,1.0,42.0,1.0,0,2.0,2.0,2.0,6.0,2.0,6.0,5.0,5.0
883,1.0,19.0,0.0,0,2.0,2.0,2.0,6.0,2.0,6.0,5.0,6.0
895,1.0,25.0,1.0,0,2.0,7.0,6.0,0.0,2.0,6.0,5.0,9.0
897,1.0,29.0,0.0,0,2.0,2.0,2.0,6.0,2.0,6.0,8.0,9.0
900,2.0,30.0,1.0,0,13.0,2.0,2.0,6.0,2.0,3.0,13.0,9.0
901,2.0,57.0,1.0,0,4.0,7.0,6.0,0.0,2.0,6.0,5.0,9.0
903,2.0,34.0,0.0,0,2.0,7.0,6.0,0.0,2.0,6.0,5.0,9.0
910,1.0,26.0,1.0,0,2.0,5.0,6.0,3.0,2.0,3.0,13.0,9.0
911,2.0,60.0,1.0,0,2.0,2.0,2.0,6.0,2.0,3.0,13.0,9.0
913,1.0,30.0,0.0,0,2.0,2.0,2.0,6.0,2.0,3.0,5.0,9.0
917,1.0,21.0,0.0,0,2.0,5.0,6.0,0.0,2.0,3.0,5.0,9.0
920,2.0,51.0,0.0,0,2.0,1.0,6.0,3.0,2.0,3.0,13.0,9.0
922,2.0,49.0,1.0,23,2.0,2.0,2.0,6.0,0.0,4.0,0.0,9.0
930,1.0,48.0,1.0,0,2.0,6.0,6.0,3.0,2.0,6.0,5.0,9.0
932,1.0,22.0,0.0,0,2.0,5.0,6.0,3.0,2.0,3.0,13.0,9.0
935,1.0,29.0,0.0,0,2.0,2.0,2.0,6.0,2.0,3.0,8.0,9.0
936,1.0,105.0,0.0,0,2.0,2.0,2.0,3.0,2.0,6.0,8.0,10.0
937,0.0,29.0,0.0,0,2.0,2.0,2.0,6.0,2.0,3.0,5.0,9.0
941,1.0,30.0,0.0,0,2.0,2.0,2.0,6.0,2.0,3.0,13.0,0.0
943,2.0,29.0,0.0,0,2.0,3.0,9.0,5.0,2.0,3.0,13.0,9.0
945,0.0,48.0,0.0,23,2.0,2.0,2.0,6.0,0.0,4.0,0.0,9.0
946,1.0,50.0,1.0,0,2.0,2.0,2.0,0.0,2.0,3.0,13.0,9.0
947,0.0,43.0,0.0,0,2.0,5.0,6.0,3.0,2.0,3.0,13.0,4.0
952,1.0,35.0,1.0,0,2.0,2.0,2.0,6.0,2.0,3.0,5.0,9.0
954,1.0,40.0,0.0,0,2.0,5.0,6.0,3.0,2.0,6.0,9.0,2.0
956,1.0,33.0,0.0,0,2.0,2.0,2.0,3.0,2.0,7.0,11.0,9.0
965,1.0,55.0,1.0,0,2.0,3.0,9.0,5.0,2.0,6.0,9.0,9.0
968,0.0,36.0,0.0,0,2.0,5.0,6.0,3.0,2.0,3.0,13.0,9.0
970,2.0,22.0,1.0,0,2.0,2.0,2.0,0.0,2.0,3.0,5.0,9.0
972,1.0,26.0,1.0,25,2.0,2.0,2.0,6.0,3.0,8.0,0.0,9.0
976,0.0,27.0,0.0,0,2.0,2.0,2.0,0.0,2.0,3.0,13.0,9.0
977,2.0,41.0,1.0,0,2.0,7.0,6.0,0.0,2.0,3.0,5.0,9.0
978,1.0,36.0,1.0,0,2.0,2.0,2.0,3.0,2.0,6.0,9.0,10.0
980,1.0,34.0,0.0,0,2.0,2.0,2.0,0.0,2.0,3.0,13.0,9.0
981,1.0,58.0,0.0,0,2.0,2.0,2.0,3.0,2.0,6.0,5.0,9.0
982,1.0,53.0,0.0,0,2.0,2.0,2.0,6.0,2.0,8.0,11.0,9.0
986,2.0,47.0,0.0,0,2.0,5.0,6.0,3.0,2.0,6.0,5.0,9.0
998,0.0,18.0,0.0,0,2.0,2.0,2.0,6.0,2.0,3.0,5.0,9.0
1006,2.0,73.0,1.0,12,2.0,0.0,9.0,6.0,0.0,4.0,0.0,4.0
1007,2.0,27.0,0.0,0,2.0,7.0,6.0,0.0,2.0,3.0,5.0,9.0
1011,2.0,48.0,1.0,0,2.0,6.0,6.0,6.0,2.0,7.0,11.0,4.0
1017,1.0,23.0,0.0,0,2.0,2.0,2.0,6.0,2.0,3.0,13.0,9.0
1018,0.0,49.0,0.0,0,2.0,2.0,2.0,0.0,2.0,6.0,5.0,9.0
1019,2.0,48.0,1.0,0,2.0,2.0,2.0,0.0,2.0,3.0,5.0,0.0
1026,1.0,30.0,0.0,0,2.0,7.0,4.0,3.0,2.0,3.0,5.0,9.0
1027,1.0,19.0,0.0,0,2.0,1.0,6.0,3.0,2.0,3.0,13.0,10.0
1028,1.0,33.0,0.0,0,2.0,2.0,2.0,0.0,2.0,6.0,5.0,4.0
1031,0.0,18.0,0.0,23,2.0,2.0,2.0,6.0,0.0,0.0,0.0,9.0
1036,2.0,28.0,0.0,0,2.0,5.0,6.0,6.0,2.0,8.0,0.0,9.0
1037,2.0,27.0,0.0,0,2.0,2.0,2.0,6.0,2.0,3.0,13.0,9.0
1044,0.0,69.0,0.0,12,2.0,0.0,9.0,6.0,0.0,4.0,0.0,9.0
1048,0.0,19.0,0.0,0,2.0,5.0,6.0,6.0,2.0,3.0,13.0,0.0
1050,2.0,35.0,1.0,0,2.0,3.0,9.0,0.0,2.0,3.0,13.0,9.0
1055,1.0,23.0,1.0,25,2.0,2.0,2.0,6.0,3.0,8.0,0.0,9.0
1060,2.0,24.0,0.0,0,13.0,5.0,0.0,3.0,2.0,6.0,5.0,10.0
1061,2.0,49.0,0.0,0,2.0,5.0,6.0,6.0,2.0,3.0,5.0,9.0
1072,2.0,44.0,0.0,25,2.0,2.0,2.0,6.0,3.0,8.0,0.0,9.0
1075,2.0,49.0,1.0,0,2.0,5.0,6.0,3.0,2.0,7.0,11.0,10.0
1077,0.0,24.0,0.0,0,2.0,2.0,2.0,6.0,2.0,6.0,5.0,9.0
1078,1.0,36.0,0.0,0,2.0,2.0,2.0,3.0,2.0,7.0,11.0,3.0
1084,0.0,26.0,0.0,0,2.0,2.0,2.0,0.0,2.0,7.0,11.0,9.0
1088,2.0,28.0,1.0,0,2.0,5.0,6.0,3.0,2.0,6.0,5.0,5.0
1091,0.0,32.0,0.0,0,2.0,2.0,2.0,6.0,1.0,8.0,11.0,9.0
1092,2.0,34.0,1.0,0,2.0,2.0,2.0,6.0,2.0,6.0,5.0,9.0
1094,0.0,31.0,0.0,12,2.0,0.0,9.0,6.0,0.0,4.0,0.0,9.0
1099,1.0,42.0,0.0,0,0.0,2.0,2.0,0.0,2.0,3.0,13.0,2.0
1102,0.0,30.0,0.0,0,2.0,2.0,2.0,6.0,2.0,6.0,8.0,9.0
1106,2.0,30.0,0.0,0,2.0,2.0,2.0,3.0,2.0,3.0,13.0,9.0
1107,1.0,32.0,0.0,0,7.0,5.0,6.0,3.0,2.0,1.0,9.0,9.0
1108,0.0,21.0,0.0,0,2.0,2.0,2.0,6.0,2.0,3.0,13.0,9.0
1109,1.0,34.0,0.0,0,2.0,2.0,2.0,6.0,2.0,6.0,8.0,9.0
1110,1.0,38.0,1.0,0,2.0,1.0,6.0,6.0,2.0,3.0,13.0,6.0
1112,2.0,26.0,1.0,0,2.0,5.0,6.0,0.0,2.0,6.0,5.0,10.0
1113,0.0,50.0,0.0,0,2.0,2.0,2.0,6.0,2.0,8.0,11.0,9.0
1114,2.0,29.0,1.0,12,2.0,0.0,9.0,6.0,3.0,3.0,13.0,9.0
1122,0.0,26.0,0.0,0,2.0,5.0,6.0,6.0,2.0,3.0,13.0,3.0
1125,0.0,26.0,0.0,23,2.0,2.0,2.0,6.0,0.0,0.0,0.0,9.0
1127,1.0,56.0,0.0,0,2.0,6.0,6.0,3.0,2.0,6.0,8.0,10.0
1129,1.0,21.0,1.0,0,2.0,2.0,2.0,0.0,2.0,3.0,13.0,5.0
1131,1.0,32.0,0.0,0,2.0,2.0,2.0,6.0,2.0,6.0,5.0,9.0
1134,1.0,27.0,0.0,0,2.0,5.0,6.0,3.0,2.0,6.0,5.0,9.0
1135,2.0,30.0,0.0,25,2.0,2.0,2.0,6.0,3.0,8.0,0.0,9.0
1149,2.0,31.0,0.0,0,2.0,2.0,2.0,6.0,2.0,6.0,5.0,9.0
1152,1.0,32.0,1.0,0,2.0,2.0,2.0,6.0,2.0,3.0,8.0,9.0
1153,1.0,65.0,0.0,0,2.0,5.0,6.0,3.0,2.0,3.0,8.0,6.0
1154,2.0,32.0,1.0,25,2.0,2.0,2.0,6.0,3.0,8.0,0.0,9.0
1163,2.0,34.0,0.0,0,2.0,4.0,6.0,6.0,2.0,6.0,5.0,1.0
1165,0.0,42.0,2.0,12,2.0,2.0,2.0,6.0,0.0,0.0,0.0,9.0
1166,2.0,22.0,0.0,0,2.0,5.0,6.0,3.0,2.0,3.0,13.0,5.0
1168,1.0,40.0,0.0,0,2.0,5.0,1.0,3.0,2.0,6.0,5.0,9.0
1170,0.0,55.0,0.0,0,2.0,2.0,2.0,6.0,2.0,3.0,13.0,5.0
1172,0.0,105.0,0.0,0,2.0,6.0,6.0,3.0,2.0,6.0,5.0,10.0
1175,1.0,30.0,0.0,0,2.0,2.0,2.0,0.0,2.0,3.0,13.0,9.0
1178,2.0,29.0,0.0,0,2.0,2.0,2.0,6.0,2.0,3.0,13.0,10.0
1179,2.0,26.0,1.0,0,2.0,2.0,2.0,0.0,2.0,3.0,5.0,9.0
1185,1.0,36.0,0.0,0,2.0,2.0,2.0,6.0,2.0,3.0,13.0,6.0
1188,2.0,30.0,0.0,12,2.0,0.0,9.0,6.0,0.0,4.0,0.0,9.0
1189,0.0,38.0,0.0,0,2.0,2.0,2.0,0.0,2.0,2.0,5.0,9.0
1192,2.0,23.0,0.0,0,2.0,2.0,2.0,6.0,2.0,3.0,13.0,9.0
1202,1.0,45.0,0.0,25,2.0,2.0,2.0,6.0,3.0,8.0,11.0,9.0
1205,1.0,34.0,0.0,0,2.0,5.0,6.0,0.0,2.0,6.0,5.0,9.0
1206,1.0,36.0,1.0,0,2.0,7.0,4.0,0.0,2.0,3.0,8.0,9.0
1207,1.0,30.0,0.0,0,2.0,5.0,6.0,3.0,2.0,7.0,11.0,6.0
1209,2.0,24.0,1.0,0,2.0,5.0,6.0,3.0,2.0,6.0,5.0,9.0
1210,0.0,39.0,0.0,0,2.0,5.0,6.0,3.0,2.0,7.0,11.0,6.0
1213,1.0,47.0,0.0,24,2.0,2.0,2.0,6.0,1.0,8.0,0.0,9.0
1216,1.0,31.0,0.0,0,2.0,2.0,2.0,0.0,2.0,6.0,5.0,1.0
1217,2.0,23.0,1.0,25,2.0,2.0,2.0,6.0,3.0,8.0,0.0,6.0
1218,1.0,38.0,1.0,0,2.0,2.0,2.0,6.0,2.0,3.0,8.0,10.0
1223,1.0,29.0,1.0,0,2.0,2.0,2.0,6.0,2.0,3.0,13.0,9.0
1225,1.0,28.0,1.0,0,2.0,3.0,9.0,5.0,2.0,7.0,11.0,9.0
1226,1.0,25.0,0.0,0,2.0,4.0,6.0,6.0,2.0,3.0,13.0,9.0
1232,1.0,38.0,0.0,0,2.0,2.0,2.0,0.0,2.0,6.0,9.0,9.0
1238,1.0,63.0,0.0,0,2.0,2.0,2.0,3.0,2.0,7.0,11.0,9.0
1242,0.0,28.0,0.0,0,2.0,2.0,2.0,6.0,2.0,6.0,5.0,9.0
1245,1.0,33.0,1.0,0,2.0,1.0,6.0,3.0,2.0,3.0,13.0,9.0
1248,2.0,30.0,1.0,0,2.0,2.0,2.0,6.0,2.0,3.0,13.0,4.0
1255,2.0,44.0,0.0,0,2.0,2.0,2.0,6.0,2.0,3.0,5.0,10.0
1256,0.0,50.0,0.0,0,2.0,6.0,6.0,3.0,2.0,6.0,8.0,9.0
1257,2.0,37.0,0.0,0,2.0,2.0,2.0,0.0,2.0,3.0,5.0,9.0
1271,1.0,45.0,0.0,0,2.0,6.0,6.0,3.0,2.0,6.0,9.0,9.0
1273,1.0,37.0,0.0,0,2.0,2.0,2.0,0.0,2.0,6.0,9.0,9.0
1274,2.0,47.0,0.0,25,2.0,2.0,2.0,6.0,3.0,8.0,0.0,9.0
1275,2.0,42.0,0.0,0,2.0,2.0,2.0,6.0,2.0,3.0,5.0,9.0
1278,2.0,32.0,0.0,0,2.0,2.0,2.0,6.0,2.0,8.0,0.0,6.0
1285,2.0,27.0,0.0,25,13.0,2.0,2.0,6.0,3.0,8.0,0.0,9.0
1286,1.0,30.0,1.0,0,2.0,7.0,4.0,6.0,2.0,3.0,5.0,2.0
1290,1.0,26.0,0.0,0,2.0,5.0,6.0,3.0,2.0,6.0,5.0,9.0
1291,1.0,58.0,1.0,0,2.0,5.0,6.0,3.0,2.0,6.0,5.0,9.0
1294,0.0,31.0,0.0,0,2.0,6.0,6.0,3.0,2.0,6.0,8.0,9.0
1302,0.0,34.0,0.0,0,2.0,2.0,2.0,6.0,2.0,6.0,9.0,9.0
1303,2.0,29.0,1.0,0,2.0,2.0,2.0,6.0,2.0,3.0,13.0,9.0
1304,0.0,65.0,0.0,0,2.0,2.0,2.0,0.0,2.0,6.0,9.0,9.0
1314,1.0,23.0,0.0,0,2.0,2.0,2.0,6.0,2.0,6.0,5.0,10.0
1321,1.0,58.0,0.0,0,2.0,5.0,6.0,3.0,2.0,3.0,8.0,9.0
1327,1.0,31.0,0.0,24,2.0,2.0,2.0,0.0,1.0,8.0,11.0,9.0
1328,1.0,45.0,1.0,0,2.0,5.0,6.0,3.0,2.0,6.0,5.0,9.0
1329,0.0,25.0,0.0,0,2.0,5.0,6.0,3.0,2.0,6.0,9.0,9.0
1330,1.0,34.0,0.0,0,2.0,2.0,2.0,0.0,1.0,8.0,11.0,10.0
1331,2.0,34.0,0.0,0,2.0,2.0,2.0,6.0,2.0,3.0,13.0,10.0
1333,2.0,52.0,0.0,0,2.0,2.0,2.0,6.0,2.0,6.0,5.0,9.0
1335,0.0,30.0,0.0,0,2.0,5.0,6.0,6.0,2.0,3.0,13.0,9.0
1336,0.0,27.0,0.0,0,2.0,2.0,2.0,6.0,2.0,3.0,5.0,9.0
1339,2.0,30.0,1.0,0,2.0,5.0,6.0,3.0,2.0,3.0,13.0,9.0
1342,2.0,45.0,1.0,0,2.0,2.0,2.0,6.0,2.0,3.0,8.0,9.0
1349,2.0,31.0,1.0,23,2.0,2.0,2.0,6.0,0.0,0.0,0.0,9.0
1351,0.0,47.0,0.0,0,2.0,2.0,2.0,6.0,2.0,1.0,9.0,9.0
1353,1.0,25.0,0.0,25,2.0,2.0,2.0,6.0,3.0,8.0,0.0,9.0
1355,1.0,37.0,1.0,0,2.0,2.0,2.0,6.0,2.0,3.0,5.0,10.0
1356,1.0,35.0,0.0,0,2.0,5.0,6.0,6.0,2.0,5.0,4.0,9.0
1359,2.0,57.0,1.0,0,2.0,2.0,2.0,6.0,2.0,6.0,8.0,9.0
1361,1.0,53.0,0.0,0,2.0,2.0,2.0,6.0,2.0,3.0,8.0,9.0
1365,0.0,33.0,0.0,0,2.0,5.0,6.0,3.0,2.0,2.0,5.0,9.0
1370,1.0,30.0,0.0,0,2.0,5.0,6.0,3.0,2.0,3.0,5.0,9.0
1371,2.0,26.0,1.0,23,2.0,2.0,2.0,0.0,0.0,6.0,5.0,9.0
1373,1.0,21.0,1.0,0,2.0,2.0,2.0,0.0,2.0,3.0,13.0,9.0
1375,2.0,23.0,0.0,0,2.0,2.0,2.0,6.0,2.0,3.0,5.0,3.0
1379,1.0,43.0,1.0,0,2.0,5.0,6.0,0.0,2.0,6.0,8.0,9.0
1383,1.0,43.0,1.0,12,2.0,0.0,9.0,0.0,3.0,3.0,13.0,9.0
1389,1.0,26.0,0.0,25,2.0,2.0,2.0,6.0,3.0,8.0,0.0,9.0
1390,0.0,18.0,0.0,0,2.0,2.0,2.0,6.0,2.0,6.0,5.0,9.0
1392,2.0,26.0,1.0,0,2.0,2.0,2.0,0.0,2.0,6.0,5.0,9.0
1396,2.0,44.0,0.0,0,2.0,2.0,2.0,3.0,2.0,3.0,13.0,9.0
1405,2.0,28.0,1.0,0,2.0,5.0,6.0,3.0,2.0,6.0,5.0,9.0
1406,2.0,32.0,0.0,0,2.0,5.0,6.0,3.0,2.0,3.0,13.0,9.0
1408,1.0,67.0,0.0,0,2.0,2.0,2.0,6.0,1.0,3.0,13.0,10.0
1413,1.0,33.0,0.0,0,2.0,2.0,2.0,6.0,2.0,6.0,8.0,9.0
1417,2.0,38.0,1.0,0,2.0,2.0,2.0,6.0,2.0,3.0,5.0,9.0
1419,1.0,22.0,0.0,0,2.0,2.0,2.0,0.0,2.0,3.0,13.0,5.0
1426,0.0,25.0,0.0,25,2.0,2.0,2.0,6.0,3.0,8.0,0.0,9.0
1427,2.0,28.0,0.0,0,2.0,2.0,2.0,0.0,2.0,3.0,13.0,9.0
1431,0.0,25.0,0.0,0,2.0,2.0,2.0,6.0,2.0,3.0,5.0,9.0
1434,1.0,61.0,1.0,0,2.0,6.0,6.0,3.0,2.0,3.0,13.0,4.0
1436,0.0,30.0,0.0,0,2.0,2.0,2.0,0.0,2.0,3.0,13.0,4.0
1438,2.0,25.0,1.0,12,2.0,0.0,9.0,6.0,3.0,6.0,5.0,4.0
1440,1.0,27.0,0.0,0,2.0,2.0,2.0,6.0,2.0,6.0,13.0,9.0
1442,0.0,44.0,0.0,0,2.0,3.0,9.0,0.0,2.0,3.0,13.0,9.0
1444,1.0,25.0,1.0,0,2.0,4.0,6.0,6.0,2.0,6.0,5.0,9.0
1445,2.0,35.0,1.0,0,2.0,2.0,2.0,6.0,2.0,3.0,8.0,9.0
1450,2.0,36.0,0.0,0,2.0,6.0,6.0,3.0,2.0,6.0,5.0,9.0
1454,1.0,28.0,0.0,0,2.0,2.0,2.0,6.0,2.0,1.0,9.0,4.0
1455,1.0,27.0,1.0,12,2.0,2.0,2.0,6.0,3.0,8.0,0.0,9.0
1457,0.0,26.0,0.0,0,2.0,2.0,2.0,6.0,2.0,3.0,5.0,9.0
1459,2.0,30.0,0.0,0,2.0,5.0,6.0,6.0,2.0,4.0,0.0,9.0
1462,3.0,45.0,1.0,25,2.0,2.0,2.0,6.0,3.0,8.0,0.0,10.0
1465,2.0,54.0,0.0,0,2.0,6.0,6.0,3.0,2.0,3.0,8.0,9.0
1467,0.0,35.0,0.0,0,2.0,2.0,2.0,6.0,2.0,7.0,6.0,9.0
1469,2.0,50.0,0.0,0,11.0,2.0,2.0,0.0,2.0,3.0,13.0,9.0
1472,0.0,46.0,0.0,0,2.0,2.0,2.0,0.0,2.0,6.0,9.0,3.0
1477,1.0,38.0,0.0,0,2.0,5.0,6.0,3.0,2.0,6.0,5.0,9.0
1482,1.0,34.0,1.0,0,2.0,2.0,2.0,6.0,2.0,6.0,9.0,9.0
1483,2.0,40.0,0.0,0,2.0,2.0,2.0,6.0,2.0,8.0,11.0,9.0
1488,1.0,30.0,0.0,0,2.0,2.0,2.0,6.0,2.0,3.0,13.0,9.0
1490,1.0,24.0,0.0,0,2.0,2.0,2.0,6.0,2.0,3.0,13.0,9.0
1497,2.0,32.0,1.0,0,12.0,2.0,2.0,0.0,2.0,6.0,9.0,10.0
1501,2.0,37.0,0.0,0,2.0,2.0,2.0,6.0,2.0,3.0,5.0,9.0
1502,1.0,27.0,1.0,25,2.0,2.0,2.0,6.0,3.0,8.0,0.0,10.0
1503,0.0,28.0,0.0,24,2.0,2.0,2.0,6.0,2.0,3.0,13.0,9.0
1504,1.0,30.0,0.0,0,2.0,5.0,6.0,6.0,2.0,6.0,5.0,9.0
1510,2.0,28.0,1.0,0,2.0,2.0,2.0,0.0,2.0,3.0,5.0,9.0
1511,2.0,66.0,0.0,0,2.0,5.0,6.0,3.0,2.0,6.0,5.0,6.0
1515,1.0,26.0,1.0,0,2.0,4.0,6.0,6.0,2.0,3.0,13.0,9.0
1519,0.0,39.0,0.0,0,2.0,5.0,6.0,3.0,2.0,7.0,11.0,10.0
1520,0.0,35.0,0.0,0,2.0,2.0,2.0,6.0,2.0,6.0,8.0,10.0
1526,1.0,47.0,1.0,0,2.0,2.0,2.0,0.0,2.0,6.0,5.0,9.0
1538,0.0,21.0,0.0,0,2.0,2.0,2.0,6.0,2.0,3.0,5.0,9.0
1542,1.0,30.0,1.0,0,2.0,2.0,2.0,6.0,2.0,7.0,11.0,4.0
1544,1.0,31.0,1.0,0,2.0,2.0,2.0,6.0,2.0,6.0,9.0,9.0
1556,1.0,34.0,0.0,0,2.0,2.0,2.0,6.0,2.0,3.0,13.0,9.0
1559,1.0,23.0,0.0,24,2.0,2.0,2.0,0.0,1.0,8.0,11.0,10.0
1567,1.0,28.0,1.0,0,2.0,2.0,2.0,0.0,2.0,6.0,8.0,10.0
1571,2.0,25.0,1.0,0,2.0,2.0,2.0,0.0,2.0,6.0,5.0,9.0
1572,0.0,27.0,0.0,0,2.0,5.0,6.0,3.0,2.0,6.0,8.0,9.0
1575,1.0,35.0,1.0,12,2.0,0.0,9.0,6.0,3.0,6.0,9.0,6.0
1576,2.0,22.0,1.0,0,2.0,2.0,2.0,6.0,2.0,6.0,5.0,9.0
1582,1.0,41.0,0.0,0,2.0,6.0,6.0,0.0,2.0,6.0,5.0,10.0
1584,2.0,28.0,0.0,0,2.0,2.0,2.0,6.0,2.0,3.0,5.0,4.0
1586,0.0,37.0,0.0,0,2.0,2.0,2.0,6.0,2.0,3.0,8.0,9.0
1589,2.0,25.0,0.0,0,2.0,2.0,2.0,6.0,2.0,6.0,5.0,9.0
1593,0.0,61.0,0.0,0,2.0,5.0,6.0,3.0,2.0,3.0,5.0,9.0
1598,1.0,26.0,0.0,0,2.0,5.0,6.0,3.0,2.0,6.0,5.0,9.0
1604,2.0,25.0,1.0,0,2.0,2.0,2.0,6.0,2.0,3.0,13.0,9.0
1605,1.0,31.0,0.0,0,2.0,2.0,2.0,0.0,2.0,3.0,5.0,10.0
1607,1.0,20.0,0.0,0,13.0,3.0,9.0,1.0,2.0,6.0,9.0,9.0
1609,1.0,29.0,1.0,0,2.0,2.0,2.0,6.0,2.0,6.0,5.0,9.0
1610,0.0,64.0,0.0,0,2.0,7.0,6.0,0.0,2.0,7.0,11.0,9.0
1613,1.0,34.0,0.0,0,2.0,2.0,2.0,6.0,2.0,6.0,5.0,5.0
1615,2.0,70.0,0.0,0,2.0,6.0,6.0,3.0,2.0,3.0,13.0,9.0
1616,1.0,28.0,1.0,25,2.0,2.0,2.0,6.0,3.0,8.0,11.0,10.0
1618,1.0,68.0,0.0,25,2.0,2.0,2.0,6.0,3.0,8.0,0.0,9.0
1621,1.0,45.0,0.0,0,2.0,2.0,2.0,0.0,2.0,6.0,9.0,9.0
1623,0.0,24.0,0.0,8,2.0,7.0,6.0,6.0,2.0,3.0,5.0,9.0
1628,1.0,42.0,1.0,25,2.0,2.0,2.0,6.0,3.0,8.0,0.0,9.0
1638,1.0,28.0,1.0,0,2.0,5.0,6.0,3.0,2.0,3.0,13.0,9.0
1649,1.0,28.0,0.0,0,2.0,5.0,6.0,0.0,2.0,3.0,13.0,9.0
1651,1.0,30.0,1.0,0,2.0,6.0,6.0,3.0,2.0,6.0,5.0,9.0
1653,0.0,43.0,0.0,0,2.0,2.0,2.0,0.0,2.0,6.0,5.0,9.0
1655,2.0,31.0,0.0,0,2.0,5.0,6.0,6.0,2.0,7.0,11.0,9.0
1656,1.0,29.0,1.0,24,2.0,2.0,2.0,6.0,2.0,8.0,11.0,9.0
1660,1.0,37.0,0.0,0,2.0,5.0,6.0,3.0,2.0,3.0,5.0,10.0
1661,2.0,46.0,1.0,0,2.0,5.0,1.0,3.0,2.0,6.0,9.0,9.0
1664,1.0,54.0,0.0,0,2.0,2.0,2.0,6.0,2.0,1.0,9.0,10.0
1665,1.0,30.0,1.0,0,2.0,2.0,2.0,6.0,2.0,3.0,5.0,4.0
1671,1.0,69.0,0.0,0,2.0,2.0,2.0,5.0,2.0,3.0,8.0,9.0
1674,0.0,26.0,0.0,0,2.0,5.0,6.0,3.0,2.0,6.0,5.0,9.0
1681,0.0,26.0,0.0,0,2.0,2.0,2.0,6.0,2.0,3.0,8.0,9.0
1682,2.0,40.0,0.0,0,2.0,6.0,6.0,3.0,2.0,6.0,9.0,10.0
1687,2.0,31.0,0.0,0,2.0,2.0,2.0,6.0,2.0,7.0,11.0,9.0
1688,2.0,30.0,1.0,0,2.0,2.0,2.0,0.0,2.0,3.0,13.0,4.0
1690,2.0,31.0,0.0,0,2.0,7.0,6.0,0.0,2.0,6.0,5.0,9.0
1692,0.0,29.0,0.0,0,2.0,2.0,2.0,6.0,2.0,8.0,0.0,4.0
1693,1.0,33.0,0.0,0,2.0,2.0,2.0,0.0,2.0,3.0,8.0,4.0
1695,0.0,29.0,0.0,0,2.0,5.0,6.0,3.0,2.0,6.0,5.0,9.0
1697,1.0,43.0,0.0,0,2.0,2.0,2.0,6.0,2.0,3.0,13.0,9.0
1705,0.0,41.0,0.0,0,2.0,5.0,6.0,3.0,2.0,7.0,11.0,10.0
1706,2.0,51.0,1.0,0,2.0,6.0,6.0,3.0,2.0,6.0,5.0,9.0
1707,2.0,71.0,0.0,0,2.0,2.0,2.0,6.0,2.0,6.0,8.0,10.0
1709,0.0,66.0,0.0,0,2.0,6.0,6.0,3.0,2.0,7.0,11.0,9.0
1711,2.0,65.0,0.0,0,2.0,5.0,6.0,3.0,2.0,6.0,5.0,9.0
1712,1.0,43.0,1.0,25,2.0,2.0,2.0,6.0,3.0,8.0,0.0,9.0
1714,1.0,28.0,0.0,0,2.0,5.0,6.0,3.0,2.0,3.0,13.0,10.0
1717,2.0,28.0,0.0,0,2.0,5.0,6.0,3.0,2.0,6.0,5.0,9.0
1722,2.0,31.0,1.0,0,2.0,2.0,2.0,6.0,2.0,6.0,5.0,9.0
1728,0.0,105.0,0.0,0,2.0,2.0,2.0,6.0,2.0,6.0,8.0,9.0
1732,2.0,33.0,0.0,0,2.0,5.0,6.0,3.0,2.0,6.0,9.0,10.0
1739,1.0,25.0,0.0,0,10.0,5.0,6.0,3.0,2.0,6.0,5.0,9.0
1745,1.0,35.0,0.0,0,2.0,2.0,2.0,6.0,2.0,6.0,8.0,9.0
1749,2.0,23.0,1.0,0,13.0,6.0,6.0,3.0,2.0,6.0,9.0,9.0
1753,2.0,30.0,1.0,12,2.0,0.0,9.0,6.0,3.0,3.0,8.0,9.0
1755,1.0,105.0,0.0,0,2.0,2.0,2.0,6.0,2.0,3.0,13.0,9.0
1758,0.0,23.0,0.0,0,2.0,2.0,2.0,5.0,2.0,3.0,13.0,7.0
1759,1.0,30.0,0.0,0,2.0,2.0,2.0,6.0,2.0,6.0,8.0,9.0
1761,1.0,25.0,0.0,0,2.0,2.0,2.0,0.0,2.0,3.0,5.0,9.0
1767,2.0,31.0,1.0,12,2.0,0.0,9.0,3.0,3.0,3.0,5.0,10.0
1768,1.0,36.0,0.0,0,2.0,2.0,2.0,6.0,2.0,7.0,11.0,9.0
1771,1.0,23.0,0.0,24,2.0,2.0,2.0,0.0,1.0,3.0,8.0,9.0
1773,2.0,34.0,0.0,0,2.0,2.0,2.0,6.0,2.0,3.0,5.0,9.0
1781,0.0,39.0,0.0,0,2.0,2.0,2.0,6.0,2.0,6.0,8.0,4.0
1782,1.0,59.0,1.0,0,2.0,5.0,6.0,3.0,2.0,6.0,9.0,9.0
1783,1.0,25.0,1.0,0,2.0,4.0,6.0,0.0,2.0,3.0,13.0,10.0
1786,1.0,29.0,1.0,0,2.0,2.0,2.0,5.0,2.0,8.0,11.0,9.0
1793,1.0,35.0,1.0,0,2.0,5.0,6.0,3.0,2.0,7.0,11.0,9.0
1805,2.0,26.0,1.0,0,2.0,5.0,6.0,3.0,2.0,3.0,5.0,9.0
1807,2.0,40.0,0.0,0,2.0,5.0,6.0,3.0,2.0,3.0,8.0,10.0
1809,1.0,62.0,0.0,0,2.0,5.0,6.0,3.0,2.0,3.0,13.0,9.0
1812,0.0,46.0,0.0,0,2.0,2.0,2.0,6.0,2.0,3.0,5.0,6.0
1815,1.0,24.0,0.0,0,2.0,2.0,2.0,6.0,2.0,4.0,0.0,9.0
1819,2.0,24.0,0.0,0,2.0,2.0,2.0,0.0,2.0,6.0,5.0,9.0
1823,1.0,22.0,0.0,0,2.0,7.0,4.0,0.0,2.0,3.0,5.0,7.0
1826,2.0,21.0,0.0,0,2.0,7.0,4.0,0.0,2.0,6.0,5.0,4.0
1827,2.0,35.0,1.0,25,2.0,2.0,2.0,6.0,3.0,8.0,0.0,9.0
1834,1.0,33.0,1.0,0,2.0,2.0,2.0,6.0,2.0,6.0,5.0,9.0
1835,2.0,2014.0,0.0,0,2.0,2.0,2.0,6.0,2.0,3.0,5.0,9.0
1845,2.0,27.0,1.0,24,2.0,2.0,2.0,6.0,2.0,8.0,11.0,9.0
1846,2.0,28.0,0.0,0,2.0,5.0,6.0,3.0,2.0,3.0,13.0,9.0
1848,2.0,38.0,0.0,0,2.0,2.0,2.0,6.0,2.0,3.0,13.0,9.0
1849,1.0,27.0,0.0,0,2.0,2.0,2.0,6.0,2.0,6.0,9.0,9.0
1850,0.0,28.0,0.0,12,2.0,0.0,9.0,6.0,0.0,4.0,0.0,9.0
1851,0.0,34.0,0.0,0,2.0,2.0,2.0,6.0,2.0,3.0,5.0,9.0
1853,2.0,45.0,1.0,0,2.0,2.0,2.0,6.0,2.0,6.0,5.0,5.0
1855,2.0,32.0,0.0,0,2.0,2.0,2.0,6.0,2.0,6.0,8.0,9.0
1856,2.0,31.0,0.0,0,2.0,2.0,2.0,6.0,2.0,7.0,11.0,9.0
1868,1.0,35.0,0.0,0,2.0,2.0,2.0,0.0,2.0,3.0,13.0,9.0
1871,0.0,27.0,0.0,0,2.0,2.0,2.0,6.0,2.0,6.0,5.0,9.0
1875,2.0,38.0,1.0,0,2.0,2.0,2.0,6.0,2.0,6.0,9.0,4.0
1876,1.0,65.0,1.0,0,2.0,5.0,6.0,3.0,2.0,6.0,8.0,4.0
1880,2.0,33.0,0.0,0,2.0,2.0,2.0,5.0,2.0,3.0,13.0,3.0
1882,1.0,43.0,0.0,0,2.0,2.0,2.0,6.0,2.0,7.0,11.0,9.0
1883,2.0,30.0,0.0,0,2.0,2.0,2.0,6.0,2.0,3.0,8.0,9.0
1884,2.0,32.0,0.0,0,2.0,6.0,6.0,5.0,2.0,3.0,8.0,9.0
1890,1.0,59.0,0.0,0,2.0,5.0,6.0,6.0,2.0,6.0,8.0,10.0
1891,1.0,28.0,0.0,0,2.0,2.0,2.0,6.0,1.0,8.0,11.0,9.0
1892,0.0,28.0,0.0,0,2.0,2.0,2.0,6.0,2.0,3.0,5.0,9.0
1895,0.0,28.0,0.0,0,2.0,7.0,6.0,0.0,2.0,6.0,5.0,9.0
1896,0.0,30.0,0.0,0,2.0,2.0,2.0,0.0,2.0,3.0,5.0,6.0
1899,1.0,59.0,0.0,0,2.0,2.0,2.0,0.0,2.0,7.0,11.0,9.0
1904,0.0,29.0,0.0,0,2.0,5.0,6.0,3.0,2.0,6.0,5.0,6.0
1905,1.0,27.0,0.0,0,2.0,4.0,6.0,3.0,2.0,3.0,5.0,10.0
1906,1.0,32.0,0.0,24,2.0,2.0,2.0,0.0,1.0,7.0,11.0,9.0
1907,1.0,64.0,1.0,0,2.0,2.0,2.0,0.0,2.0,3.0,13.0,9.0
1909,1.0,30.0,0.0,0,2.0,2.0,2.0,6.0,2.0,6.0,9.0,0.0
1910,0.0,67.0,0.0,0,2.0,6.0,6.0,3.0,2.0,3.0,13.0,10.0
1911,0.0,43.0,0.0,0,2.0,1.0,6.0,3.0,2.0,3.0,8.0,1.0
1913,2.0,45.0,0.0,0,2.0,2.0,2.0,6.0,2.0,6.0,9.0,9.0
1914,0.0,32.0,0.0,0,2.0,2.0,2.0,6.0,2.0,6.0,8.0,10.0
1917,2.0,49.0,1.0,0,2.0,5.0,6.0,3.0,2.0,3.0,13.0,9.0
1921,1.0,26.0,0.0,0,2.0,2.0,2.0,6.0,2.0,3.0,5.0,3.0
1923,2.0,23.0,1.0,0,2.0,2.0,2.0,3.0,2.0,3.0,13.0,9.0
1925,1.0,31.0,1.0,0,2.0,2.0,2.0,6.0,2.0,3.0,8.0,9.0
1929,2.0,34.0,1.0,0,2.0,5.0,6.0,5.0,2.0,2.0,5.0,10.0
1931,0.0,33.0,0.0,0,2.0,5.0,6.0,6.0,2.0,3.0,13.0,9.0
1932,0.0,25.0,0.0,0,2.0,2.0,2.0,6.0,2.0,3.0,13.0,9.0
1937,2.0,27.0,0.0,0,2.0,5.0,6.0,3.0,2.0,3.0,8.0,9.0
1939,0.0,45.0,0.0,0,2.0,5.0,6.0,3.0,2.0,3.0,13.0,1.0
1947,2.0,30.0,1.0,12,2.0,0.0,9.0,6.0,3.0,3.0,5.0,9.0
1954,2.0,37.0,0.0,0,2.0,2.0,2.0,0.0,2.0,6.0,5.0,9.0
1962,2.0,31.0,0.0,0,2.0,2.0,2.0,0.0,2.0,3.0,5.0,9.0
1963,0.0,26.0,0.0,0,2.0,2.0,2.0,6.0,2.0,3.0,8.0,1.0
1969,1.0,30.0,1.0,0,2.0,2.0,2.0,0.0,2.0,3.0,8.0,9.0
1973,1.0,24.0,0.0,0,2.0,6.0,6.0,3.0,2.0,6.0,5.0,9.0
1974,1.0,29.0,0.0,0,2.0,5.0,6.0,3.0,2.0,6.0,5.0,1.0
1980,0.0,30.0,0.0,0,2.0,2.0,2.0,6.0,2.0,6.0,8.0,9.0
1981,1.0,26.0,0.0,0,2.0,5.0,6.0,3.0,2.0,6.0,12.0,9.0
1984,0.0,51.0,0.0,0,2.0,5.0,6.0,3.0,2.0,3.0,13.0,9.0
1994,1.0,30.0,0.0,0,2.0,2.0,2.0,0.0,2.0,6.0,8.0,9.0
2004,0.0,34.0,0.0,25,2.0,3.0,3.0,6.0,3.0,8.0,11.0,9.0
2006,1.0,55.0,0.0,0,2.0,2.0,2.0,6.0,2.0,6.0,9.0,9.0
2007,0.0,34.0,0.0,0,2.0,2.0,2.0,6.0,2.0,3.0,5.0,9.0
2009,2.0,54.0,0.0,0,2.0,7.0,6.0,3.0,2.0,6.0,8.0,9.0
2014,2.0,31.0,0.0,0,2.0,2.0,2.0,6.0,2.0,3.0,13.0,9.0
2020,2.0,36.0,0.0,0,2.0,2.0,2.0,6.0,2.0,3.0,8.0,9.0
2023,1.0,29.0,1.0,0,2.0,4.0,6.0,6.0,2.0,6.0,9.0,6.0
2024,1.0,34.0,0.0,0,2.0,4.0,6.0,3.0,2.0,3.0,5.0,9.0
2025,1.0,22.0,0.0,0,2.0,2.0,2.0,6.0,1.0,8.0,11.0,9.0
2027,0.0,19.0,0.0,0,2.0,2.0,2.0,6.0,2.0,3.0,13.0,10.0
2029,1.0,36.0,1.0,25,2.0,2.0,2.0,6.0,3.0,8.0,0.0,9.0
2030,1.0,31.0,0.0,25,2.0,2.0,2.0,6.0,3.0,8.0,0.0,9.0
2032,1.0,43.0,1.0,24,2.0,2.0,2.0,6.0,1.0,8.0,11.0,3.0
2039,1.0,22.0,0.0,0,2.0,2.0,2.0,0.0,2.0,3.0,5.0,9.0
2040,0.0,26.0,0.0,0,2.0,6.0,6.0,3.0,2.0,3.0,13.0,9.0
2041,0.0,60.0,0.0,0,2.0,2.0,2.0,6.0,2.0,6.0,9.0,9.0
2050,1.0,26.0,0.0,0,2.0,6.0,6.0,0.0,2.0,3.0,13.0,9.0
2055,0.0,33.0,0.0,0,2.0,2.0,2.0,6.0,2.0,6.0,5.0,9.0
2059,2.0,33.0,1.0,12,2.0,0.0,9.0,6.0,0.0,4.0,0.0,9.0
2063,0.0,24.0,0.0,23,2.0,2.0,2.0,6.0,0.0,4.0,0.0,10.0
2070,1.0,26.0,1.0,12,2.0,0.0,9.0,6.0,3.0,6.0,9.0,9.0
2073,2.0,36.0,1.0,0,2.0,2.0,2.0,6.0,2.0,3.0,13.0,9.0
2075,0.0,27.0,0.0,0,2.0,2.0,2.0,6.0,2.0,3.0,5.0,9.0
2077,2.0,42.0,1.0,0,2.0,2.0,2.0,6.0,2.0,6.0,5.0,9.0
2078,0.0,31.0,0.0,25,2.0,2.0,2.0,6.0,3.0,8.0,0.0,9.0
2080,0.0,38.0,0.0,0,2.0,5.0,6.0,3.0,2.0,3.0,13.0,3.0
2089,0.0,27.0,0.0,0,2.0,2.0,2.0,0.0,2.0,3.0,13.0,9.0
2091,0.0,36.0,0.0,23,2.0,2.0,2.0,6.0,0.0,4.0,0.0,9.0
2096,1.0,26.0,0.0,0,2.0,2.0,2.0,6.0,2.0,6.0,5.0,9.0
2097,2.0,32.0,1.0,0,2.0,2.0,2.0,0.0,1.0,8.0,11.0,9.0
2099,1.0,25.0,1.0,0,2.0,2.0,2.0,6.0,2.0,6.0,8.0,9.0
2101,1.0,67.0,0.0,0,2.0,2.0,2.0,3.0,2.0,3.0,13.0,10.0
2106,1.0,21.0,0.0,25,13.0,2.0,2.0,6.0,3.0,8.0,0.0,9.0
2108,1.0,42.0,0.0,23,7.0,2.0,2.0,6.0,0.0,4.0,0.0,9.0
2109,1.0,21.0,0.0,25,2.0,2.0,2.0,6.0,3.0,8.0,6.0,3.0
2111,2.0,39.0,0.0,0,2.0,2.0,2.0,6.0,2.0,6.0,8.0,9.0
2113,1.0,36.0,1.0,0,13.0,7.0,6.0,0.0,2.0,3.0,5.0,9.0
2114,0.0,64.0,0.0,0,2.0,5.0,6.0,0.0,2.0,3.0,5.0,9.0
2118,1.0,73.0,0.0,0,2.0,5.0,6.0,3.0,2.0,3.0,13.0,9.0
2121,0.0,26.0,0.0,0,2.0,2.0,2.0,0.0,2.0,3.0,13.0,10.0
2124,2.0,27.0,0.0,0,13.0,2.0,2.0,6.0,2.0,3.0,13.0,9.0
2126,2.0,51.0,1.0,0,2.0,2.0,2.0,6.0,2.0,3.0,5.0,0.0
2128,1.0,28.0,1.0,0,2.0,2.0,2.0,6.0,2.0,7.0,11.0,9.0
2131,1.0,75.0,1.0,0,2.0,2.0,2.0,6.0,2.0,6.0,8.0,6.0
2135,1.0,34.0,0.0,0,2.0,2.0,2.0,6.0,2.0,6.0,8.0,9.0
2139,1.0,37.0,0.0,0,2.0,6.0,6.0,3.0,2.0,6.0,8.0,9.0
2141,1.0,30.0,0.0,0,2.0,3.0,9.0,2.0,2.0,3.0,13.0,9.0
2144,1.0,55.0,1.0,0,2.0,5.0,6.0,3.0,2.0,6.0,9.0,9.0
2145,1.0,34.0,1.0,0,2.0,2.0,2.0,0.0,2.0,3.0,5.0,9.0
2149,0.0,33.0,0.0,0,2.0,5.0,6.0,6.0,2.0,6.0,5.0,9.0
2152,1.0,29.0,0.0,0,2.0,2.0,2.0,6.0,2.0,7.0,11.0,3.0
2156,2.0,26.0,0.0,0,2.0,2.0,2.0,6.0,2.0,6.0,8.0,10.0
2159,1.0,31.0,0.0,0,2.0,5.0,6.0,3.0,2.0,3.0,13.0,9.0
2161,2.0,26.0,0.0,0,3.0,2.0,2.0,6.0,2.0,6.0,8.0,10.0
2162,2.0,50.0,0.0,0,2.0,2.0,2.0,3.0,2.0,3.0,13.0,4.0
2163,1.0,35.0,0.0,0,2.0,5.0,6.0,3.0,2.0,3.0,13.0,9.0
2165,1.0,23.0,0.0,0,2.0,5.0,6.0,3.0,2.0,3.0,13.0,9.0
2167,0.0,29.0,0.0,0,2.0,2.0,2.0,6.0,2.0,3.0,13.0,10.0
2174,1.0,25.0,0.0,0,2.0,2.0,2.0,6.0,2.0,3.0,13.0,9.0
2176,1.0,30.0,1.0,12,2.0,0.0,9.0,6.0,1.0,8.0,11.0,9.0
2177,0.0,38.0,0.0,0,2.0,5.0,6.0,3.0,2.0,3.0,5.0,9.0
2179,1.0,2014.0,0.0,0,2.0,2.0,2.0,0.0,2.0,3.0,13.0,9.0
2180,1.0,32.0,1.0,0,2.0,2.0,2.0,6.0,2.0,3.0,13.0,9.0
2181,2.0,30.0,0.0,25,2.0,2.0,2.0,6.0,3.0,8.0,0.0,9.0
2186,0.0,41.0,0.0,25,2.0,2.0,2.0,6.0,3.0,3.0,13.0,9.0
2189,1.0,29.0,1.0,0,2.0,2.0,2.0,6.0,2.0,3.0,8.0,4.0
2195,0.0,34.0,0.0,0,2.0,2.0,2.0,6.0,2.0,3.0,13.0,9.0
2204,2.0,42.0,1.0,0,2.0,6.0,6.0,3.0,2.0,3.0,8.0,9.0
2207,1.0,46.0,0.0,0,2.0,5.0,6.0,0.0,2.0,3.0,13.0,9.0
2211,0.0,41.0,0.0,24,2.0,2.0,2.0,6.0,1.0,3.0,8.0,9.0
2218,2.0,49.0,1.0,0,2.0,2.0,2.0,6.0,2.0,6.0,5.0,9.0
2220,0.0,19.0,0.0,0,13.0,2.0,2.0,6.0,2.0,3.0,5.0,9.0
2221,2.0,71.0,0.0,0,2.0,6.0,6.0,3.0,2.0,6.0,5.0,9.0
2235,1.0,33.0,0.0,0,2.0,5.0,6.0,3.0,2.0,3.0,13.0,9.0
2236,2.0,33.0,1.0,0,2.0,2.0,2.0,6.0,2.0,3.0,5.0,3.0
2239,2.0,27.0,1.0,0,2.0,2.0,2.0,0.0,2.0,3.0,5.0,1.0
2241,1.0,27.0,1.0,0,2.0,2.0,2.0,6.0,2.0,6.0,9.0,9.0
2243,2.0,29.0,1.0,0,2.0,2.0,2.0,6.0,2.0,3.0,5.0,9.0
2246,1.0,27.0,0.0,24,2.0,2.0,2.0,6.0,1.0,4.0,0.0,9.0
2248,1.0,36.0,0.0,0,2.0,2.0,2.0,0.0,2.0,3.0,13.0,9.0
2253,1.0,21.0,0.0,0,2.0,7.0,4.0,6.0,2.0,3.0,5.0,4.0
2262,1.0,23.0,1.0,12,2.0,2.0,2.0,6.0,1.0,8.0,11.0,10.0
2263,1.0,29.0,0.0,0,2.0,5.0,6.0,6.0,2.0,3.0,13.0,9.0
2266,2.0,34.0,1.0,0,2.0,2.0,2.0,4.0,2.0,3.0,5.0,9.0
2267,2.0,35.0,0.0,0,2.0,5.0,6.0,3.0,2.0,3.0,13.0,9.0
2271,2.0,31.0,0.0,24,2.0,2.0,2.0,6.0,1.0,3.0,13.0,9.0
2272,1.0,25.0,0.0,0,2.0,2.0,2.0,0.0,2.0,3.0,5.0,9.0
2274,1.0,29.0,1.0,0,7.0,5.0,6.0,3.0,2.0,6.0,5.0,9.0
2278,1.0,52.0,1.0,0,2.0,4.0,6.0,3.0,2.0,6.0,5.0,9.0
2279,1.0,52.0,0.0,0,2.0,5.0,6.0,3.0,2.0,6.0,9.0,5.0
2280,2.0,36.0,0.0,0,2.0,5.0,6.0,0.0,2.0,3.0,5.0,9.0
2285,1.0,40.0,1.0,0,2.0,2.0,2.0,0.0,2.0,3.0,13.0,9.0
2286,1.0,23.0,0.0,0,2.0,2.0,2.0,6.0,2.0,7.0,11.0,3.0
2288,1.0,26.0,0.0,0,2.0,5.0,6.0,3.0,2.0,3.0,5.0,9.0
2289,1.0,53.0,0.0,0,2.0,5.0,6.0,6.0,2.0,6.0,9.0,3.0
2294,2.0,30.0,1.0,0,2.0,2.0,2.0,6.0,2.0,3.0,5.0,9.0
2297,2.0,25.0,1.0,0,2.0,2.0,2.0,6.0,2.0,3.0,8.0,10.0
2301,1.0,60.0,0.0,0,2.0,2.0,2.0,3.0,2.0,6.0,8.0,9.0
2303,1.0,30.0,0.0,0,2.0,2.0,2.0,6.0,2.0,3.0,13.0,9.0
2310,1.0,59.0,0.0,25,2.0,2.0,2.0,6.0,3.0,8.0,0.0,9.0
2311,2.0,34.0,1.0,0,2.0,2.0,2.0,0.0,2.0,6.0,5.0,9.0
2312,1.0,27.0,0.0,25,2.0,2.0,2.0,6.0,3.0,8.0,0.0,7.0
2317,1.0,33.0,0.0,0,2.0,2.0,2.0,0.0,2.0,3.0,8.0,9.0
2321,2.0,43.0,0.0,0,2.0,6.0,6.0,3.0,2.0,3.0,13.0,1.0
2323,1.0,23.0,0.0,0,2.0,2.0,2.0,6.0,2.0,6.0,5.0,9.0
2324,0.0,29.0,0.0,0,2.0,4.0,6.0,6.0,2.0,6.0,9.0,9.0
2327,0.0,40.0,0.0,0,2.0,2.0,2.0,6.0,2.0,3.0,13.0,10.0
2328,0.0,38.0,0.0,0,2.0,2.0,2.0,0.0,2.0,3.0,13.0,9.0
2330,1.0,31.0,0.0,25,2.0,2.0,2.0,6.0,3.0,8.0,0.0,9.0
2332,2.0,22.0,1.0,0,2.0,7.0,4.0,0.0,2.0,3.0,5.0,9.0
2335,1.0,27.0,1.0,0,2.0,2.0,2.0,0.0,2.0,8.0,11.0,9.0
2338,1.0,30.0,0.0,0,2.0,6.0,6.0,3.0,2.0,6.0,8.0,9.0
2350,2.0,105.0,0.0,0,2.0,2.0,2.0,6.0,2.0,6.0,9.0,10.0
2353,2.0,42.0,0.0,0,2.0,2.0,2.0,6.0,2.0,6.0,5.0,9.0
2354,0.0,47.0,0.0,0,2.0,6.0,6.0,3.0,2.0,3.0,13.0,9.0
2355,2.0,45.0,0.0,0,2.0,5.0,6.0,3.0,2.0,3.0,13.0,9.0
2358,1.0,32.0,1.0,12,2.0,2.0,2.0,6.0,3.0,8.0,0.0,9.0
2359,2.0,37.0,0.0,0,2.0,2.0,2.0,0.0,2.0,6.0,5.0,9.0
2361,2.0,28.0,1.0,0,2.0,2.0,2.0,6.0,2.0,3.0,8.0,9.0
2368,1.0,37.0,0.0,0,2.0,5.0,6.0,3.0,2.0,3.0,5.0,9.0
2371,1.0,26.0,0.0,25,13.0,2.0,2.0,6.0,3.0,8.0,0.0,9.0
2374,2.0,25.0,0.0,0,2.0,2.0,2.0,0.0,2.0,6.0,5.0,9.0
2376,1.0,30.0,1.0,0,2.0,2.0,2.0,0.0,2.0,3.0,13.0,9.0
2382,1.0,36.0,0.0,0,2.0,2.0,2.0,6.0,2.0,6.0,5.0,9.0
2389,1.0,46.0,1.0,0,2.0,2.0,2.0,6.0,2.0,3.0,5.0,9.0
2390,0.0,19.0,0.0,0,2.0,2.0,2.0,6.0,2.0,6.0,8.0,9.0
2391,2.0,28.0,1.0,12,2.0,0.0,9.0,6.0,1.0,3.0,13.0,9.0
2395,1.0,25.0,0.0,0,2.0,2.0,2.0,0.0,2.0,3.0,5.0,9.0
2400,1.0,61.0,0.0,25,2.0,2.0,2.0,6.0,3.0,8.0,0.0,9.0
2401,1.0,20.0,1.0,0,13.0,2.0,2.0,6.0,2.0,3.0,13.0,9.0
2402,2.0,50.0,0.0,0,2.0,2.0,2.0,6.0,2.0,3.0,5.0,9.0
2404,1.0,64.0,0.0,0,2.0,2.0,2.0,6.0,2.0,6.0,5.0,9.0
2406,1.0,45.0,0.0,0,2.0,7.0,4.0,4.0,2.0,6.0,5.0,9.0
2410,1.0,35.0,0.0,0,2.0,2.0,2.0,6.0,2.0,3.0,5.0,9.0
2413,1.0,25.0,1.0,0,2.0,2.0,2.0,6.0,2.0,3.0,5.0,9.0
2414,0.0,31.0,0.0,0,2.0,5.0,6.0,0.0,2.0,3.0,13.0,9.0
2418,2.0,33.0,0.0,0,2.0,5.0,6.0,3.0,2.0,6.0,5.0,10.0
2428,0.0,26.0,0.0,0,2.0,5.0,6.0,3.0,2.0,3.0,13.0,4.0
2430,1.0,29.0,0.0,0,2.0,2.0,2.0,6.0,2.0,6.0,9.0,9.0
2436,2.0,37.0,0.0,0,2.0,2.0,2.0,6.0,2.0,6.0,5.0,9.0
2443,0.0,42.0,0.0,0,7.0,2.0,2.0,6.0,2.0,7.0,11.0,10.0
2448,2.0,35.0,1.0,23,2.0,2.0,2.0,6.0,0.0,0.0,0.0,9.0
2452,2.0,30.0,0.0,0,10.0,5.0,1.0,3.0,2.0,3.0,13.0,9.0
2455,2.0,28.0,0.0,0,2.0,6.0,6.0,3.0,2.0,6.0,8.0,9.0
2457,1.0,20.0,1.0,0,2.0,7.0,6.0,0.0,2.0,6.0,5.0,10.0
2463,2.0,27.0,0.0,0,2.0,2.0,2.0,0.0,2.0,1.0,9.0,9.0
2464,2.0,30.0,0.0,0,2.0,5.0,6.0,3.0,2.0,6.0,5.0,6.0
2473,1.0,22.0,1.0,0,2.0,2.0,2.0,0.0,2.0,6.0,5.0,6.0
2474,0.0,35.0,0.0,0,2.0,2.0,2.0,6.0,2.0,3.0,13.0,9.0
2476,1.0,26.0,0.0,0,2.0,2.0,2.0,0.0,2.0,3.0,8.0,10.0
2483,2.0,75.0,0.0,0,2.0,5.0,6.0,3.0,2.0,3.0,13.0,5.0
2495,1.0,28.0,1.0,0,2.0,2.0,2.0,6.0,2.0,8.0,11.0,9.0
2508,1.0,31.0,0.0,0,2.0,2.0,2.0,6.0,2.0,6.0,5.0,9.0
2512,2.0,25.0,1.0,25,4.0,2.0,2.0,6.0,3.0,8.0,0.0,4.0
2516,0.0,38.0,0.0,23,2.0,2.0,2.0,6.0,0.0,4.0,0.0,9.0
2518,1.0,56.0,0.0,0,2.0,2.0,2.0,3.0,2.0,7.0,11.0,9.0
2522,2.0,44.0,0.0,25,2.0,2.0,2.0,6.0,3.0,8.0,11.0,10.0
2524,2.0,25.0,0.0,0,2.0,2.0,2.0,6.0,2.0,0.0,0.0,9.0
2537,1.0,63.0,0.0,0,2.0,2.0,2.0,6.0,2.0,6.0,5.0,9.0
2538,0.0,44.0,0.0,25,2.0,2.0,2.0,6.0,3.0,8.0,0.0,9.0
2540,1.0,29.0,1.0,0,2.0,2.0,2.0,6.0,2.0,3.0,13.0,3.0
2541,1.0,33.0,0.0,0,2.0,5.0,6.0,3.0,2.0,3.0,5.0,9.0
2543,1.0,36.0,0.0,0,2.0,2.0,2.0,0.0,2.0,3.0,13.0,9.0
2547,0.0,46.0,0.0,0,2.0,2.0,2.0,0.0,2.0,3.0,5.0,9.0
2548,1.0,41.0,0.0,0,2.0,7.0,6.0,0.0,2.0,3.0,5.0,9.0
2551,1.0,25.0,0.0,0,2.0,5.0,6.0,3.0,2.0,3.0,13.0,9.0
2559,1.0,32.0,1.0,12,2.0,0.0,9.0,3.0,3.0,6.0,8.0,3.0
2563,1.0,31.0,0.0,0,2.0,2.0,2.0,6.0,2.0,3.0,5.0,9.0
2566,2.0,35.0,0.0,0,2.0,7.0,1.0,0.0,2.0,3.0,13.0,9.0
2569,2.0,52.0,1.0,12,2.0,0.0,9.0,6.0,0.0,4.0,0.0,9.0
2576,0.0,40.0,0.0,0,2.0,2.0,2.0,6.0,2.0,6.0,5.0,9.0
2577,0.0,30.0,0.0,0,2.0,2.0,2.0,0.0,2.0,3.0,13.0,9.0
2579,0.0,25.0,0.0,25,2.0,2.0,2.0,6.0,3.0,8.0,0.0,9.0
2582,2.0,42.0,0.0,0,2.0,5.0,6.0,3.0,2.0,6.0,5.0,9.0
2585,2.0,60.0,0.0,0,2.0,6.0,6.0,0.0,2.0,3.0,13.0,10.0
2587,2.0,31.0,0.0,0,2.0,2.0,2.0,6.0,2.0,6.0,5.0,4.0
2589,1.0,29.0,0.0,0,2.0,2.0,2.0,6.0,2.0,6.0,8.0,9.0
2590,1.0,26.0,0.0,0,2.0,2.0,2.0,6.0,2.0,3.0,5.0,8.0
2593,2.0,26.0,1.0,0,13.0,5.0,6.0,3.0,2.0,6.0,5.0,9.0
2594,1.0,24.0,1.0,0,2.0,2.0,2.0,6.0,2.0,6.0,5.0,9.0
2601,1.0,32.0,0.0,0,2.0,2.0,2.0,3.0,2.0,6.0,8.0,9.0
2602,2.0,29.0,1.0,0,2.0,2.0,2.0,6.0,2.0,3.0,13.0,9.0
2604,2.0,48.0,1.0,0,2.0,5.0,6.0,3.0,2.0,3.0,13.0,9.0
2606,1.0,40.0,0.0,25,2.0,2.0,2.0,3.0,3.0,6.0,8.0,10.0
2612,1.0,31.0,0.0,0,2.0,2.0,2.0,3.0,2.0,7.0,11.0,9.0
2614,2.0,77.0,0.0,0,2.0,5.0,6.0,3.0,2.0,6.0,8.0,9.0
2619,1.0,41.0,0.0,0,2.0,2.0,2.0,6.0,2.0,1.0,9.0,4.0
2625,0.0,26.0,0.0,25,2.0,2.0,2.0,6.0,3.0,8.0,0.0,9.0
2626,2.0,45.0,1.0,0,2.0,2.0,2.0,6.0,2.0,3.0,5.0,9.0
2627,1.0,29.0,0.0,0,2.0,2.0,2.0,6.0,2.0,7.0,11.0,9.0
2632,1.0,39.0,0.0,0,2.0,2.0,2.0,6.0,2.0,7.0,11.0,10.0
2637,2.0,32.0,1.0,0,2.0,2.0,2.0,3.0,2.0,6.0,5.0,10.0
2638,1.0,33.0,1.0,0,2.0,2.0,2.0,6.0,2.0,5.0,4.0,9.0
2644,2.0,25.0,0.0,0,2.0,3.0,9.0,5.0,2.0,6.0,5.0,9.0
2650,0.0,30.0,0.0,0,2.0,2.0,2.0,6.0,2.0,3.0,13.0,4.0
2653,2.0,64.0,0.0,25,2.0,2.0,2.0,3.0,3.0,3.0,13.0,9.0
2655,1.0,52.0,0.0,0,2.0,6.0,6.0,3.0,2.0,6.0,5.0,10.0
2658,2.0,20.0,0.0,0,2.0,5.0,6.0,3.0,2.0,3.0,13.0,4.0
2659,2.0,25.0,0.0,24,2.0,2.0,2.0,6.0,1.0,8.0,11.0,9.0
2668,0.0,36.0,0.0,25,2.0,2.0,2.0,0.0,3.0,8.0,11.0,9.0
2678,1.0,25.0,0.0,0,2.0,2.0,2.0,6.0,2.0,3.0,8.0,9.0
2680,1.0,26.0,1.0,0,2.0,2.0,2.0,6.0,2.0,6.0,5.0,9.0
2691,0.0,23.0,0.0,0,2.0,7.0,6.0,0.0,2.0,3.0,5.0,3.0
2693,2.0,30.0,0.0,0,2.0,2.0,2.0,6.0,2.0,6.0,5.0,4.0
2701,1.0,38.0,0.0,0,2.0,6.0,6.0,3.0,2.0,3.0,8.0,4.0
2712,1.0,31.0,0.0,0,2.0,5.0,6.0,3.0,2.0,3.0,5.0,9.0
2713,3.0,35.0,0.0,25,2.0,2.0,2.0,6.0,3.0,8.0,0.0,4.0
2715,1.0,28.0,0.0,0,2.0,2.0,2.0,6.0,2.0,3.0,13.0,9.0
2723,1.0,51.0,1.0,0,2.0,6.0,6.0,3.0,2.0,3.0,5.0,9.0
2724,2.0,71.0,0.0,0,2.0,4.0,6.0,3.0,2.0,6.0,8.0,2.0
2725,2.0,26.0,1.0,0,2.0,6.0,6.0,3.0,2.0,6.0,5.0,10.0
2727,2.0,36.0,0.0,0,2.0,1.0,6.0,3.0,2.0,7.0,11.0,10.0
2734,1.0,24.0,1.0,0,2.0,2.0,2.0,6.0,2.0,3.0,5.0,4.0
2736,1.0,25.0,0.0,0,2.0,2.0,2.0,6.0,2.0,6.0,5.0,9.0
2737,1.0,26.0,1.0,0,2.0,5.0,6.0,3.0,2.0,3.0,13.0,1.0
2738,2.0,33.0,0.0,0,2.0,5.0,6.0,3.0,2.0,7.0,11.0,4.0
2739,0.0,45.0,0.0,0,2.0,6.0,6.0,6.0,2.0,6.0,9.0,9.0
2740,1.0,24.0,1.0,0,2.0,2.0,2.0,0.0,2.0,3.0,13.0,10.0
2745,0.0,105.0,0.0,0,2.0,5.0,6.0,3.0,2.0,6.0,5.0,9.0
2747,2.0,41.0,0.0,0,2.0,2.0,2.0,6.0,2.0,3.0,5.0,9.0
2753,1.0,31.0,0.0,24,2.0,2.0,2.0,0.0,1.0,8.0,11.0,9.0
2755,2.0,23.0,1.0,0,2.0,2.0,2.0,0.0,2.0,6.0,5.0,10.0
2759,2.0,26.0,1.0,12,2.0,2.0,2.0,6.0,3.0,8.0,0.0,9.0
2763,0.0,50.0,0.0,0,2.0,2.0,2.0,0.0,2.0,7.0,11.0,10.0
2765,1.0,42.0,1.0,24,2.0,2.0,2.0,6.0,3.0,8.0,11.0,9.0
2772,2.0,34.0,0.0,0,2.0,2.0,2.0,6.0,2.0,3.0,13.0,3.0
2777,1.0,34.0,0.0,0,2.0,6.0,6.0,3.0,2.0,7.0,11.0,9.0
2784,2.0,49.0,0.0,0,2.0,2.0,2.0,6.0,2.0,6.0,8.0,9.0
2785,2.0,55.0,0.0,0,2.0,5.0,6.0,3.0,2.0,3.0,8.0,4.0
2788,1.0,36.0,1.0,0,2.0,1.0,6.0,3.0,2.0,3.0,5.0,9.0
2789,0.0,50.0,0.0,0,2.0,5.0,6.0,3.0,2.0,3.0,13.0,10.0
2790,2.0,37.0,1.0,0,2.0,2.0,2.0,6.0,2.0,3.0,13.0,9.0
2795,0.0,33.0,0.0,0,2.0,5.0,6.0,0.0,2.0,6.0,5.0,9.0
2798,1.0,38.0,0.0,24,2.0,2.0,2.0,0.0,1.0,8.0,11.0,5.0
2800,2.0,33.0,0.0,0,2.0,2.0,2.0,6.0,2.0,8.0,11.0,9.0
2801,1.0,33.0,0.0,0,2.0,6.0,6.0,3.0,2.0,3.0,13.0,9.0
2803,1.0,21.0,0.0,0,2.0,1.0,6.0,3.0,2.0,3.0,5.0,9.0
2813,2.0,30.0,0.0,0,2.0,2.0,2.0,0.0,2.0,3.0,5.0,9.0
2815,1.0,61.0,0.0,0,2.0,2.0,2.0,3.0,2.0,3.0,5.0,9.0
2826,1.0,65.0,0.0,0,2.0,5.0,6.0,6.0,2.0,3.0,5.0,1.0
2827,2.0,26.0,1.0,0,2.0,2.0,2.0,0.0,2.0,3.0,5.0,9.0
2830,0.0,30.0,0.0,0,2.0,5.0,6.0,3.0,2.0,3.0,13.0,10.0
2831,1.0,53.0,0.0,0,2.0,3.0,9.0,5.0,2.0,6.0,5.0,9.0
2838,1.0,74.0,0.0,0,2.0,5.0,1.0,3.0,2.0,3.0,13.0,9.0
2842,1.0,19.0,0.0,0,2.0,2.0,2.0,6.0,2.0,3.0,13.0,9.0
2845,1.0,65.0,0.0,0,2.0,5.0,6.0,3.0,2.0,3.0,13.0,9.0
2850,1.0,36.0,0.0,0,2.0,2.0,2.0,0.0,2.0,3.0,13.0,9.0
2856,0.0,38.0,0.0,0,2.0,2.0,2.0,6.0,2.0,3.0,13.0,9.0
2857,2.0,27.0,0.0,0,2.0,2.0,2.0,0.0,2.0,3.0,8.0,10.0
2862,1.0,26.0,0.0,0,2.0,5.0,6.0,6.0,2.0,4.0,0.0,9.0
2863,1.0,30.0,1.0,0,2.0,2.0,2.0,6.0,2.0,6.0,8.0,9.0
2866,2.0,50.0,1.0,0,2.0,2.0,2.0,6.0,2.0,8.0,11.0,9.0
2867,2.0,58.0,0.0,0,2.0,3.0,9.0,5.0,2.0,6.0,9.0,9.0
2879,2.0,33.0,0.0,0,2.0,2.0,2.0,0.0,2.0,6.0,5.0,9.0
2882,1.0,33.0,0.0,0,2.0,2.0,2.0,6.0,2.0,6.0,8.0,9.0
2884,1.0,41.0,1.0,0,2.0,5.0,6.0,3.0,2.0,6.0,5.0,4.0
2886,1.0,33.0,0.0,0,2.0,2.0,2.0,6.0,2.0,1.0,9.0,9.0
2888,1.0,35.0,0.0,0,2.0,2.0,2.0,6.0,2.0,6.0,5.0,6.0
2891,2.0,40.0,0.0,25,2.0,2.0,2.0,6.0,3.0,8.0,0.0,9.0
2892,0.0,27.0,0.0,0,2.0,2.0,2.0,6.0,2.0,6.0,5.0,1.0
2893,2.0,38.0,0.0,0,2.0,6.0,6.0,3.0,2.0,6.0,9.0,9.0
2903,1.0,100.0,0.0,0,2.0,2.0,2.0,0.0,2.0,3.0,5.0,9.0
2906,1.0,26.0,1.0,0,2.0,5.0,6.0,3.0,2.0,3.0,8.0,9.0
2907,2.0,27.0,1.0,0,2.0,2.0,2.0,6.0,2.0,6.0,8.0,9.0
2908,1.0,21.0,0.0,0,2.0,6.0,6.0,3.0,2.0,7.0,11.0,9.0
2913,0.0,41.0,0.0,0,2.0,5.0,6.0,3.0,2.0,6.0,5.0,9.0
2923,1.0,42.0,1.0,0,2.0,5.0,6.0,3.0,2.0,3.0,5.0,9.0
2925,3.0,51.0,0.0,0,2.0,6.0,6.0,3.0,2.0,3.0,5.0,9.0
2932,0.0,43.0,0.0,0,2.0,2.0,2.0,6.0,2.0,3.0,8.0,9.0
2933,1.0,38.0,1.0,0,2.0,5.0,6.0,3.0,2.0,6.0,5.0,6.0
2936,0.0,38.0,0.0,0,2.0,2.0,2.0,6.0,2.0,3.0,5.0,9.0
2946,2.0,33.0,0.0,25,2.0,2.0,2.0,6.0,3.0,8.0,0.0,9.0
2947,2.0,28.0,0.0,0,2.0,2.0,2.0,6.0,2.0,6.0,8.0,9.0
2952,2.0,28.0,0.0,0,2.0,7.0,6.0,6.0,2.0,3.0,5.0,9.0
2953,0.0,105.0,0.0,0,2.0,2.0,2.0,6.0,2.0,6.0,5.0,9.0
2955,1.0,63.0,0.0,0,2.0,7.0,1.0,0.0,2.0,6.0,9.0,9.0
2956,1.0,31.0,1.0,0,2.0,5.0,6.0,3.0,2.0,3.0,8.0,9.0
2957,1.0,36.0,0.0,0,0.0,2.0,2.0,0.0,2.0,6.0,8.0,9.0
2960,2.0,23.0,0.0,24,2.0,2.0,2.0,6.0,1.0,0.0,6.0,9.0
2961,2.0,36.0,1.0,0,2.0,2.0,2.0,6.0,2.0,7.0,11.0,10.0
2967,2.0,24.0,1.0,0,2.0,2.0,2.0,6.0,2.0,6.0,5.0,1.0
2971,2.0,105.0,0.0,0,2.0,2.0,2.0,6.0,2.0,6.0,5.0,0.0
2977,2.0,25.0,1.0,0,2.0,2.0,2.0,6.0,2.0,8.0,11.0,9.0
2978,1.0,56.0,0.0,0,2.0,2.0,2.0,0.0,2.0,7.0,11.0,9.0
2979,1.0,43.0,1.0,25,2.0,2.0,2.0,0.0,3.0,8.0,11.0,9.0
2981,0.0,105.0,0.0,0,2.0,7.0,6.0,0.0,2.0,3.0,5.0,9.0
2985,2.0,45.0,0.0,0,2.0,2.0,2.0,6.0,2.0,6.0,5.0,9.0
2993,1.0,28.0,0.0,0,2.0,2.0,2.0,0.0,2.0,3.0,5.0,10.0
2996,2.0,26.0,0.0,0,2.0,2.0,2.0,6.0,2.0,3.0,5.0,0.0
2997,1.0,33.0,0.0,0,2.0,5.0,6.0,3.0,2.0,6.0,5.0,10.0
3003,0.0,34.0,0.0,0,2.0,5.0,6.0,3.0,2.0,3.0,12.0,4.0
3004,2.0,35.0,0.0,0,2.0,2.0,2.0,4.0,2.0,6.0,8.0,5.0
3005,2.0,33.0,0.0,0,2.0,2.0,2.0,0.0,2.0,3.0,13.0,9.0
3008,0.0,27.0,0.0,23,2.0,2.0,2.0,6.0,0.0,0.0,0.0,9.0
3010,2.0,25.0,0.0,0,2.0,7.0,4.0,6.0,2.0,3.0,5.0,10.0
3013,0.0,58.0,0.0,0,13.0,2.0,2.0,6.0,2.0,3.0,13.0,10.0
3014,1.0,69.0,0.0,0,2.0,6.0,6.0,6.0,2.0,7.0,11.0,9.0
3015,0.0,31.0,0.0,0,2.0,2.0,2.0,0.0,2.0,3.0,5.0,9.0
3017,0.0,42.0,0.0,0,2.0,5.0,6.0,3.0,2.0,3.0,13.0,9.0
3020,2.0,30.0,0.0,0,2.0,5.0,6.0,3.0,2.0,3.0,13.0,10.0
3021,0.0,34.0,0.0,0,2.0,2.0,2.0,3.0,2.0,6.0,5.0,9.0
3027,1.0,47.0,0.0,0,2.0,2.0,2.0,6.0,2.0,7.0,11.0,9.0
3032,1.0,23.0,0.0,0,2.0,6.0,6.0,6.0,2.0,3.0,13.0,9.0
3033,1.0,49.0,0.0,0,2.0,3.0,9.0,5.0,2.0,3.0,13.0,10.0
3034,0.0,37.0,0.0,0,13.0,2.0,2.0,6.0,2.0,6.0,9.0,9.0
3035,0.0,29.0,0.0,0,2.0,2.0,2.0,6.0,2.0,6.0,5.0,9.0
3045,1.0,23.0,1.0,0,2.0,5.0,6.0,3.0,2.0,3.0,5.0,9.0
3050,2.0,25.0,0.0,0,2.0,2.0,2.0,5.0,2.0,3.0,5.0,9.0
3052,1.0,23.0,1.0,0,13.0,5.0,6.0,3.0,2.0,6.0,5.0,10.0
3055,0.0,31.0,0.0,12,2.0,0.0,9.0,6.0,0.0,4.0,0.0,9.0
3059,0.0,31.0,0.0,0,2.0,2.0,2.0,6.0,2.0,3.0,13.0,9.0
3060,2.0,25.0,0.0,0,2.0,2.0,2.0,6.0,2.0,6.0,9.0,4.0
3064,2.0,33.0,1.0,0,2.0,2.0,2.0,6.0,2.0,3.0,5.0,9.0
3067,1.0,21.0,1.0,0,13.0,7.0,6.0,0.0,2.0,3.0,5.0,9.0
3068,1.0,36.0,0.0,0,2.0,5.0,6.0,0.0,2.0,6.0,9.0,9.0
3070,2.0,33.0,0.0,0,2.0,5.0,6.0,3.0,2.0,6.0,5.0,9.0
3075,2.0,30.0,1.0,12,2.0,0.0,9.0,6.0,3.0,8.0,0.0,9.0
3077,2.0,34.0,0.0,0,2.0,2.0,2.0,6.0,2.0,3.0,13.0,4.0
3080,2.0,27.0,0.0,0,2.0,6.0,6.0,3.0,2.0,2.0,5.0,9.0
3086,0.0,30.0,0.0,0,2.0,2.0,2.0,6.0,2.0,6.0,5.0,9.0
3088,0.0,38.0,0.0,0,2.0,6.0,6.0,3.0,2.0,2.0,5.0,10.0
3092,1.0,30.0,0.0,25,2.0,2.0,2.0,6.0,3.0,8.0,11.0,9.0
3101,2.0,26.0,1.0,12,2.0,0.0,9.0,6.0,3.0,6.0,9.0,9.0
3104,1.0,25.0,0.0,0,2.0,2.0,2.0,6.0,2.0,3.0,13.0,9.0
3109,1.0,25.0,1.0,0,13.0,5.0,6.0,3.0,2.0,3.0,13.0,9.0
3110,2.0,31.0,0.0,25,2.0,2.0,2.0,6.0,3.0,8.0,0.0,9.0
3114,2.0,27.0,1.0,0,2.0,2.0,2.0,6.0,2.0,3.0,5.0,10.0
3115,2.0,51.0,0.0,0,2.0,2.0,2.0,0.0,2.0,6.0,9.0,10.0
3116,2.0,32.0,0.0,0,2.0,2.0,2.0,6.0,2.0,3.0,5.0,9.0
3117,1.0,48.0,0.0,0,2.0,2.0,2.0,6.0,2.0,6.0,8.0,9.0
3118,1.0,29.0,0.0,0,2.0,1.0,9.0,1.0,2.0,6.0,9.0,9.0
3119,1.0,45.0,1.0,0,2.0,2.0,2.0,6.0,2.0,1.0,5.0,9.0
3122,0.0,49.0,0.0,0,2.0,5.0,6.0,3.0,2.0,3.0,8.0,9.0
3124,1.0,27.0,0.0,0,2.0,2.0,2.0,0.0,2.0,6.0,5.0,3.0
3129,0.0,28.0,0.0,0,2.0,2.0,2.0,6.0,2.0,3.0,5.0,9.0
3133,2.0,22.0,0.0,0,2.0,6.0,6.0,3.0,2.0,3.0,13.0,3.0
3139,1.0,28.0,1.0,0,2.0,3.0,10.0,3.0,2.0,3.0,13.0,9.0
3143,3.0,34.0,0.0,0,2.0,2.0,2.0,6.0,2.0,6.0,5.0,9.0
3148,1.0,26.0,0.0,0,2.0,2.0,2.0,6.0,2.0,3.0,5.0,9.0
3151,0.0,52.0,0.0,0,2.0,5.0,1.0,3.0,2.0,6.0,5.0,10.0
3154,2.0,37.0,1.0,0,2.0,5.0,6.0,3.0,2.0,3.0,13.0,9.0
3157,1.0,26.0,1.0,0,2.0,2.0,2.0,6.0,2.0,7.0,11.0,9.0
3162,0.0,42.0,0.0,0,2.0,2.0,2.0,5.0,2.0,7.0,11.0,6.0
3164,1.0,48.0,0.0,0,2.0,6.0,1.0,3.0,2.0,3.0,13.0,9.0
3166,1.0,105.0,1.0,12,2.0,0.0,9.0,6.0,1.0,3.0,5.0,9.0
3171,2.0,47.0,0.0,0,2.0,2.0,2.0,6.0,2.0,3.0,13.0,9.0
3172,1.0,26.0,0.0,0,2.0,2.0,2.0,5.0,2.0,3.0,5.0,9.0
3173,1.0,42.0,1.0,0,2.0,6.0,6.0,3.0,2.0,7.0,11.0,10.0
3174,1.0,38.0,0.0,24,2.0,2.0,2.0,6.0,1.0,8.0,0.0,9.0
3176,2.0,47.0,0.0,0,2.0,2.0,2.0,3.0,2.0,3.0,13.0,10.0
3182,1.0,62.0,0.0,0,2.0,5.0,6.0,3.0,2.0,6.0,9.0,5.0
3183,1.0,28.0,0.0,0,2.0,5.0,1.0,0.0,2.0,6.0,5.0,9.0
3184,1.0,34.0,0.0,0,2.0,5.0,6.0,6.0,2.0,6.0,9.0,9.0
3194,2.0,33.0,0.0,0,2.0,2.0,2.0,6.0,2.0,3.0,13.0,9.0
3195,0.0,37.0,0.0,0,2.0,7.0,6.0,0.0,2.0,3.0,5.0,10.0
3198,1.0,27.0,0.0,0,2.0,6.0,6.0,3.0,2.0,3.0,13.0,9.0
3199,1.0,27.0,1.0,0,2.0,2.0,2.0,6.0,2.0,3.0,5.0,9.0
3204,1.0,25.0,1.0,0,2.0,6.0,6.0,3.0,2.0,6.0,5.0,9.0
3208,1.0,1924.0,0.0,0,2.0,2.0,2.0,0.0,2.0,6.0,5.0,9.0
3209,1.0,24.0,1.0,0,2.0,2.0,2.0,6.0,2.0,6.0,9.0,9.0
3211,0.0,26.0,0.0,0,2.0,2.0,2.0,6.0,2.0,6.0,5.0,10.0
3213,2.0,27.0,1.0,0,2.0,2.0,2.0,6.0,2.0,6.0,5.0,10.0
3214,2.0,24.0,0.0,0,2.0,2.0,2.0,6.0,2.0,3.0,13.0,9.0
3216,2.0,53.0,0.0,0,2.0,2.0,2.0,6.0,2.0,6.0,8.0,5.0
3218,0.0,48.0,0.0,0,2.0,2.0,2.0,6.0,2.0,6.0,5.0,9.0
3221,2.0,30.0,0.0,0,2.0,5.0,6.0,3.0,2.0,3.0,13.0,9.0
3229,1.0,23.0,1.0,0,2.0,7.0,6.0,0.0,2.0,3.0,5.0,9.0
3232,2.0,27.0,0.0,0,2.0,2.0,2.0,6.0,2.0,6.0,8.0,9.0
3238,1.0,26.0,0.0,0,2.0,2.0,2.0,0.0,2.0,6.0,5.0,4.0
3243,2.0,30.0,1.0,0,2.0,2.0,2.0,6.0,2.0,3.0,5.0,10.0
3250,2.0,26.0,1.0,0,2.0,2.0,2.0,6.0,2.0,6.0,8.0,9.0
3252,1.0,27.0,1.0,25,2.0,2.0,2.0,6.0,3.0,8.0,0.0,9.0
3253,1.0,30.0,0.0,0,2.0,2.0,2.0,6.0,2.0,3.0,13.0,9.0
3258,2.0,42.0,0.0,0,2.0,2.0,2.0,0.0,2.0,3.0,8.0,10.0
3260,1.0,29.0,1.0,24,2.0,2.0,2.0,0.0,2.0,8.0,11.0,9.0
