FARM,OWNERSHP,ACREHOUS,TAXINCL,PROPINSR,COSTELEC,VALUEH,ROOMS,PLUMBING,PUMA,household_id
0,2,0,0,0,7,99,3,2,69,0
0,1,1,1,59,12,29,8,2,92,1
0,1,1,2,51,7,6,5,2,90,2
0,1,1,0,59,12,18,6,2,124,3
0,2,1,0,0,7,99,5,1,6,4
0,1,1,2,59,6,42,6,2,38,5
0,0,0,0,0,0,99,0,0,42,6
0,1,0,0,33,3,10,4,2,103,7
0,2,0,0,0,8,99,5,2,66,8
0,2,0,0,0,18,99,1,2,32,9
0,1,1,1,46,10,18,8,2,100,10
0,1,1,2,28,4,7,5,2,89,11
0,0,0,0,0,0,99,0,0,231,12
0,1,1,2,59,14,27,8,2,153,13
0,1,1,2,47,8,18,7,2,140,14
0,1,1,1,59,4,15,5,2,227,15
0,2,1,0,0,9,99,2,2,39,16
0,1,1,1,59,9,32,8,2,227,17
0,1,1,1,59,12,46,6,2,65,18
0,2,1,0,0,13,99,6,2,36,19
0,2,0,0,0,8,99,3,2,205,20
0,2,0,0,0,6,99,2,2,223,21
0,1,1,1,31,18,18,6,2,76,22
0,1,1,2,43,7,16,4,2,67,23
0,1,1,1,59,6,34,9,2,212,24
0,2,0,0,0,8,99,3,2,223,25
0,2,0,0,0,4,99,2,2,4,26
0,2,1,0,0,2,99,1,2,138,27
0,1,1,1,48,10,9,6,2,67,28
0,2,0,0,0,3,99,2,2,209,29
0,1,1,0,59,0,17,2,2,27,30
0,1,1,2,45,7,17,4,2,223,31
0,1,1,0,59,11,91,7,2,38,32
0,1,1,0,40,10,11,5,2,19,33
0,1,1,2,47,7,27,3,2,51,34
0,1,1,1,59,9,32,7,2,13,35
0,1,1,1,59,15,28,5,2,10,36
0,2,0,0,0,10,99,5,2,177,37
0,2,0,0,0,2,99,4,2,227,38
0,1,1,2,43,8,22,6,2,224,39
0,2,0,0,0,6,99,3,2,8,40
0,1,1,1,31,16,19,8,2,102,41
0,2,1,0,0,4,99,2,2,149,42
0,2,0,0,0,6,99,3,2,90,43
0,1,1,1,42,12,18,5,2,125,44
0,2,0,0,0,6,99,2,2,118,45
0,2,0,0,0,3,99,4,2,121,46
0,1,1,1,59,15,35,7,2,36,47
0,1,1,0,37,3,12,5,2,22,48
0,2,0,0,0,4,99,4,2,19,49
0,1,1,0,43,21,13,7,2,126,50
0,2,1,0,0,2,99,1,2,138,51
0,1,1,0,40,2,13,3,2,220,52
0,2,0,0,0,15,99,4,2,163,53
0,1,1,0,59,10,27,8,2,27,54
0,2,0,0,0,7,99,4,2,208,55
0,2,0,0,0,2,99,4,2,194,56
0,0,0,0,0,0,99,0,0,152,57
0,0,0,0,0,0,99,0,0,208,58
0,1,0,1,59,99,5,4,2,140,59
0,1,1,0,5,8,1,5,2,29,60
0,2,0,0,0,4,99,4,2,133,61
0,2,0,0,0,6,99,3,2,177,62
0,2,0,0,0,25,99,2,2,41,63
0,1,1,2,49,8,12,6,2,59,64
0,1,1,2,39,7,15,3,2,188,65
0,1,1,2,59,9,16,4,2,106,66
0,2,0,0,0,4,99,4,2,187,67
0,2,0,0,0,4,99,1,2,133,68
0,2,0,0,0,6,99,4,2,228,69
0,2,1,0,0,99,99,7,2,71,70
0,0,0,0,0,0,99,0,0,134,71
0,1,1,1,44,8,17,6,2,220,72
0,1,1,1,31,4,27,5,2,231,73
0,1,1,2,30,12,7,5,2,8,74
0,1,1,2,49,8,13,6,2,59,75
0,1,1,2,59,8,17,5,2,150,76
0,1,1,1,59,6,35,6,2,119,77
0,2,0,0,0,0,99,3,2,211,78
0,1,1,2,59,17,11,5,2,18,79
0,2,1,0,0,7,99,3,2,220,80
0,1,1,1,54,2,35,6,2,173,81
0,2,1,0,0,2,99,3,2,2,82
0,1,1,0,20,5,4,4,2,218,83
0,1,1,0,49,4,35,7,2,71,84
0,1,1,2,46,6,27,3,2,51,85
0,1,1,1,59,6,25,5,2,59,86
0,2,0,0,0,99,99,3,2,228,87
0,1,1,1,47,10,20,8,2,17,88
0,2,0,0,0,4,99,1,2,140,89
0,1,1,2,51,8,16,4,2,39,90
0,2,0,0,0,3,99,4,2,177,91
0,1,1,1,30,2,3,4,2,68,92
0,1,1,2,59,16,18,7,2,111,93
0,2,0,0,0,99,99,5,2,217,94
0,1,2,1,59,20,36,6,2,84,95
0,1,1,1,59,8,26,5,2,173,96
0,2,0,0,0,4,99,1,2,140,97
0,1,1,1,46,8,17,6,2,30,98
0,2,1,0,0,1,99,4,2,2,99
0,2,0,0,0,3,99,4,2,121,100
0,2,1,0,0,11,99,7,2,130,101
0,1,1,2,23,4,18,5,2,34,102
0,2,1,0,0,4,99,4,2,103,103
0,2,0,0,0,4,99,2,2,228,104
0,1,0,0,37,3,10,4,2,83,105
0,1,1,1,59,12,35,7,2,157,106
0,2,0,0,0,4,99,2,2,43,107
0,2,0,0,0,4,99,5,2,229,108
0,0,0,0,0,0,99,0,0,208,109
0,1,1,2,45,5,18,8,2,5,110
0,2,0,0,0,2,99,2,2,136,111
0,1,1,0,0,99,13,5,2,204,112
0,2,1,0,0,8,99,5,2,199,113
0,1,1,0,59,6,7,3,2,25,114
0,2,0,0,0,3,99,4,2,208,115
0,2,1,0,0,11,99,2,2,52,116
0,2,1,0,0,8,99,9,2,192,117
0,2,0,0,0,5,99,1,2,202,118
0,1,1,2,59,7,38,8,2,150,119
0,2,1,0,0,6,99,1,2,121,120
0,1,1,1,38,12,20,6,2,223,121
0,1,1,2,59,8,13,5,2,104,122
0,2,1,0,0,7,99,5,2,123,123
0,2,0,0,0,6,99,4,2,189,124
0,1,1,2,38,5,23,6,2,201,125
0,1,1,2,59,10,28,1,2,228,126
0,2,0,0,0,99,99,2,2,84,127
0,1,1,2,57,77,11,6,2,24,128
0,2,0,0,0,3,99,4,2,81,129
0,2,0,0,0,7,99,2,2,139,130
0,2,0,0,0,2,99,3,2,46,131
0,1,1,1,59,8,46,6,2,157,132
0,1,1,2,59,2,18,5,2,173,133
0,1,1,1,46,10,35,4,2,53,134
0,2,1,0,0,10,99,3,2,52,135
0,0,0,0,0,0,99,0,0,122,136
0,1,1,2,59,6,23,5,2,63,137
0,1,1,2,59,11,15,8,2,10,138
0,2,0,0,0,4,99,3,2,207,139
0,2,0,0,0,9,99,7,1,202,140
0,1,1,1,44,6,35,6,2,157,141
0,2,0,0,0,4,99,2,2,228,142
0,0,0,0,0,0,99,0,0,220,143
0,2,1,0,0,6,99,7,2,129,144
0,1,1,0,59,7,13,5,2,66,145
0,0,0,0,0,0,99,0,2,18,146
0,2,0,0,0,3,99,5,2,132,147
0,0,1,0,0,0,99,0,0,229,148
0,2,0,0,0,99,99,1,2,121,149
0,1,0,1,59,1,44,5,2,180,150
0,0,2,0,0,0,99,0,0,116,151
0,2,0,0,0,3,99,4,2,47,152
0,1,1,1,41,8,35,4,2,149,153
0,0,0,0,0,0,99,0,0,229,154
0,2,0,0,0,13,99,5,2,71,155
0,1,1,2,39,4,7,5,2,89,156
0,1,1,2,44,7,18,7,2,218,157
0,2,0,0,0,99,99,9,2,9,158
0,0,0,0,0,0,99,0,0,112,159
0,1,1,2,59,9,31,6,2,108,160
0,2,0,0,0,3,99,5,2,232,161
0,1,1,2,2,3,27,5,2,73,162
0,1,1,1,59,7,16,8,2,192,163
0,1,1,1,59,24,75,9,2,224,164
0,1,1,1,33,10,15,4,2,188,165
0,2,1,0,0,12,99,5,2,116,166
0,2,0,0,0,2,99,3,2,146,167
0,2,0,0,0,4,99,5,2,148,168
0,0,0,0,0,0,99,0,0,62,169
0,1,1,1,32,10,13,6,2,102,170
0,2,1,0,0,6,99,6,2,67,171
0,2,0,0,0,4,99,4,2,180,172
0,2,1,0,0,6,99,5,2,136,173
0,2,0,0,0,2,99,3,2,140,174
0,1,1,2,50,8,13,6,2,59,175
0,2,0,0,0,11,99,6,2,9,176
0,1,1,1,46,5,12,3,2,36,177
0,1,1,1,59,10,79,6,2,133,178
0,2,1,0,0,6,99,3,2,66,179
0,1,1,1,59,11,21,7,2,129,180
0,1,1,0,59,11,27,6,2,142,181
0,1,1,2,46,9,13,7,2,223,182
0,2,0,0,0,6,99,3,2,96,183
0,1,0,2,18,5,20,4,2,201,184
0,1,1,1,59,10,35,9,2,93,185
0,1,1,2,33,1,9,3,2,116,186
0,1,1,1,59,11,34,7,2,127,187
0,1,1,2,40,3,13,3,2,165,188
0,1,1,1,44,11,21,5,2,204,189
0,2,1,0,0,10,99,3,2,89,190
0,0,0,0,0,0,99,0,0,14,191
0,1,1,1,45,8,35,4,2,149,192
0,1,2,1,59,7,99,9,2,69,193
0,1,1,2,46,8,13,6,2,115,194
0,1,1,2,59,3,12,5,2,9,195
0,2,0,0,0,99,99,3,2,83,196
0,2,0,0,0,2,99,3,2,47,197
0,0,0,0,0,0,99,0,0,151,198
0,1,1,0,39,2,9,3,2,220,199
0,1,1,2,59,7,12,6,2,174,200
0,2,0,0,0,6,99,3,2,70,201
0,1,1,1,59,31,21,9,2,150,202
0,1,1,1,59,10,23,8,2,172,203
0,1,1,1,59,10,27,6,2,159,204
0,1,1,1,36,4,19,6,2,73,205
0,1,1,0,0,99,11,5,2,204,206
0,1,1,1,59,10,35,9,2,27,207
0,2,0,0,0,3,99,1,2,154,208
0,1,1,2,52,6,16,9,2,176,209
0,1,1,0,43,11,11,5,2,19,210
0,1,1,2,23,12,12,5,2,115,211
0,2,0,0,0,8,99,2,2,103,212
0,1,1,2,59,11,19,7,2,100,213
0,0,0,0,0,0,99,0,0,191,214
0,1,1,0,49,8,35,5,2,200,215
0,2,0,0,0,3,99,3,2,47,216
0,0,0,0,0,0,99,0,0,122,217
0,0,0,0,0,0,99,0,0,228,218
0,0,0,0,0,0,99,0,0,112,219
0,2,0,0,0,6,99,1,2,129,220
0,1,1,0,59,8,15,5,2,90,221
0,2,1,0,0,5,99,4,2,222,222
0,1,1,0,59,6,99,6,2,69,223
0,2,0,0,0,2,99,3,2,147,224
0,1,1,1,59,6,35,3,2,206,225
0,2,0,0,0,0,99,4,2,203,226
1,1,1,0,59,12,60,8,2,227,227
0,1,1,1,59,7,18,8,2,77,228
0,1,1,1,21,8,12,4,2,174,229
0,0,0,0,0,0,99,0,0,14,230
0,2,1,2,0,6,99,4,2,202,231
0,1,1,1,56,24,35,7,2,39,232
0,1,1,1,59,21,99,9,2,69,233
0,2,0,0,0,7,99,3,2,181,234
0,1,1,0,59,5,45,6,2,76,235
0,1,1,1,59,16,40,5,2,52,236
0,2,0,0,0,3,99,2,2,144,237
0,1,1,2,39,3,30,4,2,115,238
0,2,1,0,0,6,99,4,2,164,239
0,1,1,2,59,11,19,7,2,44,240
0,2,0,0,0,2,99,2,2,16,241
0,1,1,2,41,12,27,6,2,185,242
0,1,1,0,29,20,27,5,2,75,243
0,1,1,1,59,10,75,7,2,10,244
0,1,1,0,45,10,13,5,2,47,245
0,1,1,0,34,2,8,6,2,229,246
0,1,0,1,59,32,73,8,2,228,247
0,2,0,0,0,7,99,4,2,149,248
0,2,1,0,0,12,99,7,2,66,249
0,1,1,0,40,8,24,6,2,151,250
0,2,0,0,0,1,99,1,2,44,251
0,1,1,1,12,7,17,4,2,12,252
0,1,1,2,59,9,21,7,2,224,253
0,2,1,0,0,4,99,2,2,8,254
0,1,1,2,59,7,9,5,2,20,255
0,2,0,0,0,3,99,1,2,205,256
0,1,1,2,59,16,35,8,2,104,257
0,2,0,0,0,6,99,3,2,111,258
0,2,0,0,0,4,99,2,2,228,259
0,1,1,1,48,8,11,6,2,67,260
0,2,0,0,0,5,99,5,2,192,261
0,1,1,1,39,8,18,9,2,96,262
0,1,1,2,59,4,17,5,2,173,263
0,2,1,0,0,9,99,5,2,133,264
0,2,1,0,0,1,99,3,2,123,265
0,1,1,1,59,15,27,8,2,77,266
0,1,1,1,59,10,27,8,2,225,267
0,2,0,0,0,2,99,2,2,136,268
0,2,0,0,0,1,99,3,2,160,269
0,2,0,0,0,3,99,3,2,71,270
0,1,1,2,47,4,13,3,2,165,271
0,2,1,0,0,14,99,4,2,111,272
0,1,1,1,50,10,99,7,2,69,273
0,2,0,0,0,99,99,3,2,83,274
0,2,0,0,0,4,99,5,2,148,275
0,1,1,1,55,8,13,5,2,139,276
0,2,0,0,0,2,99,4,2,216,277
0,2,1,0,0,10,99,5,2,3,278
0,1,1,1,59,10,57,7,2,80,279
0,1,1,0,59,2,52,9,2,61,280
0,1,1,2,29,11,13,5,2,115,281
0,2,0,0,0,0,99,2,2,44,282
0,1,2,1,28,6,35,9,2,4,283
0,2,0,0,0,6,99,1,2,203,284
0,2,0,0,0,99,99,2,2,228,285
0,2,0,0,0,99,99,3,2,136,286
0,1,1,0,46,6,63,6,2,78,287
0,2,0,0,0,4,99,3,2,60,288
0,1,1,2,37,7,18,6,2,219,289
0,1,1,0,59,15,23,6,2,205,290
0,2,0,0,0,4,99,4,2,133,291
0,2,1,0,0,5,99,9,2,60,292
0,0,0,0,0,0,99,0,0,228,293
0,1,1,1,59,7,20,6,2,127,294
0,1,1,1,59,12,24,8,2,153,295
0,0,0,0,0,0,99,0,0,231,296
0,1,1,0,42,5,16,7,2,167,297
0,1,1,2,42,9,22,5,2,12,298
0,2,1,0,0,99,99,1,2,120,299
0,1,1,2,39,9,13,6,2,62,300
0,2,1,0,0,6,99,5,2,84,301
0,2,1,0,0,4,99,4,2,232,302
0,1,1,2,59,8,27,6,2,63,303
0,1,1,2,59,6,35,9,2,28,304
0,2,1,0,0,99,99,3,2,169,305
0,2,1,0,0,13,99,4,2,12,306
0,2,0,0,0,11,99,3,2,171,307
0,2,0,0,0,7,99,5,2,22,308
0,2,0,0,0,6,99,3,2,203,309
0,2,0,0,0,7,99,3,2,223,310
0,1,1,2,31,6,13,3,2,92,311
0,1,1,1,59,10,31,9,2,211,312
0,1,1,2,46,4,13,3,2,128,313
0,1,1,1,59,2,44,6,2,134,314
0,2,1,0,0,4,99,2,2,203,315
0,1,1,0,59,7,8,5,2,90,316
0,2,0,0,0,8,99,3,2,200,317
0,1,1,1,59,8,35,7,2,80,318
0,2,2,0,0,10,99,6,2,165,319
0,2,1,0,0,6,99,6,2,57,320
0,1,1,0,0,5,7,6,2,43,321
0,1,1,2,16,18,10,5,2,226,322
0,1,1,1,59,7,42,8,2,28,323
0,1,1,2,48,4,13,8,2,188,324
0,1,1,1,59,7,31,9,2,207,325
0,1,2,1,59,21,16,5,2,3,326
0,1,1,0,59,7,18,6,2,96,327
0,2,0,0,0,6,99,3,2,103,328
0,2,1,0,0,99,99,8,2,174,329
0,1,1,1,40,8,4,7,2,4,330
0,2,0,0,0,3,99,3,2,171,331
0,1,1,1,59,10,21,8,2,172,332
0,0,0,0,0,0,99,0,0,134,333
0,1,1,1,49,8,17,5,2,198,334
0,1,0,1,59,8,18,3,2,186,335
0,1,1,0,38,4,18,6,2,57,336
0,1,1,1,48,7,35,7,2,69,337
0,1,1,1,51,6,34,5,2,189,338
0,1,1,1,59,12,18,8,2,30,339
0,2,1,0,0,12,99,1,2,142,340
0,2,0,0,0,8,99,1,2,121,341
0,0,0,0,0,0,99,0,0,92,342
0,1,1,1,59,10,35,6,2,130,343
0,2,0,0,0,99,99,3,2,148,344
0,1,1,0,26,4,10,4,2,180,345
0,1,1,0,59,0,19,9,2,58,346
0,2,0,0,0,15,99,1,2,32,347
0,1,1,2,59,20,36,6,2,221,348
0,2,1,0,0,13,99,7,2,141,349
0,2,0,0,0,4,99,3,2,143,350
0,2,1,0,0,3,99,4,2,112,351
0,1,1,1,59,10,32,9,2,10,352
0,2,0,0,0,6,99,3,2,8,353
0,1,1,2,39,17,20,6,2,9,354
0,2,0,0,0,6,99,3,2,103,355
0,2,0,0,0,2,99,3,2,46,356
0,1,1,2,30,4,10,5,2,29,357
0,1,1,0,28,99,2,4,2,208,358
0,1,1,2,49,10,11,5,2,210,359
0,1,1,2,49,14,13,6,2,220,360
0,2,0,0,0,6,99,2,2,136,361
0,1,1,1,59,14,42,8,2,206,362
0,1,1,2,50,5,34,7,2,21,363
0,1,1,2,59,12,27,6,2,152,364
0,2,0,0,0,3,99,4,2,123,365
0,2,1,0,0,4,99,2,2,192,366
0,1,1,1,59,10,35,7,2,140,367
0,1,1,2,36,7,8,3,2,97,368
0,1,1,1,34,4,27,5,2,3,369
0,1,1,1,59,13,37,7,2,161,370
0,2,0,0,0,0,99,3,2,132,371
0,1,1,1,45,7,13,6,2,67,372
0,2,0,0,0,10,99,4,2,177,373
0,0,0,0,0,0,99,0,0,199,374
0,2,1,0,0,4,99,5,2,43,375
0,2,1,0,0,7,99,5,1,211,376
0,1,1,2,49,8,13,6,2,59,377
0,2,0,0,0,8,99,3,2,2,378
0,1,0,1,47,3,27,4,2,38,379
0,2,0,0,0,4,99,5,2,41,380
0,0,0,0,0,14,99,5,2,90,381
0,1,1,1,59,6,18,3,2,93,382
0,0,0,0,0,0,99,0,0,40,383
0,1,1,1,59,15,27,8,2,2,384
0,1,1,2,59,7,7,5,2,20,385
0,2,1,0,0,2,99,2,2,209,386
0,1,1,0,59,0,27,9,2,58,387
0,2,0,0,0,99,99,2,2,32,388
0,1,1,2,38,6,18,6,2,196,389
0,2,1,0,0,4,99,6,2,9,390
0,2,1,0,0,12,99,3,2,77,391
0,1,1,2,47,8,22,7,2,83,392
0,1,1,2,51,7,11,4,2,3,393
0,2,1,0,0,6,99,5,2,104,394
0,1,1,2,41,7,16,6,2,138,395
0,1,1,1,37,6,18,5,2,220,396
0,0,0,0,0,0,99,0,0,103,397
0,1,1,0,59,8,27,6,2,139,398
0,0,0,0,0,0,99,0,0,176,399
0,1,1,1,59,12,23,8,2,211,400
0,2,0,0,0,2,99,5,2,200,401
0,1,1,1,59,14,27,8,2,21,402
0,1,1,2,39,12,17,6,2,223,403
0,1,1,2,54,8,10,4,2,3,404
0,1,1,2,51,7,13,4,2,63,405
0,2,0,0,0,4,99,3,2,55,406
0,1,1,1,50,12,16,5,2,145,407
0,2,1,0,0,7,99,6,2,28,408
0,2,0,0,0,4,99,4,2,110,409
0,1,1,2,48,3,10,5,2,92,410
0,2,0,0,0,1,99,2,2,16,411
0,1,1,1,45,6,35,6,2,157,412
0,2,0,0,0,9,99,4,2,232,413
0,1,1,2,27,6,26,9,2,206,414
0,1,1,2,41,3,17,5,2,125,415
0,1,1,1,39,4,60,9,2,99,416
0,0,0,0,0,0,99,0,0,15,417
0,2,0,0,0,99,99,4,2,138,418
0,0,0,0,0,0,99,0,0,86,419
0,2,1,0,0,7,99,6,2,85,420
0,1,1,1,58,25,35,7,2,39,421
0,1,1,2,59,7,16,5,2,150,422
0,1,1,0,59,14,30,9,2,202,423
1,1,1,1,59,10,69,8,2,227,424
0,1,1,1,59,0,61,8,2,54,425
0,1,1,1,43,12,19,5,2,125,426
0,2,0,0,0,6,99,2,1,121,427
0,2,0,0,0,8,99,1,2,180,428
0,2,0,0,0,3,99,4,2,191,429
0,2,0,0,0,4,99,5,2,109,430
0,0,0,0,0,0,99,0,0,134,431
0,1,1,2,59,15,16,7,2,111,432
0,1,1,1,15,7,35,5,2,204,433
0,2,1,0,0,10,99,6,2,5,434
0,2,0,0,0,2,99,1,2,138,435
0,2,0,0,0,6,99,2,2,201,436
0,1,1,1,48,12,14,3,2,223,437
0,0,0,0,0,0,99,0,0,134,438
0,1,1,2,45,7,18,5,2,92,439
0,1,1,2,47,10,17,5,2,146,440
0,2,1,0,0,10,99,2,2,65,441
0,2,0,0,0,4,99,2,2,32,442
0,1,1,0,29,0,18,4,2,152,443
0,2,0,0,0,8,99,4,2,174,444
0,2,1,0,0,8,99,5,2,140,445
0,1,1,0,59,10,18,6,2,23,446
0,2,0,0,0,4,99,4,2,222,447
0,2,1,0,0,9,99,5,2,197,448
0,1,1,2,59,6,14,5,2,175,449
0,1,1,2,45,14,10,5,2,95,450
0,1,1,1,34,6,21,9,2,4,451
0,2,1,0,0,8,99,4,2,10,452
0,2,0,0,0,12,99,2,2,41,453
0,1,1,2,59,23,35,6,2,221,454
0,1,0,0,59,2,30,3,2,18,455
0,2,1,0,0,4,99,4,2,35,456
1,2,2,0,0,14,99,7,2,7,457
0,2,0,0,0,4,99,5,2,171,458
0,2,1,0,0,1,99,3,2,123,459
0,1,1,0,45,7,18,3,2,94,460
0,2,0,0,0,12,99,4,2,96,461
0,1,1,2,48,5,20,7,2,8,462
0,2,0,0,0,99,99,3,2,197,463
0,2,0,0,0,6,99,2,2,62,464
0,1,1,1,51,10,13,6,2,100,465
0,2,0,0,0,99,99,3,2,83,466
0,2,0,0,0,5,99,4,2,213,467
0,1,1,1,53,7,8,5,2,26,468
0,2,0,0,0,3,99,1,2,132,469
0,1,1,1,35,8,13,6,2,24,470
0,1,1,1,59,12,16,6,2,68,471
0,2,1,0,0,9,99,8,2,139,472
0,1,0,2,26,15,12,2,2,194,473
0,2,1,0,0,7,99,2,2,81,474
0,0,0,0,0,0,99,0,0,141,475
0,1,1,2,48,17,13,6,2,174,476
0,0,0,0,0,0,99,0,0,85,477
0,1,1,0,59,6,18,6,2,213,478
0,1,1,1,59,1,12,4,2,192,479
0,2,1,0,0,99,99,5,2,201,480
0,1,1,2,36,4,18,5,2,11,481
0,2,0,0,0,2,99,1,2,65,482
0,1,1,2,59,3,13,5,2,19,483
0,1,1,0,59,12,43,9,2,180,484
0,1,1,2,47,8,19,4,2,197,485
0,1,1,2,28,9,7,6,2,102,486
0,1,1,2,49,15,13,6,2,174,487
0,1,1,1,47,12,26,5,2,125,488
0,2,0,0,0,1,99,3,2,229,489
0,2,1,0,0,10,99,9,2,208,490
0,1,1,1,59,11,18,6,2,165,491
0,2,1,0,0,8,99,5,2,140,492
0,1,0,1,30,6,2,3,2,53,493
0,2,0,0,0,12,99,3,2,180,494
0,1,1,1,59,12,14,6,2,28,495
0,1,1,1,59,9,44,6,2,74,496
0,2,1,0,0,7,99,4,2,48,497
0,2,1,0,0,6,99,2,2,166,498
0,1,1,1,26,3,5,4,2,30,499
0,1,1,2,34,8,10,3,2,188,500
0,2,0,0,0,99,99,3,2,212,501
0,1,1,0,38,9,29,7,2,151,502
0,1,1,1,59,6,35,6,2,159,503
0,1,1,2,42,8,13,3,2,29,504
0,2,0,0,0,10,99,3,2,171,505
0,2,0,0,0,6,99,3,2,103,506
0,1,1,2,43,5,27,9,2,207,507
0,1,1,1,57,22,27,7,2,39,508
0,1,1,2,36,7,8,3,2,97,509
0,1,1,1,59,1,45,6,2,134,510
0,1,1,2,39,5,17,5,2,11,511
0,2,1,0,0,12,99,5,2,188,512
0,2,1,0,0,3,99,3,2,167,513
0,2,0,0,0,99,99,5,2,217,514
0,2,1,0,0,6,99,4,2,22,515
0,1,1,0,59,6,99,6,2,69,516
0,2,0,0,0,8,99,4,2,204,517
0,1,1,2,41,10,27,9,2,170,518
0,1,1,2,59,17,11,3,2,18,519
0,1,1,2,59,6,13,3,2,220,520
0,1,0,2,40,6,18,6,2,152,521
0,1,1,1,22,8,11,4,2,174,522
0,2,0,0,0,5,99,4,2,34,523
0,1,1,2,46,8,14,6,2,92,524
0,2,0,1,0,2,99,2,2,194,525
0,2,0,0,0,4,99,4,2,16,526
0,1,1,0,59,8,16,3,2,62,527
0,2,0,0,0,99,99,2,2,55,528
0,1,1,2,37,2,15,3,2,188,529
0,1,1,2,36,6,18,3,2,189,530
0,1,1,1,0,99,15,5,2,204,531
0,1,1,1,59,10,22,8,2,172,532
0,2,0,0,0,8,99,7,2,7,533
0,1,1,0,59,14,56,8,2,130,534
0,1,1,2,26,19,12,5,2,8,535
0,2,0,0,0,12,99,5,2,158,536
0,2,1,0,0,6,99,3,2,36,537
0,2,0,0,0,99,99,3,2,212,538
0,1,1,1,59,11,35,5,2,153,539
0,2,1,0,0,4,99,6,2,220,540
0,1,1,2,33,12,8,5,2,8,541
0,1,1,0,0,14,2,3,2,232,542
0,2,0,0,0,2,99,4,2,160,543
0,2,0,0,0,2,99,3,2,19,544
0,2,1,0,0,2,99,3,2,2,545
0,0,0,0,0,0,99,0,0,40,546
0,2,0,0,0,99,99,1,2,121,547
0,1,1,2,35,3,9,7,2,102,548
0,1,1,1,59,9,20,6,2,104,549
0,2,1,0,0,2,99,4,2,4,550
0,0,0,0,0,0,99,0,0,14,551
0,1,1,2,25,3,19,6,2,201,552
0,2,0,0,0,1,99,2,2,231,553
0,1,0,0,33,3,13,4,2,83,554
0,1,1,1,59,13,35,4,2,211,555
0,2,1,0,0,7,99,4,2,87,556
0,2,0,0,0,2,99,2,2,47,557
0,2,0,0,0,17,99,3,2,90,558
0,2,0,0,0,3,99,6,2,222,559
0,2,1,0,0,5,99,4,2,222,560
0,2,0,0,0,4,99,2,2,191,561
0,1,1,2,38,6,27,5,2,11,562
0,0,0,0,0,0,99,0,0,151,563
0,2,0,0,0,4,99,5,2,229,564
0,1,1,1,39,4,17,5,2,50,565
0,1,1,0,59,6,15,3,2,62,566
0,1,1,1,59,10,99,8,2,118,567
0,1,1,2,45,22,25,9,2,184,568
0,2,0,0,0,99,99,3,2,197,569
0,1,1,1,59,12,92,6,2,38,570
0,2,0,0,0,4,99,5,2,229,571
0,1,1,1,50,12,52,8,2,119,572
0,1,1,0,44,20,13,7,2,126,573
0,2,0,0,0,10,99,1,2,32,574
0,1,1,2,46,9,18,5,2,15,575
0,2,0,0,0,6,99,6,2,109,576
0,1,1,0,41,6,8,3,2,89,577
0,2,0,0,0,3,99,4,2,121,578
0,2,0,0,0,4,99,2,2,179,579
0,2,0,0,0,4,99,5,2,171,580
0,1,1,0,59,12,18,5,2,61,581
0,1,1,0,59,12,65,6,2,127,582
0,2,0,0,0,3,99,3,2,140,583
0,2,0,0,0,4,99,4,2,78,584
0,2,0,0,0,4,99,4,2,180,585
0,1,1,1,59,14,44,8,2,204,586
0,2,0,0,0,99,99,3,2,77,587
0,1,1,1,39,4,27,4,2,115,588
0,0,0,0,0,0,99,0,0,151,589
0,2,1,0,0,6,99,6,2,109,590
0,2,1,0,0,9,99,2,2,204,591
0,2,1,0,0,4,99,3,2,19,592
0,1,1,0,59,4,18,7,2,127,593
0,2,1,0,0,99,99,5,2,179,594
0,1,1,2,35,30,8,5,2,95,595
0,1,1,2,59,99,16,3,2,118,596
0,2,0,0,0,4,99,4,2,77,597
0,2,1,0,0,6,99,6,2,169,598
0,2,0,0,0,5,99,2,2,71,599
0,2,1,0,0,11,99,5,2,191,600
0,2,0,0,0,9,99,3,2,30,601
0,1,1,1,59,11,27,8,2,153,602
0,2,0,0,0,7,99,3,2,153,603
0,1,1,2,43,5,11,6,2,29,604
0,2,1,0,0,12,99,3,2,220,605
0,2,1,0,0,17,99,6,2,92,606
0,1,1,2,59,8,14,5,2,10,607
0,1,1,1,59,10,35,8,2,54,608
0,1,1,0,38,5,29,6,2,73,609
0,2,1,0,0,12,99,6,2,130,610
0,1,1,0,59,7,22,4,2,3,611
0,1,1,2,47,4,26,7,2,230,612
0,1,1,0,39,10,27,7,2,64,613
0,1,1,2,25,6,27,9,2,206,614
0,1,1,2,47,8,18,7,2,220,615
0,2,0,0,0,0,99,1,2,78,616
0,0,0,0,0,0,99,0,0,108,617
0,2,0,0,0,4,99,4,2,46,618
0,2,1,0,0,6,99,4,2,19,619
0,1,1,1,59,7,22,6,2,227,620
0,2,0,0,0,2,99,2,2,140,621
0,1,1,0,59,7,27,7,2,24,622
0,2,1,0,0,0,99,1,2,160,623
0,2,0,0,0,22,99,3,2,171,624
0,2,0,0,0,7,99,4,2,187,625
0,2,0,0,0,5,99,2,2,204,626
0,2,0,0,0,10,99,5,2,177,627
0,1,1,2,59,3,12,5,2,19,628
0,0,0,0,0,0,99,0,0,122,629
0,1,1,1,59,15,34,5,2,206,630
0,0,0,0,0,0,99,0,0,218,631
0,2,2,0,0,12,99,4,2,87,632
0,2,1,0,0,7,99,3,2,198,633
0,2,0,0,0,3,99,3,2,171,634
0,0,0,0,0,0,99,0,0,86,635
0,2,1,0,0,9,99,5,2,165,636
0,1,1,2,40,8,10,5,2,219,637
0,1,1,2,32,6,10,5,2,89,638
0,1,1,0,38,7,7,3,2,101,639
0,2,0,0,0,3,99,4,2,56,640
0,2,0,0,0,4,99,2,2,144,641
0,1,1,0,38,7,13,6,2,66,642
0,2,2,0,0,16,99,6,2,87,643
0,1,1,1,59,21,25,7,2,15,644
0,1,1,2,33,12,8,5,2,8,645
0,1,1,0,47,4,12,5,2,22,646
0,2,0,0,0,3,99,3,2,205,647
0,1,1,1,59,11,99,9,2,81,648
0,1,1,2,47,6,15,3,2,155,649
0,1,1,1,59,16,35,7,2,36,650
0,1,1,2,28,19,17,8,2,218,651
0,1,1,0,28,3,0,4,2,92,652
0,2,1,0,0,4,99,4,2,42,653
0,2,0,0,0,10,99,7,2,213,654
0,2,1,0,0,99,99,3,2,228,655
0,2,0,0,0,12,99,3,2,69,656
0,2,1,0,0,7,99,5,2,3,657
0,1,1,2,58,7,22,4,2,206,658
0,2,1,0,0,6,99,3,2,98,659
0,1,1,1,59,4,22,5,2,163,660
0,1,1,2,55,8,13,6,2,59,661
0,1,1,1,59,9,25,7,2,227,662
0,1,1,0,59,8,27,8,2,87,663
0,1,1,0,39,7,26,9,2,19,664
0,2,1,0,0,7,99,6,2,227,665
0,2,1,0,0,5,99,5,2,98,666
0,1,1,0,33,10,8,3,2,93,667
0,1,2,1,42,8,35,6,2,227,668
0,1,1,1,55,12,18,5,2,145,669
0,2,1,0,0,5,99,5,2,84,670
0,1,1,2,31,4,14,8,2,164,671
0,2,0,0,0,99,99,3,2,83,672
0,2,0,0,0,4,99,2,2,12,673
0,2,1,0,0,6,99,6,2,34,674
0,1,1,2,41,6,16,4,2,25,675
0,1,1,2,59,9,13,6,2,48,676
0,1,1,1,45,9,18,6,2,219,677
0,2,0,0,0,4,99,5,2,43,678
0,1,1,1,59,6,27,9,2,207,679
0,1,1,1,20,4,10,4,2,202,680
0,2,0,0,0,5,99,2,2,205,681
0,1,1,2,36,7,17,6,2,219,682
0,1,1,0,42,6,18,7,2,167,683
0,1,1,2,59,9,18,4,2,100,684
0,2,0,0,0,77,99,3,2,69,685
0,1,1,2,36,7,17,6,2,219,686
0,2,1,0,0,99,99,1,2,120,687
0,1,1,1,59,16,23,6,2,159,688
0,1,1,1,59,19,27,8,2,104,689
0,1,1,2,50,2,16,4,2,130,690
0,2,0,0,0,12,99,5,2,71,691
0,1,1,1,59,9,27,8,2,187,692
0,2,0,0,0,4,99,4,2,144,693
0,1,1,2,59,7,9,3,2,25,694
0,2,0,0,0,2,99,3,2,140,695
0,2,0,0,0,99,99,1,2,121,696
0,1,1,2,50,12,7,5,2,20,697
0,1,1,2,36,12,16,2,2,9,698
0,2,0,0,0,4,99,2,2,138,699
0,2,1,0,0,6,99,5,2,9,700
0,2,2,0,0,7,99,6,2,92,701
0,2,2,0,0,7,99,6,2,92,702
0,2,0,0,0,2,99,1,2,44,703
0,1,2,1,44,6,34,7,2,100,704
0,1,1,1,59,17,13,6,2,8,705
0,1,1,1,59,8,27,6,2,81,706
0,2,0,0,0,3,99,2,2,209,707
0,1,1,1,49,10,10,5,2,145,708
0,2,1,0,0,12,99,5,2,165,709
0,1,1,2,59,7,10,5,2,87,710
0,2,2,0,0,12,99,6,2,87,711
0,1,1,1,59,10,33,8,2,227,712
0,2,0,0,0,5,99,3,2,217,713
0,2,0,0,0,7,99,2,2,203,714
0,2,0,0,0,0,99,3,2,167,715
0,1,1,1,46,6,27,8,2,8,716
0,2,0,0,0,6,99,5,2,145,717
0,1,1,2,59,8,15,5,2,106,718
0,1,1,1,55,5,35,6,2,206,719
0,1,1,2,32,6,11,9,2,89,720
0,1,1,1,59,8,35,7,2,225,721
0,2,1,0,0,21,99,5,2,88,722
0,2,0,0,0,4,99,4,2,47,723
0,1,1,1,59,7,34,6,2,119,724
0,1,1,1,39,4,7,3,2,27,725
0,1,1,2,49,12,13,6,2,174,726
0,1,1,1,50,9,35,9,2,226,727
0,2,0,0,0,99,99,1,2,121,728
0,1,1,0,40,2,11,3,2,220,729
0,2,1,0,0,8,99,6,2,189,730
0,1,1,2,59,4,7,7,2,107,731
0,2,1,0,0,1,99,4,2,12,732
0,1,1,1,46,6,8,5,2,26,733
0,2,0,0,0,99,99,3,2,83,734
0,1,0,0,0,10,0,1,2,98,735
0,1,2,1,31,6,30,9,2,4,736
0,1,1,1,59,11,28,5,2,64,737
0,2,0,0,0,10,99,4,2,7,738
0,2,1,0,0,8,99,4,2,12,739
0,2,1,0,0,6,99,4,2,164,740
0,2,0,0,0,2,99,3,2,225,741
0,2,1,0,0,19,99,5,2,36,742
0,2,0,0,0,1,99,3,2,225,743
0,2,1,0,0,6,99,6,2,109,744
0,2,1,0,0,6,99,5,2,9,745
0,1,1,2,35,10,13,5,2,25,746
0,2,0,0,0,99,99,3,2,83,747
0,1,1,0,28,4,2,4,2,175,748
0,2,0,0,0,99,99,3,2,228,749
0,2,0,0,0,99,99,1,2,121,750
0,1,1,1,59,8,54,9,2,39,751
0,2,0,0,0,10,99,6,2,32,752
0,1,1,0,39,6,18,6,2,103,753
0,0,0,0,0,0,99,0,0,152,754
0,1,1,2,39,8,13,5,2,21,755
0,1,1,0,59,8,48,6,2,157,756
0,2,1,0,0,7,99,4,2,148,757
0,0,0,0,0,0,99,0,0,208,758
0,2,0,0,0,4,99,6,2,144,759
0,1,1,1,59,12,41,6,2,38,760
0,2,0,0,0,4,99,4,2,191,761
0,1,1,2,41,4,7,5,2,102,762
0,1,1,1,59,12,35,9,2,158,763
0,1,1,2,52,11,7,5,2,20,764
0,1,1,1,46,7,35,6,2,47,765
0,1,1,2,44,16,9,7,2,97,766
0,1,1,1,49,7,35,7,2,135,767
0,2,1,0,0,10,99,6,2,112,768
0,1,1,1,39,6,13,3,2,206,769
0,1,1,1,59,12,99,7,2,180,770
0,2,0,0,0,99,99,4,2,73,771
0,0,0,0,0,0,99,0,0,46,772
0,1,1,1,49,8,27,3,2,161,773
0,2,1,0,0,8,99,5,2,140,774
0,0,0,0,0,0,99,0,0,203,775
0,2,0,0,0,2,99,2,2,154,776
0,2,1,0,0,1,99,3,2,123,777
0,0,0,0,0,0,99,0,0,18,778
0,1,1,1,59,3,65,6,2,38,779
0,2,0,0,0,12,99,1,2,142,780
0,1,1,2,59,10,13,5,2,107,781
0,2,0,0,0,2,99,2,2,154,782
0,2,0,0,0,18,99,6,2,119,783
0,2,1,0,0,7,99,6,2,203,784
0,1,1,2,15,10,6,3,2,232,785
0,1,1,0,16,12,6,5,2,103,786
0,2,1,0,0,19,99,6,2,61,787
0,2,1,0,0,3,99,3,2,77,788
0,1,1,2,52,15,18,5,2,146,789
0,1,1,0,59,4,30,6,2,195,790
0,1,0,1,59,99,5,4,2,140,791
0,1,0,1,59,10,17,7,2,186,792
0,2,0,0,0,2,99,2,2,143,793
0,2,0,0,0,99,99,4,2,222,794
0,1,1,0,39,12,33,6,2,189,795
0,1,1,2,25,10,6,2,2,232,796
0,1,1,0,59,12,18,6,2,124,797
0,2,1,0,0,6,99,1,2,24,798
0,1,0,1,46,6,18,5,2,194,799
0,1,1,1,59,10,27,8,2,193,800
0,2,0,0,0,12,99,2,2,98,801
0,2,0,0,0,99,99,3,2,228,802
0,1,1,2,59,10,27,7,2,30,803
0,1,1,1,59,10,35,9,2,133,804
0,2,0,0,0,3,99,3,2,2,805
0,0,0,0,0,0,99,0,0,176,806
0,2,0,0,0,3,99,2,2,209,807
0,2,0,0,0,7,99,2,2,118,808
0,1,1,0,33,4,20,5,2,50,809
0,2,0,0,0,8,99,2,2,193,810
0,1,1,0,59,12,35,9,2,202,811
0,1,1,1,59,7,27,6,2,197,812
0,1,1,2,59,6,16,5,2,20,813
0,2,1,0,0,11,99,5,2,191,814
0,2,1,0,0,2,99,3,2,14,815
0,1,1,2,46,6,27,7,2,159,816
0,1,1,2,59,19,18,9,2,125,817
0,2,1,0,0,12,99,6,2,148,818
0,1,0,1,59,1,36,5,2,180,819
0,0,0,1,0,0,99,0,0,81,820
0,1,1,2,44,7,17,6,2,213,821
0,0,0,0,0,0,99,0,0,151,822
0,1,1,1,59,16,27,9,2,194,823
0,2,0,0,0,9,99,3,2,8,824
0,2,0,0,0,4,99,2,2,43,825
0,2,0,0,0,4,99,2,2,71,826
0,1,1,1,59,5,31,8,2,148,827
0,1,2,1,26,6,35,9,2,4,828
0,1,1,2,44,9,18,5,2,20,829
0,1,1,0,59,6,18,3,2,138,830
0,1,2,1,59,6,99,9,2,81,831
0,1,1,2,59,4,13,7,2,174,832
0,2,1,0,0,10,99,5,2,49,833
0,1,1,2,59,6,11,3,2,198,834
0,2,0,0,0,6,99,2,1,121,835
0,2,0,0,0,1,99,1,2,220,836
0,2,0,0,0,5,99,4,2,70,837
0,2,1,0,0,10,99,9,2,208,838
0,0,0,0,0,0,99,0,0,89,839
0,2,0,0,0,8,99,5,2,121,840
0,1,1,2,59,7,8,5,2,87,841
0,1,1,1,47,11,13,3,2,68,842
0,2,0,0,0,8,99,3,2,223,843
0,1,1,2,59,7,27,3,2,192,844
0,1,1,1,59,12,51,8,2,58,845
0,2,0,0,0,4,99,4,2,7,846
0,1,1,1,47,14,7,6,2,100,847
0,2,1,0,0,13,99,3,2,68,848
0,0,0,0,0,0,99,0,0,89,849
0,1,1,1,59,6,21,9,2,136,850
0,1,1,1,59,9,27,4,2,159,851
0,1,1,1,42,6,13,4,2,210,852
0,1,1,2,42,12,13,4,2,146,853
0,0,0,0,0,0,99,0,0,10,854
0,2,0,0,0,99,99,4,2,222,855
0,1,1,0,26,3,13,5,2,136,856
0,2,1,0,0,7,99,5,2,84,857
0,1,1,2,39,6,18,6,2,112,858
0,1,1,1,59,4,18,5,2,163,859
0,2,0,0,0,3,99,2,2,209,860
0,1,1,0,59,0,18,2,2,27,861
0,1,1,1,59,13,63,5,2,52,862
0,1,1,2,40,10,13,3,2,220,863
0,1,1,2,59,14,11,3,2,18,864
0,2,0,0,0,3,99,3,2,171,865
0,1,1,0,8,11,4,5,2,10,866
0,2,0,0,0,0,99,4,2,203,867
0,0,0,0,0,0,99,0,0,18,868
0,1,1,2,39,11,9,6,2,97,869
0,1,1,2,40,6,15,6,2,20,870
0,2,0,0,0,8,99,3,2,223,871
0,1,0,2,59,7,15,4,2,223,872
0,1,1,2,23,12,10,5,2,115,873
0,2,0,0,0,10,99,4,2,52,874
0,2,1,0,0,4,99,6,2,220,875
0,1,1,2,59,8,27,9,2,207,876
0,1,1,2,59,17,13,3,2,18,877
0,0,0,0,0,0,99,0,0,181,878
0,2,0,0,0,5,99,6,2,146,879
0,2,0,0,0,5,99,5,2,192,880
0,2,1,0,0,6,99,4,2,204,881
0,1,1,1,59,12,27,6,2,187,882
0,2,0,0,0,7,99,4,2,120,883
0,2,1,0,0,6,99,3,2,124,884
0,1,1,1,58,2,31,6,2,173,885
0,2,0,0,0,6,99,4,2,78,886
0,2,0,0,0,5,99,5,2,146,887
0,2,0,0,0,10,99,6,2,43,888
0,2,1,0,0,4,99,2,2,129,889
0,0,0,0,0,0,99,0,0,228,890
0,2,0,0,0,4,99,3,2,35,891
0,1,1,0,46,5,18,6,2,87,892
0,1,1,1,59,15,25,7,2,33,893
0,1,1,2,44,4,27,3,2,121,894
0,2,0,0,0,10,99,5,2,158,895
0,2,0,0,0,6,99,2,2,191,896
0,0,0,0,0,0,99,0,2,85,897
0,2,0,0,0,1,99,3,2,75,898
0,1,1,2,59,10,18,5,2,230,899
0,1,1,1,58,7,7,5,2,26,900
0,1,1,1,59,10,35,8,2,148,901
0,1,1,0,40,6,12,5,2,22,902
0,1,1,1,59,7,30,6,2,118,903
0,1,1,2,59,7,12,6,2,174,904
0,1,1,1,59,10,35,7,2,38,905
0,1,1,0,39,8,22,9,2,223,906
0,1,1,2,28,3,27,5,2,73,907
1,1,1,1,59,11,26,8,2,50,908
0,2,0,0,0,99,99,3,2,2,909
0,1,1,0,32,4,14,4,2,93,910
0,2,1,0,0,10,99,3,2,52,911
0,2,0,0,0,3,99,4,2,55,912
0,1,1,2,59,6,12,5,2,223,913
0,2,0,0,0,10,99,3,2,211,914
0,2,0,0,0,4,99,3,2,118,915
0,2,0,0,0,2,99,3,2,125,916
0,1,1,2,39,10,18,6,2,19,917
0,2,1,0,0,1,99,4,2,2,918
0,0,0,0,0,0,99,1,0,89,919
0,2,0,0,0,3,99,5,2,2,920
0,1,1,1,59,13,30,1,2,66,921
0,1,1,2,45,13,10,6,2,95,922
0,2,0,0,0,3,99,4,2,4,923
0,0,0,0,0,0,99,0,0,93,924
0,1,1,2,46,13,13,6,2,95,925
0,1,1,0,43,10,19,6,2,143,926
0,1,1,2,59,16,15,9,2,111,927
0,2,1,0,0,8,99,6,2,67,928
0,2,1,0,0,4,99,2,2,192,929
0,1,1,2,59,13,13,8,2,111,930
0,1,1,1,59,10,38,7,2,36,931
0,1,1,2,59,9,13,7,2,223,932
0,1,1,1,59,6,22,7,2,54,933
0,1,1,1,59,18,32,8,2,211,934
0,1,1,2,59,32,63,7,2,180,935
0,1,2,1,46,33,84,3,2,188,936
0,2,0,0,0,3,99,4,2,5,937
0,2,0,0,0,4,99,4,2,204,938
0,1,1,1,59,7,26,7,2,158,939
0,2,1,0,0,8,99,4,2,3,940
0,1,1,1,59,28,5,2,2,103,941
0,1,1,1,59,8,13,5,2,127,942
0,1,1,1,59,12,88,6,2,81,943
0,1,1,2,41,4,18,7,2,96,944
0,1,1,0,59,2,43,9,2,61,945
0,1,1,0,32,3,0,4,2,92,946
0,0,0,0,0,0,99,0,0,92,947
0,1,1,0,59,8,18,7,2,213,948
0,1,0,1,39,4,16,5,2,7,949
0,1,1,2,59,4,18,5,2,22,950
0,1,1,2,59,10,18,6,2,185,951
0,1,1,2,31,21,16,8,2,218,952
0,1,1,1,44,11,33,6,2,24,953
0,1,1,1,59,12,55,6,2,81,954
0,2,1,0,0,5,99,4,2,222,955
0,2,1,0,0,6,99,2,2,52,956
0,2,1,0,0,9,99,6,2,94,957
0,1,1,1,40,7,15,3,2,115,958
0,1,1,2,38,8,17,6,2,219,959
0,2,0,0,0,2,99,2,2,154,960
0,1,1,0,59,15,40,7,2,133,961
0,1,1,1,40,8,18,3,2,86,962
0,1,1,1,59,10,21,7,2,112,963
0,0,0,0,0,0,99,3,0,134,964
0,2,0,0,0,4,99,4,2,207,965
0,1,1,1,41,10,17,6,2,96,966
0,1,1,1,50,10,53,7,2,69,967
0,0,0,0,0,0,99,0,0,15,968
0,2,1,0,0,7,99,4,2,64,969
0,2,0,0,0,5,99,2,2,118,970
0,2,0,0,0,2,99,3,2,225,971
0,1,1,2,43,6,17,5,2,104,972
0,1,1,1,59,31,24,9,2,127,973
0,1,0,0,59,2,99,3,2,46,974
0,1,1,2,43,12,13,7,2,8,975
0,1,1,1,33,12,12,7,2,220,976
0,2,0,0,0,6,99,2,2,126,977
0,1,1,1,59,5,18,3,2,211,978
0,1,1,1,59,14,20,8,2,36,979
0,1,1,2,51,9,88,7,2,228,980
0,2,1,0,0,2,99,3,2,2,981
0,1,1,0,40,11,26,7,2,68,982
0,2,0,0,0,3,99,2,2,115,983
0,2,1,0,0,3,99,3,2,135,984
0,1,1,2,48,9,14,6,2,104,985
0,1,1,1,59,7,27,6,2,179,986
0,1,1,1,59,1,41,5,2,180,987
0,1,1,0,59,8,79,7,2,38,988
0,2,0,0,0,6,99,3,2,21,989
0,1,1,2,59,35,9,6,2,24,990
0,1,1,2,39,9,21,6,2,11,991
0,2,0,0,0,3,99,5,2,69,992
0,1,1,1,59,12,73,6,2,81,993
0,2,0,0,0,6,99,4,2,24,994
0,2,1,0,0,5,99,5,2,92,995
0,1,1,1,59,6,27,5,2,59,996
0,2,0,0,0,2,99,4,2,216,997
0,0,0,0,0,0,99,0,0,232,998
0,2,0,0,0,99,99,6,2,32,999
