gender,age,signup_method,signup_flow,language,affiliate_channel,affiliate_provider,first_affiliate_tracked,signup_app,first_device_type,first_browser,country_destination,user_id
2.0,44,0.0,0,2.0,2.0,6.0,6.0,2.0,7.0,0.0,9.0,0
1.0,39,0.0,25,2.0,2.0,6.0,3.0,2.0,6.0,8.0,9.0,1
1.0,62,1.0,0,2.0,2.0,2.0,3.0,2.0,3.0,13.0,9.0,2
2.0,25,0.0,0,2.0,2.0,6.0,0.0,2.0,3.0,13.0,10.0,3
1.0,41,1.0,0,2.0,4.0,2.0,6.0,2.0,3.0,0.0,9.0,4
2.0,26,1.0,25,2.0,2.0,2.0,0.0,2.0,3.0,13.0,9.0,5
2.0,43,1.0,0,2.0,0.0,6.0,3.0,3.0,6.0,13.0,9.0,6
1.0,41,0.0,0,2.0,2.0,2.0,6.0,2.0,3.0,9.0,3.0,7
1.0,22,0.0,0,2.0,2.0,6.0,0.0,2.0,6.0,13.0,6.0,8
2.0,38,0.0,0,2.0,2.0,4.0,6.0,2.0,3.0,0.0,9.0,9
2.0,28,0.0,12,2.0,5.0,2.0,6.0,2.0,3.0,13.0,9.0,10
1.0,23,1.0,0,2.0,2.0,2.0,0.0,2.0,6.0,13.0,10.0,11
2.0,47,1.0,25,2.0,2.0,2.0,3.0,2.0,3.0,0.0,9.0,12
2.0,31,0.0,0,2.0,5.0,6.0,6.0,2.0,3.0,8.0,4.0,13
1.0,36,0.0,0,2.0,5.0,2.0,0.0,2.0,3.0,8.0,9.0,14
2.0,35,0.0,0,2.0,7.0,2.0,0.0,0.0,3.0,0.0,10.0,15
1.0,33,0.0,0,2.0,2.0,6.0,0.0,2.0,6.0,5.0,3.0,16
2.0,25,0.0,0,2.0,5.0,2.0,6.0,2.0,3.0,13.0,9.0,17
0.0,23,1.0,0,2.0,7.0,0.0,0.0,3.0,3.0,5.0,9.0,18
0.0,41,0.0,0,2.0,2.0,6.0,6.0,2.0,4.0,5.0,9.0,19
0.0,29,0.0,0,2.0,2.0,2.0,0.0,2.0,6.0,13.0,6.0,20
0.0,54,0.0,0,2.0,2.0,6.0,0.0,2.0,3.0,5.0,10.0,21
0.0,29,0.0,0,2.0,5.0,2.0,6.0,2.0,6.0,5.0,4.0,22
2.0,30,0.0,0,2.0,5.0,9.0,6.0,3.0,6.0,5.0,9.0,23
2.0,43,0.0,0,2.0,2.0,2.0,6.0,3.0,6.0,5.0,9.0,24
0.0,33,0.0,0,2.0,0.0,6.0,6.0,2.0,8.0,5.0,9.0,25
0.0,27,0.0,0,2.0,2.0,6.0,6.0,2.0,6.0,8.0,9.0,26
1.0,29,1.0,25,2.0,5.0,2.0,3.0,2.0,6.0,13.0,10.0,27
2.0,29,1.0,12,2.0,2.0,6.0,6.0,3.0,6.0,9.0,9.0,28
1.0,56,0.0,0,2.0,6.0,2.0,6.0,3.0,6.0,5.0,4.0,29
1.0,29,0.0,0,2.0,5.0,9.0,6.0,2.0,3.0,5.0,9.0,30
1.0,39,0.0,0,2.0,2.0,6.0,5.0,2.0,8.0,5.0,5.0,31
1.0,63,0.0,12,2.0,5.0,1.0,0.0,3.0,6.0,0.0,9.0,32
2.0,35,0.0,0,2.0,0.0,2.0,3.0,2.0,4.0,13.0,9.0,33
1.0,35,1.0,0,2.0,2.0,6.0,3.0,2.0,8.0,13.0,9.0,34
0.0,24,1.0,0,2.0,2.0,2.0,6.0,2.0,3.0,5.0,1.0,35
2.0,40,1.0,0,2.0,2.0,2.0,0.0,3.0,0.0,5.0,9.0,36
1.0,26,0.0,12,2.0,2.0,6.0,0.0,1.0,6.0,5.0,9.0,37
1.0,21,1.0,0,2.0,5.0,6.0,6.0,0.0,3.0,0.0,9.0,38
2.0,54,0.0,0,2.0,2.0,6.0,0.0,0.0,6.0,13.0,9.0,39
0.0,27,0.0,0,2.0,2.0,2.0,3.0,2.0,3.0,8.0,9.0,40
0.0,32,0.0,0,2.0,5.0,2.0,6.0,2.0,8.0,8.0,9.0,41
2.0,30,0.0,0,2.0,2.0,6.0,6.0,2.0,8.0,5.0,9.0,42
2.0,24,0.0,23,2.0,2.0,2.0,6.0,2.0,3.0,5.0,9.0,43
1.0,31,1.0,0,2.0,2.0,2.0,0.0,2.0,8.0,0.0,9.0,44
0.0,47,0.0,0,2.0,2.0,6.0,6.0,2.0,4.0,5.0,9.0,45
0.0,19,0.0,0,2.0,6.0,9.0,6.0,2.0,3.0,8.0,9.0,46
1.0,25,1.0,0,2.0,2.0,2.0,0.0,2.0,6.0,13.0,9.0,47
1.0,28,0.0,0,2.0,5.0,2.0,6.0,2.0,6.0,8.0,9.0,48
1.0,60,1.0,0,2.0,7.0,4.0,3.0,0.0,7.0,5.0,9.0,49
2.0,30,0.0,12,2.0,3.0,6.0,0.0,2.0,3.0,0.0,9.0,50
1.0,65,1.0,0,2.0,6.0,2.0,0.0,2.0,6.0,5.0,9.0,51
1.0,50,0.0,0,2.0,7.0,2.0,3.0,2.0,1.0,13.0,9.0,52
2.0,31,0.0,0,2.0,5.0,2.0,6.0,2.0,7.0,9.0,9.0,53
2.0,51,0.0,0,2.0,2.0,6.0,6.0,2.0,8.0,5.0,9.0,54
2.0,23,0.0,0,2.0,2.0,2.0,6.0,3.0,6.0,5.0,5.0,55
2.0,27,0.0,0,2.0,2.0,2.0,6.0,2.0,3.0,13.0,9.0,56
2.0,25,0.0,0,2.0,2.0,6.0,3.0,2.0,8.0,6.0,9.0,57
1.0,34,0.0,0,2.0,2.0,2.0,6.0,2.0,8.0,8.0,9.0,58
0.0,32,0.0,0,2.0,2.0,6.0,6.0,2.0,6.0,9.0,9.0,59
1.0,31,0.0,0,2.0,2.0,2.0,3.0,2.0,3.0,9.0,9.0,60
1.0,44,0.0,0,2.0,7.0,6.0,0.0,2.0,2.0,13.0,8.0,61
1.0,32,1.0,0,2.0,2.0,6.0,6.0,2.0,8.0,5.0,2.0,62
2.0,24,1.0,0,2.0,2.0,6.0,0.0,2.0,3.0,0.0,10.0,63
0.0,34,0.0,0,2.0,2.0,6.0,6.0,3.0,7.0,6.0,9.0,64
2.0,31,0.0,0,2.0,5.0,2.0,6.0,2.0,6.0,13.0,9.0,65
2.0,40,1.0,0,2.0,7.0,1.0,0.0,2.0,8.0,11.0,10.0,66
1.0,316,0.0,12,2.0,2.0,2.0,6.0,2.0,6.0,8.0,9.0,67
2.0,35,0.0,0,2.0,2.0,9.0,6.0,2.0,0.0,13.0,9.0,68
2.0,1337,0.0,25,2.0,5.0,6.0,6.0,2.0,6.0,8.0,3.0,69
2.0,54,0.0,0,2.0,2.0,6.0,6.0,2.0,3.0,0.0,9.0,70
1.0,38,1.0,0,2.0,5.0,2.0,3.0,2.0,6.0,8.0,9.0,71
1.0,24,1.0,0,2.0,2.0,2.0,6.0,2.0,6.0,5.0,9.0,72
0.0,23,0.0,0,2.0,2.0,6.0,6.0,2.0,3.0,8.0,9.0,73
1.0,59,0.0,12,2.0,2.0,6.0,6.0,2.0,2.0,5.0,10.0,74
0.0,31,1.0,0,2.0,2.0,2.0,5.0,2.0,3.0,0.0,10.0,75
2.0,659,1.0,0,2.0,2.0,2.0,3.0,2.0,3.0,8.0,9.0,76
2.0,56,0.0,0,2.0,2.0,6.0,6.0,2.0,8.0,5.0,9.0,77
1.0,32,1.0,0,2.0,2.0,2.0,6.0,2.0,8.0,13.0,9.0,78
1.0,35,1.0,0,2.0,6.0,2.0,6.0,2.0,4.0,11.0,9.0,79
0.0,29,0.0,0,2.0,6.0,6.0,6.0,2.0,3.0,11.0,9.0,80
2.0,35,0.0,0,2.0,2.0,6.0,6.0,2.0,3.0,9.0,9.0,81
0.0,23,0.0,0,2.0,2.0,2.0,6.0,2.0,2.0,5.0,5.0,82
2.0,27,1.0,0,2.0,6.0,6.0,3.0,3.0,3.0,5.0,9.0,83
1.0,27,0.0,0,2.0,7.0,2.0,6.0,2.0,3.0,5.0,9.0,84
2.0,30,0.0,25,2.0,2.0,2.0,6.0,2.0,6.0,0.0,9.0,85
1.0,31,1.0,0,2.0,2.0,2.0,6.0,2.0,6.0,8.0,9.0,86
2.0,21,0.0,25,2.0,2.0,9.0,0.0,2.0,3.0,8.0,9.0,87
2.0,32,0.0,0,2.0,2.0,2.0,6.0,1.0,3.0,13.0,9.0,88
0.0,46,1.0,0,2.0,2.0,6.0,6.0,2.0,6.0,13.0,9.0,89
1.0,35,1.0,0,0.0,2.0,2.0,3.0,2.0,4.0,13.0,9.0,90
0.0,24,1.0,0,2.0,2.0,6.0,6.0,2.0,6.0,5.0,9.0,91
0.0,30,0.0,0,2.0,2.0,6.0,3.0,3.0,7.0,0.0,9.0,92
2.0,25,0.0,0,2.0,5.0,6.0,6.0,2.0,3.0,0.0,9.0,93
1.0,32,0.0,0,2.0,5.0,2.0,6.0,2.0,3.0,9.0,6.0,94
1.0,42,1.0,0,2.0,2.0,2.0,0.0,2.0,3.0,9.0,9.0,95
2.0,50,0.0,0,2.0,2.0,9.0,6.0,2.0,3.0,5.0,9.0,96
0.0,31,0.0,25,2.0,4.0,2.0,3.0,2.0,3.0,13.0,4.0,97
1.0,26,0.0,0,2.0,2.0,2.0,6.0,2.0,6.0,8.0,9.0,98
1.0,25,0.0,0,2.0,5.0,2.0,6.0,2.0,8.0,5.0,9.0,99
1.0,31,0.0,0,13.0,0.0,2.0,6.0,2.0,6.0,5.0,6.0,100
1.0,34,0.0,0,2.0,2.0,6.0,6.0,2.0,3.0,11.0,9.0,101
2.0,32,0.0,0,2.0,2.0,6.0,6.0,2.0,6.0,0.0,9.0,102
2.0,33,1.0,0,2.0,2.0,6.0,6.0,2.0,6.0,9.0,9.0,103
1.0,26,0.0,0,2.0,2.0,2.0,3.0,2.0,6.0,13.0,10.0,104
2.0,32,1.0,0,2.0,2.0,2.0,3.0,2.0,7.0,13.0,9.0,105
2.0,38,0.0,0,2.0,2.0,1.0,5.0,2.0,3.0,5.0,9.0,106
2.0,34,0.0,0,2.0,0.0,2.0,0.0,2.0,3.0,13.0,4.0,107
2.0,41,0.0,0,2.0,2.0,2.0,5.0,2.0,6.0,13.0,9.0,108
0.0,32,1.0,0,2.0,7.0,6.0,6.0,2.0,3.0,11.0,3.0,109
1.0,22,1.0,0,2.0,2.0,2.0,6.0,2.0,6.0,5.0,9.0,110
0.0,62,0.0,24,2.0,2.0,2.0,6.0,2.0,6.0,5.0,10.0,111
2.0,57,1.0,0,2.0,5.0,2.0,4.0,3.0,8.0,11.0,9.0,112
2.0,38,0.0,0,2.0,5.0,2.0,3.0,2.0,3.0,13.0,9.0,113
2.0,25,1.0,0,2.0,7.0,6.0,6.0,2.0,8.0,0.0,9.0,114
2.0,32,0.0,0,2.0,2.0,2.0,0.0,2.0,6.0,8.0,8.0,115
0.0,36,1.0,0,2.0,0.0,2.0,6.0,2.0,6.0,5.0,9.0,116
1.0,35,1.0,0,2.0,7.0,6.0,6.0,2.0,7.0,5.0,9.0,117
2.0,39,0.0,0,2.0,7.0,2.0,3.0,2.0,3.0,0.0,9.0,118
1.0,28,0.0,0,2.0,2.0,6.0,6.0,2.0,2.0,13.0,10.0,119
2.0,27,1.0,0,2.0,7.0,2.0,6.0,2.0,3.0,9.0,9.0,120
0.0,39,1.0,0,2.0,2.0,2.0,6.0,2.0,6.0,13.0,0.0,121
2.0,28,1.0,0,2.0,5.0,6.0,6.0,2.0,3.0,5.0,9.0,122
1.0,23,0.0,25,2.0,2.0,2.0,6.0,2.0,2.0,5.0,10.0,123
2.0,26,1.0,0,2.0,2.0,6.0,0.0,3.0,6.0,5.0,3.0,124
1.0,25,0.0,0,2.0,2.0,6.0,6.0,2.0,6.0,5.0,9.0,125
2.0,43,0.0,0,2.0,2.0,6.0,3.0,2.0,3.0,0.0,9.0,126
0.0,24,0.0,0,2.0,2.0,2.0,6.0,2.0,7.0,13.0,9.0,127
1.0,29,0.0,0,2.0,6.0,2.0,0.0,0.0,3.0,0.0,9.0,128
1.0,30,1.0,0,2.0,5.0,9.0,3.0,2.0,3.0,5.0,9.0,129
1.0,35,1.0,25,2.0,2.0,2.0,6.0,2.0,3.0,0.0,9.0,130
2.0,1355,0.0,0,2.0,0.0,2.0,0.0,3.0,6.0,5.0,9.0,131
0.0,23,0.0,0,2.0,2.0,2.0,3.0,2.0,6.0,13.0,9.0,132
2.0,1522,1.0,0,2.0,2.0,6.0,6.0,2.0,3.0,5.0,2.0,133
2.0,35,1.0,0,2.0,2.0,2.0,0.0,2.0,6.0,13.0,4.0,134
2.0,20,0.0,0,2.0,2.0,2.0,6.0,2.0,3.0,13.0,9.0,135
3.0,35,0.0,0,2.0,2.0,2.0,6.0,2.0,3.0,5.0,9.0,136
2.0,27,1.0,0,2.0,7.0,6.0,6.0,2.0,6.0,5.0,9.0,137
1.0,23,0.0,0,2.0,5.0,2.0,0.0,0.0,6.0,11.0,9.0,138
2.0,33,0.0,25,2.0,2.0,9.0,6.0,2.0,3.0,5.0,9.0,139
1.0,33,0.0,23,2.0,2.0,2.0,6.0,2.0,8.0,5.0,9.0,140
1.0,23,0.0,0,2.0,2.0,6.0,6.0,2.0,8.0,5.0,9.0,141
1.0,49,1.0,0,2.0,2.0,6.0,6.0,2.0,3.0,9.0,9.0,142
2.0,26,1.0,0,2.0,5.0,2.0,6.0,2.0,3.0,11.0,9.0,143
2.0,27,0.0,0,2.0,2.0,2.0,6.0,1.0,3.0,5.0,9.0,144
0.0,35,0.0,0,2.0,2.0,2.0,6.0,2.0,3.0,13.0,9.0,145
2.0,34,1.0,0,2.0,2.0,2.0,6.0,3.0,3.0,0.0,9.0,146
1.0,21,0.0,0,2.0,2.0,6.0,6.0,2.0,6.0,8.0,1.0,147
1.0,30,0.0,0,2.0,2.0,6.0,6.0,2.0,3.0,0.0,9.0,148
2.0,39,0.0,0,2.0,3.0,2.0,0.0,2.0,6.0,2.0,10.0,149
1.0,18,0.0,0,2.0,2.0,2.0,3.0,2.0,3.0,11.0,9.0,150
2.0,31,0.0,12,2.0,0.0,2.0,3.0,2.0,3.0,8.0,3.0,151
1.0,47,0.0,0,2.0,2.0,2.0,4.0,2.0,3.0,0.0,9.0,152
1.0,35,0.0,0,2.0,2.0,2.0,6.0,2.0,3.0,5.0,9.0,153
2.0,35,1.0,0,2.0,2.0,4.0,6.0,2.0,3.0,9.0,9.0,154
1.0,38,0.0,0,2.0,2.0,2.0,6.0,2.0,8.0,5.0,9.0,155
0.0,42,0.0,0,2.0,2.0,2.0,6.0,2.0,3.0,13.0,9.0,156
2.0,27,0.0,0,2.0,5.0,2.0,0.0,2.0,3.0,5.0,9.0,157
1.0,25,0.0,0,2.0,2.0,2.0,6.0,2.0,2.0,13.0,9.0,158
1.0,26,0.0,0,2.0,2.0,2.0,3.0,2.0,3.0,8.0,9.0,159
1.0,32,0.0,0,2.0,2.0,6.0,3.0,2.0,6.0,11.0,6.0,160
0.0,741,0.0,0,2.0,5.0,2.0,3.0,2.0,6.0,8.0,9.0,161
2.0,37,0.0,0,2.0,7.0,2.0,0.0,2.0,6.0,0.0,9.0,162
0.0,54,0.0,25,2.0,2.0,2.0,6.0,2.0,3.0,5.0,9.0,163
0.0,53,0.0,25,2.0,2.0,2.0,6.0,2.0,8.0,5.0,9.0,164
2.0,52,0.0,0,2.0,2.0,6.0,0.0,3.0,3.0,5.0,3.0,165
2.0,47,0.0,0,2.0,2.0,6.0,3.0,2.0,8.0,0.0,10.0,166
1.0,28,0.0,0,2.0,2.0,6.0,3.0,3.0,6.0,8.0,10.0,167
0.0,56,0.0,0,1.0,5.0,2.0,6.0,2.0,7.0,5.0,9.0,168
0.0,49,0.0,0,2.0,2.0,2.0,6.0,2.0,3.0,5.0,9.0,169
0.0,30,1.0,0,2.0,5.0,6.0,3.0,2.0,3.0,8.0,10.0,170
2.0,31,1.0,0,2.0,5.0,2.0,6.0,2.0,3.0,13.0,10.0,171
1.0,45,0.0,0,2.0,2.0,2.0,3.0,2.0,6.0,13.0,9.0,172
2.0,31,0.0,0,2.0,2.0,2.0,6.0,2.0,3.0,0.0,9.0,173
1.0,31,0.0,0,2.0,2.0,2.0,6.0,2.0,3.0,5.0,9.0,174
1.0,57,0.0,0,2.0,2.0,2.0,3.0,2.0,6.0,5.0,10.0,175
1.0,30,1.0,25,2.0,6.0,6.0,6.0,2.0,6.0,8.0,9.0,176
0.0,1995,0.0,0,2.0,2.0,2.0,3.0,2.0,3.0,8.0,6.0,177
1.0,32,1.0,0,2.0,2.0,6.0,6.0,2.0,6.0,13.0,9.0,178
1.0,36,0.0,0,2.0,2.0,2.0,0.0,2.0,3.0,11.0,6.0,179
0.0,27,0.0,0,2.0,2.0,2.0,6.0,3.0,3.0,13.0,9.0,180
1.0,25,0.0,0,2.0,2.0,2.0,3.0,2.0,3.0,13.0,6.0,181
1.0,55,1.0,0,2.0,2.0,6.0,6.0,2.0,3.0,5.0,10.0,182
2.0,26,0.0,0,2.0,0.0,2.0,3.0,2.0,6.0,5.0,9.0,183
0.0,28,0.0,0,2.0,2.0,2.0,6.0,2.0,3.0,13.0,9.0,184
2.0,39,0.0,0,2.0,7.0,2.0,6.0,2.0,3.0,8.0,4.0,185
0.0,34,1.0,0,2.0,0.0,2.0,6.0,0.0,6.0,5.0,4.0,186
2.0,27,1.0,0,2.0,2.0,6.0,6.0,2.0,3.0,5.0,9.0,187
1.0,30,0.0,0,2.0,2.0,2.0,6.0,2.0,7.0,5.0,9.0,188
0.0,53,0.0,0,2.0,5.0,2.0,6.0,2.0,3.0,5.0,9.0,189
1.0,64,0.0,0,2.0,2.0,6.0,6.0,2.0,8.0,5.0,10.0,190
1.0,31,0.0,0,2.0,5.0,2.0,0.0,2.0,3.0,8.0,9.0,191
2.0,23,0.0,0,2.0,2.0,2.0,6.0,2.0,6.0,8.0,9.0,192
1.0,31,0.0,0,2.0,2.0,2.0,0.0,2.0,3.0,0.0,10.0,193
1.0,26,0.0,0,2.0,2.0,2.0,6.0,2.0,6.0,13.0,10.0,194
1.0,55,0.0,0,2.0,6.0,2.0,0.0,2.0,6.0,13.0,9.0,195
0.0,31,0.0,0,2.0,2.0,2.0,6.0,2.0,3.0,5.0,9.0,196
1.0,26,0.0,0,2.0,5.0,2.0,0.0,2.0,6.0,13.0,9.0,197
1.0,32,1.0,25,2.0,2.0,2.0,0.0,2.0,2.0,8.0,9.0,198
2.0,29,0.0,0,2.0,5.0,2.0,6.0,2.0,3.0,5.0,9.0,199
1.0,38,0.0,12,2.0,5.0,2.0,6.0,2.0,3.0,8.0,9.0,200
2.0,25,1.0,0,2.0,2.0,2.0,6.0,2.0,8.0,13.0,4.0,201
1.0,31,0.0,25,2.0,0.0,2.0,6.0,2.0,6.0,8.0,9.0,202
0.0,39,0.0,25,2.0,2.0,6.0,0.0,2.0,8.0,5.0,9.0,203
1.0,844,0.0,0,2.0,2.0,6.0,3.0,2.0,3.0,5.0,9.0,204
0.0,23,0.0,0,2.0,5.0,6.0,0.0,2.0,3.0,5.0,9.0,205
1.0,24,0.0,0,2.0,1.0,6.0,6.0,2.0,3.0,5.0,9.0,206
1.0,26,1.0,0,2.0,2.0,9.0,6.0,2.0,3.0,8.0,9.0,207
1.0,32,0.0,0,2.0,2.0,2.0,0.0,2.0,3.0,13.0,7.0,208
0.0,53,0.0,25,5.0,6.0,6.0,6.0,3.0,3.0,5.0,9.0,209
1.0,31,1.0,0,2.0,2.0,2.0,6.0,2.0,6.0,8.0,9.0,210
2.0,39,0.0,0,2.0,2.0,2.0,3.0,2.0,6.0,5.0,6.0,211
1.0,32,0.0,0,2.0,2.0,2.0,0.0,2.0,3.0,11.0,9.0,212
2.0,31,0.0,0,2.0,5.0,2.0,6.0,2.0,6.0,5.0,9.0,213
0.0,36,1.0,12,0.0,2.0,6.0,6.0,2.0,8.0,6.0,3.0,214
1.0,33,1.0,0,0.0,2.0,6.0,6.0,3.0,6.0,0.0,6.0,215
0.0,35,1.0,0,2.0,2.0,2.0,6.0,2.0,3.0,13.0,9.0,216
2.0,34,1.0,0,2.0,2.0,2.0,3.0,2.0,6.0,9.0,10.0,217
1.0,28,0.0,0,2.0,5.0,6.0,6.0,2.0,3.0,5.0,9.0,218
1.0,41,1.0,0,2.0,2.0,2.0,0.0,2.0,3.0,0.0,9.0,219
0.0,30,1.0,0,2.0,5.0,2.0,6.0,2.0,6.0,5.0,6.0,220
2.0,28,1.0,0,2.0,2.0,2.0,0.0,2.0,6.0,0.0,1.0,221
2.0,40,1.0,0,2.0,7.0,2.0,6.0,2.0,0.0,13.0,10.0,222
0.0,33,0.0,0,2.0,5.0,2.0,6.0,2.0,3.0,9.0,9.0,223
0.0,32,0.0,0,2.0,2.0,6.0,6.0,2.0,3.0,8.0,9.0,224
2.0,30,1.0,0,3.0,2.0,2.0,0.0,2.0,6.0,0.0,9.0,225
0.0,35,1.0,0,2.0,2.0,6.0,3.0,0.0,6.0,5.0,9.0,226
1.0,40,0.0,0,2.0,2.0,2.0,6.0,2.0,6.0,5.0,9.0,227
0.0,32,0.0,0,2.0,2.0,6.0,6.0,2.0,3.0,13.0,9.0,228
2.0,38,1.0,0,2.0,2.0,6.0,6.0,2.0,6.0,0.0,9.0,229
2.0,38,0.0,0,2.0,2.0,6.0,3.0,2.0,6.0,13.0,9.0,230
0.0,55,1.0,0,2.0,5.0,2.0,3.0,3.0,3.0,11.0,9.0,231
1.0,23,0.0,24,2.0,2.0,6.0,5.0,2.0,3.0,5.0,9.0,232
1.0,32,0.0,0,2.0,2.0,6.0,6.0,0.0,6.0,0.0,9.0,233
2.0,22,0.0,12,2.0,2.0,2.0,0.0,2.0,1.0,8.0,1.0,234
0.0,41,0.0,0,2.0,5.0,6.0,6.0,2.0,8.0,9.0,1.0,235
1.0,22,1.0,0,2.0,5.0,2.0,5.0,2.0,3.0,13.0,9.0,236
1.0,25,1.0,0,2.0,5.0,2.0,3.0,2.0,6.0,5.0,9.0,237
2.0,40,1.0,0,2.0,6.0,2.0,6.0,3.0,3.0,13.0,6.0,238
2.0,31,1.0,0,2.0,0.0,2.0,6.0,2.0,3.0,11.0,9.0,239
2.0,36,0.0,0,2.0,2.0,2.0,3.0,1.0,8.0,5.0,9.0,240
1.0,35,0.0,0,2.0,2.0,2.0,6.0,2.0,0.0,5.0,10.0,241
2.0,29,0.0,0,2.0,2.0,2.0,6.0,2.0,6.0,9.0,10.0,242
2.0,47,0.0,0,2.0,2.0,2.0,3.0,2.0,6.0,13.0,9.0,243
1.0,35,1.0,0,2.0,2.0,2.0,6.0,2.0,3.0,13.0,9.0,244
1.0,49,0.0,0,2.0,2.0,2.0,0.0,3.0,3.0,0.0,2.0,245
2.0,109,0.0,25,2.0,5.0,2.0,6.0,2.0,6.0,5.0,9.0,246
2.0,30,1.0,0,2.0,2.0,9.0,6.0,2.0,3.0,13.0,4.0,247
0.0,30,1.0,0,5.0,2.0,2.0,0.0,2.0,3.0,5.0,9.0,248
1.0,26,1.0,25,2.0,2.0,6.0,6.0,2.0,3.0,0.0,10.0,249
2.0,43,0.0,0,2.0,7.0,1.0,0.0,2.0,1.0,5.0,9.0,250
1.0,64,0.0,0,2.0,2.0,2.0,3.0,2.0,6.0,6.0,9.0,251
2.0,38,0.0,25,2.0,5.0,6.0,6.0,3.0,3.0,5.0,9.0,252
1.0,28,1.0,25,2.0,2.0,6.0,3.0,2.0,3.0,0.0,9.0,253
2.0,26,0.0,0,2.0,2.0,2.0,0.0,2.0,6.0,5.0,9.0,254
0.0,26,1.0,0,2.0,5.0,6.0,0.0,2.0,3.0,13.0,6.0,255
0.0,1681,0.0,0,2.0,2.0,2.0,0.0,2.0,6.0,0.0,9.0,256
1.0,53,0.0,0,2.0,6.0,9.0,6.0,2.0,3.0,5.0,9.0,257
1.0,27,1.0,25,2.0,2.0,6.0,3.0,2.0,6.0,5.0,9.0,258
1.0,50,1.0,0,2.0,7.0,2.0,0.0,2.0,6.0,5.0,4.0,259
2.0,25,0.0,0,2.0,2.0,2.0,6.0,2.0,8.0,0.0,9.0,260
0.0,36,0.0,12,2.0,2.0,1.0,0.0,2.0,8.0,8.0,4.0,261
2.0,26,1.0,25,2.0,7.0,2.0,6.0,2.0,3.0,13.0,9.0,262
2.0,29,0.0,0,2.0,2.0,2.0,6.0,2.0,6.0,13.0,4.0,263
1.0,39,1.0,0,2.0,0.0,2.0,0.0,2.0,6.0,13.0,9.0,264
0.0,29,0.0,0,2.0,5.0,2.0,6.0,2.0,6.0,5.0,9.0,265
1.0,23,1.0,0,2.0,5.0,2.0,6.0,2.0,3.0,13.0,10.0,266
0.0,29,0.0,0,2.0,5.0,2.0,3.0,2.0,4.0,8.0,4.0,267
1.0,24,1.0,25,2.0,5.0,1.0,6.0,0.0,3.0,11.0,5.0,268
0.0,1672,0.0,0,2.0,2.0,6.0,0.0,2.0,6.0,0.0,8.0,269
1.0,66,1.0,25,2.0,5.0,6.0,0.0,2.0,3.0,13.0,6.0,270
1.0,65,0.0,25,2.0,6.0,2.0,3.0,3.0,3.0,5.0,9.0,271
2.0,41,1.0,0,2.0,6.0,1.0,3.0,2.0,6.0,5.0,9.0,272
1.0,27,1.0,0,2.0,2.0,2.0,6.0,2.0,6.0,11.0,9.0,273
2.0,53,0.0,0,2.0,2.0,2.0,6.0,2.0,3.0,5.0,10.0,274
2.0,63,0.0,25,2.0,2.0,6.0,0.0,2.0,3.0,5.0,9.0,275
2.0,39,0.0,0,2.0,2.0,6.0,6.0,2.0,6.0,5.0,6.0,276
1.0,67,0.0,0,2.0,2.0,2.0,6.0,2.0,7.0,0.0,10.0,277
1.0,42,1.0,25,2.0,5.0,2.0,6.0,2.0,2.0,0.0,8.0,278
1.0,59,0.0,0,2.0,2.0,2.0,6.0,2.0,6.0,13.0,9.0,279
2.0,34,1.0,0,2.0,7.0,9.0,6.0,2.0,6.0,5.0,9.0,280
2.0,29,0.0,0,2.0,2.0,9.0,6.0,2.0,6.0,5.0,9.0,281
1.0,36,1.0,0,2.0,2.0,2.0,6.0,2.0,3.0,13.0,9.0,282
2.0,27,0.0,0,2.0,2.0,2.0,6.0,3.0,3.0,8.0,10.0,283
1.0,29,1.0,0,2.0,2.0,2.0,3.0,2.0,3.0,13.0,10.0,284
1.0,44,0.0,0,2.0,2.0,6.0,0.0,2.0,3.0,13.0,9.0,285
0.0,26,0.0,0,2.0,2.0,2.0,6.0,2.0,3.0,8.0,9.0,286
2.0,35,1.0,0,2.0,2.0,2.0,3.0,2.0,6.0,5.0,9.0,287
2.0,38,0.0,0,2.0,2.0,2.0,0.0,2.0,4.0,5.0,9.0,288
1.0,36,0.0,0,2.0,2.0,2.0,0.0,2.0,3.0,8.0,9.0,289
2.0,30,1.0,0,2.0,5.0,6.0,6.0,2.0,6.0,8.0,5.0,290
2.0,39,0.0,0,2.0,7.0,9.0,6.0,2.0,7.0,9.0,9.0,291
0.0,25,0.0,0,2.0,6.0,6.0,0.0,2.0,8.0,5.0,10.0,292
0.0,54,0.0,23,2.0,5.0,2.0,0.0,2.0,3.0,11.0,7.0,293
1.0,54,0.0,0,2.0,2.0,6.0,3.0,3.0,8.0,8.0,4.0,294
2.0,48,0.0,0,2.0,5.0,2.0,6.0,2.0,6.0,8.0,4.0,295
2.0,31,0.0,0,2.0,2.0,2.0,3.0,2.0,3.0,13.0,3.0,296
2.0,33,0.0,0,2.0,2.0,2.0,6.0,3.0,3.0,5.0,10.0,297
1.0,32,0.0,23,2.0,7.0,6.0,3.0,2.0,6.0,0.0,4.0,298
0.0,33,1.0,0,2.0,0.0,2.0,0.0,2.0,0.0,13.0,10.0,299
0.0,32,1.0,0,2.0,2.0,2.0,6.0,2.0,3.0,13.0,9.0,300
2.0,33,0.0,0,2.0,2.0,2.0,0.0,2.0,3.0,13.0,9.0,301
2.0,27,0.0,0,2.0,2.0,9.0,6.0,0.0,3.0,9.0,9.0,302
1.0,43,0.0,0,2.0,5.0,2.0,0.0,2.0,3.0,0.0,6.0,303
1.0,41,0.0,0,2.0,2.0,6.0,3.0,2.0,7.0,5.0,9.0,304
0.0,35,0.0,0,2.0,2.0,2.0,6.0,2.0,3.0,5.0,10.0,305
0.0,38,0.0,0,2.0,5.0,6.0,3.0,2.0,3.0,5.0,9.0,306
1.0,31,1.0,0,2.0,2.0,9.0,6.0,2.0,8.0,13.0,9.0,307
2.0,36,0.0,0,2.0,6.0,2.0,6.0,2.0,3.0,9.0,8.0,308
2.0,32,0.0,0,2.0,2.0,2.0,0.0,2.0,3.0,13.0,9.0,309
1.0,32,0.0,0,2.0,2.0,2.0,3.0,3.0,3.0,11.0,9.0,310
1.0,29,0.0,0,2.0,5.0,2.0,6.0,2.0,3.0,5.0,9.0,311
0.0,25,1.0,0,2.0,4.0,2.0,3.0,2.0,3.0,5.0,2.0,312
0.0,31,0.0,0,2.0,2.0,2.0,0.0,2.0,3.0,5.0,9.0,313
2.0,34,0.0,0,2.0,2.0,2.0,3.0,2.0,6.0,5.0,9.0,314
2.0,36,0.0,0,2.0,2.0,2.0,6.0,2.0,3.0,0.0,4.0,315
2.0,50,0.0,0,2.0,7.0,6.0,0.0,2.0,6.0,13.0,9.0,316
2.0,24,1.0,25,2.0,2.0,2.0,6.0,2.0,6.0,5.0,9.0,317
1.0,29,0.0,0,2.0,2.0,6.0,6.0,2.0,8.0,5.0,9.0,318
2.0,29,0.0,0,2.0,2.0,2.0,3.0,2.0,3.0,13.0,9.0,319
2.0,30,0.0,0,2.0,2.0,2.0,6.0,2.0,6.0,11.0,9.0,320
1.0,23,0.0,0,2.0,2.0,6.0,3.0,2.0,6.0,5.0,9.0,321
2.0,1141,0.0,0,2.0,2.0,2.0,6.0,2.0,8.0,13.0,9.0,322
1.0,24,0.0,0,2.0,2.0,6.0,3.0,2.0,3.0,8.0,9.0,323
1.0,31,0.0,0,2.0,2.0,2.0,0.0,2.0,6.0,11.0,3.0,324
2.0,44,0.0,0,2.0,2.0,2.0,3.0,2.0,3.0,8.0,9.0,325
1.0,47,0.0,23,2.0,2.0,2.0,0.0,3.0,8.0,9.0,10.0,326
1.0,27,0.0,0,2.0,2.0,2.0,3.0,2.0,8.0,5.0,9.0,327
1.0,48,0.0,0,2.0,5.0,2.0,6.0,2.0,8.0,5.0,9.0,328
1.0,56,1.0,0,2.0,7.0,6.0,6.0,2.0,3.0,8.0,9.0,329
2.0,31,0.0,0,2.0,5.0,6.0,0.0,2.0,8.0,5.0,4.0,330
2.0,35,0.0,0,2.0,0.0,2.0,6.0,2.0,4.0,8.0,5.0,331
1.0,41,0.0,0,2.0,2.0,6.0,3.0,2.0,3.0,13.0,9.0,332
0.0,24,0.0,0,2.0,2.0,6.0,6.0,3.0,3.0,13.0,9.0,333
2.0,30,0.0,0,2.0,2.0,2.0,3.0,2.0,6.0,13.0,9.0,334
1.0,30,0.0,0,2.0,2.0,6.0,6.0,2.0,3.0,5.0,9.0,335
0.0,55,0.0,0,2.0,5.0,2.0,0.0,2.0,6.0,13.0,6.0,336
2.0,29,0.0,0,2.0,2.0,6.0,6.0,2.0,8.0,0.0,9.0,337
2.0,32,0.0,0,2.0,2.0,2.0,0.0,2.0,3.0,5.0,9.0,338
1.0,53,0.0,0,2.0,2.0,2.0,6.0,2.0,3.0,9.0,9.0,339
2.0,31,1.0,0,2.0,2.0,6.0,0.0,2.0,6.0,13.0,0.0,340
1.0,28,1.0,0,2.0,2.0,2.0,3.0,2.0,6.0,8.0,2.0,341
2.0,23,0.0,0,2.0,2.0,2.0,3.0,2.0,3.0,11.0,9.0,342
2.0,20,1.0,0,2.0,2.0,2.0,6.0,3.0,1.0,13.0,9.0,343
0.0,29,0.0,24,2.0,2.0,2.0,6.0,1.0,6.0,0.0,4.0,344
2.0,27,0.0,0,2.0,5.0,6.0,6.0,2.0,3.0,13.0,6.0,345
1.0,59,1.0,0,2.0,5.0,2.0,6.0,2.0,3.0,5.0,2.0,346
2.0,33,0.0,0,0.0,2.0,6.0,6.0,2.0,2.0,5.0,9.0,347
1.0,27,0.0,0,2.0,2.0,2.0,6.0,2.0,7.0,13.0,4.0,348
2.0,32,1.0,0,2.0,2.0,2.0,6.0,2.0,3.0,5.0,6.0,349
2.0,53,0.0,0,2.0,6.0,6.0,6.0,2.0,4.0,0.0,9.0,350
1.0,37,0.0,0,2.0,2.0,2.0,6.0,2.0,7.0,5.0,6.0,351
1.0,21,0.0,0,2.0,2.0,2.0,3.0,2.0,7.0,5.0,9.0,352
2.0,59,1.0,0,2.0,7.0,2.0,6.0,2.0,6.0,5.0,4.0,353
1.0,26,0.0,0,2.0,5.0,2.0,6.0,2.0,3.0,0.0,9.0,354
2.0,35,0.0,0,2.0,2.0,2.0,3.0,2.0,6.0,13.0,9.0,355
0.0,44,1.0,0,2.0,2.0,2.0,6.0,1.0,3.0,13.0,9.0,356
2.0,30,0.0,0,2.0,2.0,2.0,3.0,3.0,6.0,11.0,9.0,357
2.0,31,0.0,0,2.0,7.0,2.0,6.0,0.0,3.0,0.0,10.0,358
1.0,24,0.0,0,2.0,2.0,2.0,6.0,2.0,8.0,8.0,9.0,359
0.0,24,0.0,0,2.0,2.0,2.0,6.0,2.0,7.0,5.0,6.0,360
0.0,28,0.0,0,2.0,5.0,2.0,6.0,2.0,3.0,5.0,9.0,361
1.0,30,1.0,25,2.0,2.0,2.0,0.0,2.0,8.0,0.0,9.0,362
1.0,32,0.0,12,2.0,5.0,2.0,6.0,2.0,3.0,8.0,9.0,363
1.0,32,0.0,0,2.0,6.0,6.0,6.0,2.0,8.0,5.0,9.0,364
1.0,23,1.0,0,2.0,2.0,2.0,0.0,3.0,3.0,5.0,9.0,365
1.0,57,0.0,0,2.0,2.0,2.0,6.0,2.0,8.0,5.0,4.0,366
0.0,34,0.0,0,2.0,2.0,2.0,0.0,2.0,6.0,9.0,3.0,367
1.0,24,0.0,0,2.0,5.0,2.0,6.0,2.0,8.0,5.0,9.0,368
1.0,32,0.0,0,2.0,2.0,2.0,3.0,2.0,3.0,13.0,9.0,369
0.0,32,1.0,0,2.0,2.0,6.0,6.0,2.0,3.0,13.0,9.0,370
1.0,29,0.0,0,2.0,2.0,2.0,6.0,2.0,3.0,5.0,9.0,371
2.0,26,0.0,0,2.0,2.0,2.0,0.0,2.0,7.0,8.0,9.0,372
0.0,28,0.0,0,2.0,5.0,2.0,6.0,2.0,3.0,5.0,10.0,373
0.0,24,0.0,0,2.0,7.0,2.0,3.0,2.0,6.0,5.0,9.0,374
0.0,32,0.0,0,2.0,5.0,2.0,6.0,2.0,6.0,13.0,9.0,375
2.0,56,1.0,0,2.0,2.0,2.0,6.0,2.0,3.0,5.0,9.0,376
1.0,31,1.0,0,2.0,2.0,2.0,0.0,2.0,6.0,6.0,9.0,377
0.0,1119,0.0,0,2.0,7.0,6.0,6.0,3.0,3.0,5.0,9.0,378
2.0,43,0.0,0,2.0,2.0,2.0,6.0,2.0,3.0,13.0,10.0,379
1.0,27,1.0,0,2.0,5.0,2.0,0.0,2.0,3.0,8.0,9.0,380
2.0,42,1.0,0,2.0,2.0,2.0,6.0,2.0,3.0,5.0,9.0,381
1.0,38,0.0,0,2.0,5.0,6.0,3.0,3.0,4.0,8.0,9.0,382
1.0,40,0.0,0,2.0,2.0,6.0,6.0,2.0,6.0,13.0,9.0,383
2.0,30,0.0,0,2.0,2.0,2.0,6.0,2.0,6.0,8.0,9.0,384
2.0,33,0.0,0,2.0,2.0,2.0,6.0,2.0,3.0,5.0,10.0,385
1.0,576,1.0,0,2.0,2.0,2.0,6.0,2.0,3.0,5.0,1.0,386
1.0,62,0.0,25,2.0,2.0,2.0,6.0,2.0,3.0,13.0,9.0,387
2.0,25,1.0,0,2.0,2.0,6.0,0.0,2.0,4.0,5.0,9.0,388
2.0,47,0.0,0,2.0,7.0,2.0,6.0,3.0,3.0,13.0,9.0,389
1.0,21,0.0,0,2.0,2.0,2.0,6.0,2.0,6.0,9.0,9.0,390
1.0,32,0.0,0,2.0,2.0,2.0,3.0,2.0,3.0,5.0,5.0,391
1.0,26,1.0,0,2.0,2.0,2.0,6.0,2.0,3.0,11.0,9.0,392
2.0,65,0.0,0,2.0,2.0,2.0,6.0,3.0,3.0,13.0,9.0,393
2.0,47,0.0,0,2.0,2.0,6.0,3.0,2.0,7.0,9.0,9.0,394
0.0,29,0.0,23,2.0,2.0,2.0,0.0,2.0,8.0,13.0,9.0,395
1.0,55,0.0,25,2.0,2.0,6.0,6.0,0.0,3.0,11.0,9.0,396
0.0,27,0.0,0,2.0,2.0,2.0,6.0,2.0,6.0,5.0,6.0,397
1.0,33,1.0,0,2.0,2.0,2.0,3.0,2.0,6.0,9.0,9.0,398
0.0,31,0.0,23,2.0,2.0,2.0,3.0,2.0,3.0,5.0,10.0,399
1.0,31,0.0,0,2.0,5.0,2.0,0.0,2.0,3.0,11.0,9.0,400
0.0,18,1.0,0,2.0,2.0,2.0,6.0,2.0,3.0,5.0,9.0,401
2.0,28,0.0,12,2.0,5.0,2.0,6.0,3.0,3.0,5.0,9.0,402
2.0,35,1.0,0,2.0,5.0,2.0,6.0,2.0,3.0,0.0,9.0,403
1.0,49,1.0,0,2.0,2.0,2.0,6.0,3.0,3.0,0.0,9.0,404
1.0,30,1.0,0,2.0,0.0,6.0,0.0,2.0,3.0,5.0,9.0,405
2.0,51,0.0,0,2.0,7.0,2.0,0.0,2.0,6.0,9.0,10.0,406
0.0,25,1.0,0,2.0,2.0,2.0,0.0,2.0,7.0,8.0,9.0,407
1.0,35,0.0,0,0.0,5.0,6.0,3.0,2.0,6.0,5.0,6.0,408
2.0,150,0.0,0,2.0,2.0,2.0,0.0,2.0,6.0,5.0,10.0,409
0.0,42,0.0,0,2.0,2.0,1.0,3.0,2.0,6.0,0.0,9.0,410
1.0,31,0.0,0,2.0,2.0,2.0,3.0,2.0,6.0,8.0,9.0,411
0.0,34,0.0,0,2.0,2.0,2.0,6.0,2.0,3.0,0.0,9.0,412
2.0,19,1.0,0,2.0,2.0,2.0,6.0,3.0,6.0,13.0,9.0,413
2.0,53,0.0,12,2.0,2.0,2.0,0.0,3.0,3.0,5.0,10.0,414
2.0,31,0.0,25,2.0,2.0,2.0,6.0,2.0,3.0,11.0,6.0,415
0.0,64,0.0,0,2.0,6.0,6.0,6.0,2.0,3.0,5.0,10.0,416
2.0,27,1.0,0,2.0,5.0,1.0,4.0,2.0,6.0,9.0,1.0,417
2.0,24,1.0,0,2.0,2.0,2.0,0.0,2.0,7.0,5.0,9.0,418
1.0,61,0.0,0,2.0,5.0,6.0,0.0,2.0,3.0,0.0,4.0,419
1.0,32,0.0,25,2.0,2.0,2.0,6.0,2.0,0.0,11.0,10.0,420
2.0,40,0.0,0,2.0,2.0,2.0,6.0,3.0,3.0,0.0,9.0,421
0.0,35,0.0,0,2.0,2.0,2.0,6.0,2.0,7.0,0.0,9.0,422
1.0,52,0.0,25,2.0,6.0,2.0,6.0,0.0,6.0,5.0,9.0,423
2.0,35,0.0,0,2.0,2.0,2.0,6.0,2.0,3.0,8.0,9.0,424
1.0,33,1.0,0,2.0,5.0,2.0,6.0,2.0,3.0,8.0,10.0,425
1.0,37,0.0,0,2.0,7.0,2.0,3.0,2.0,3.0,13.0,5.0,426
2.0,44,0.0,25,2.0,5.0,2.0,6.0,2.0,6.0,13.0,9.0,427
2.0,23,1.0,0,2.0,2.0,6.0,6.0,2.0,7.0,11.0,9.0,428
1.0,36,0.0,0,2.0,2.0,9.0,0.0,2.0,7.0,5.0,10.0,429
1.0,55,0.0,0,2.0,5.0,9.0,3.0,2.0,3.0,5.0,9.0,430
2.0,47,1.0,0,2.0,5.0,6.0,0.0,2.0,6.0,8.0,3.0,431
2.0,27,0.0,0,2.0,2.0,2.0,6.0,2.0,6.0,11.0,9.0,432
1.0,43,0.0,0,2.0,2.0,2.0,6.0,2.0,7.0,13.0,3.0,433
2.0,19,1.0,0,2.0,5.0,2.0,6.0,2.0,3.0,5.0,9.0,434
1.0,32,0.0,0,2.0,2.0,2.0,3.0,0.0,6.0,8.0,8.0,435
1.0,35,1.0,0,2.0,6.0,2.0,3.0,2.0,3.0,9.0,9.0,436
0.0,35,1.0,0,2.0,2.0,6.0,6.0,2.0,3.0,13.0,9.0,437
1.0,61,0.0,12,2.0,2.0,6.0,6.0,2.0,6.0,0.0,10.0,438
2.0,46,0.0,0,2.0,2.0,4.0,3.0,2.0,3.0,13.0,9.0,439
2.0,35,1.0,25,2.0,5.0,2.0,6.0,2.0,6.0,8.0,9.0,440
0.0,31,0.0,0,2.0,2.0,6.0,6.0,2.0,3.0,8.0,9.0,441
1.0,32,1.0,0,2.0,5.0,6.0,6.0,2.0,6.0,13.0,3.0,442
2.0,39,0.0,0,2.0,2.0,2.0,6.0,2.0,3.0,13.0,9.0,443
1.0,45,1.0,0,2.0,2.0,2.0,0.0,2.0,6.0,13.0,9.0,444
1.0,39,0.0,0,2.0,6.0,9.0,0.0,2.0,3.0,5.0,9.0,445
0.0,50,1.0,0,7.0,6.0,2.0,0.0,2.0,3.0,8.0,3.0,446
0.0,40,0.0,0,2.0,2.0,2.0,6.0,2.0,6.0,13.0,9.0,447
1.0,49,1.0,25,2.0,2.0,6.0,3.0,2.0,8.0,5.0,5.0,448
1.0,45,0.0,25,5.0,2.0,2.0,3.0,2.0,6.0,0.0,9.0,449
1.0,30,0.0,0,2.0,6.0,6.0,6.0,2.0,3.0,13.0,9.0,450
0.0,43,1.0,0,2.0,7.0,2.0,0.0,3.0,7.0,11.0,4.0,451
2.0,30,0.0,0,2.0,6.0,6.0,6.0,2.0,8.0,13.0,1.0,452
0.0,47,0.0,0,2.0,2.0,2.0,6.0,2.0,7.0,11.0,9.0,453
1.0,32,0.0,0,2.0,2.0,2.0,6.0,2.0,8.0,8.0,9.0,454
1.0,32,1.0,25,2.0,2.0,2.0,6.0,2.0,6.0,9.0,9.0,455
2.0,25,0.0,0,2.0,2.0,2.0,6.0,3.0,3.0,5.0,9.0,456
2.0,30,0.0,0,2.0,2.0,6.0,0.0,2.0,3.0,5.0,10.0,457
2.0,33,0.0,25,2.0,0.0,2.0,6.0,1.0,3.0,5.0,6.0,458
2.0,46,0.0,0,2.0,2.0,6.0,6.0,1.0,3.0,9.0,9.0,459
2.0,30,1.0,0,2.0,2.0,2.0,0.0,2.0,3.0,0.0,9.0,460
1.0,22,0.0,0,2.0,5.0,2.0,6.0,2.0,6.0,13.0,4.0,461
0.0,40,0.0,0,2.0,2.0,2.0,6.0,3.0,7.0,5.0,4.0,462
2.0,27,1.0,12,2.0,2.0,2.0,6.0,2.0,6.0,5.0,10.0,463
1.0,32,0.0,0,2.0,2.0,6.0,6.0,2.0,6.0,5.0,9.0,464
2.0,26,0.0,25,2.0,2.0,2.0,6.0,2.0,6.0,5.0,9.0,465
1.0,22,0.0,0,2.0,2.0,2.0,6.0,3.0,1.0,5.0,10.0,466
1.0,29,0.0,0,2.0,2.0,2.0,6.0,2.0,3.0,5.0,10.0,467
2.0,44,0.0,25,2.0,5.0,6.0,3.0,2.0,6.0,5.0,9.0,468
0.0,30,0.0,0,2.0,2.0,2.0,6.0,2.0,3.0,5.0,9.0,469
1.0,26,0.0,0,2.0,7.0,6.0,3.0,2.0,6.0,8.0,9.0,470
2.0,31,0.0,0,2.0,6.0,2.0,6.0,2.0,7.0,11.0,9.0,471
1.0,22,0.0,0,2.0,2.0,1.0,0.0,2.0,8.0,0.0,10.0,472
1.0,675,0.0,0,2.0,5.0,2.0,6.0,2.0,3.0,5.0,9.0,473
2.0,26,0.0,0,2.0,2.0,4.0,0.0,2.0,0.0,13.0,9.0,474
1.0,36,0.0,0,2.0,2.0,2.0,0.0,2.0,6.0,13.0,5.0,475
2.0,43,0.0,0,2.0,7.0,6.0,6.0,2.0,6.0,11.0,9.0,476
0.0,26,1.0,0,0.0,2.0,2.0,0.0,2.0,3.0,5.0,9.0,477
2.0,26,0.0,0,2.0,2.0,2.0,3.0,2.0,3.0,0.0,9.0,478
1.0,27,0.0,0,2.0,5.0,2.0,3.0,2.0,3.0,8.0,9.0,479
2.0,24,1.0,0,2.0,2.0,2.0,6.0,2.0,6.0,0.0,6.0,480
1.0,933,0.0,0,2.0,5.0,2.0,3.0,3.0,6.0,5.0,9.0,481
2.0,32,0.0,0,2.0,2.0,6.0,6.0,2.0,6.0,5.0,9.0,482
0.0,39,0.0,0,2.0,5.0,2.0,6.0,2.0,3.0,13.0,9.0,483
0.0,22,0.0,0,2.0,5.0,1.0,6.0,3.0,3.0,0.0,9.0,484
1.0,32,1.0,0,2.0,2.0,6.0,6.0,2.0,3.0,5.0,10.0,485
2.0,34,1.0,0,2.0,2.0,6.0,3.0,2.0,6.0,5.0,9.0,486
2.0,32,0.0,0,2.0,7.0,2.0,6.0,2.0,7.0,5.0,9.0,487
2.0,27,0.0,0,2.0,2.0,6.0,6.0,2.0,3.0,5.0,9.0,488
1.0,23,0.0,0,2.0,5.0,6.0,3.0,2.0,3.0,13.0,4.0,489
2.0,38,0.0,0,2.0,5.0,2.0,0.0,2.0,7.0,13.0,9.0,490
1.0,32,1.0,0,2.0,5.0,2.0,0.0,2.0,6.0,5.0,6.0,491
1.0,58,0.0,0,2.0,5.0,2.0,3.0,2.0,0.0,8.0,4.0,492
2.0,45,0.0,0,2.0,2.0,2.0,3.0,2.0,6.0,13.0,4.0,493
2.0,30,0.0,0,2.0,2.0,2.0,0.0,2.0,6.0,11.0,1.0,494
1.0,64,0.0,25,2.0,2.0,2.0,5.0,2.0,6.0,8.0,9.0,495
1.0,38,0.0,0,2.0,2.0,2.0,6.0,2.0,3.0,5.0,9.0,496
2.0,28,0.0,25,2.0,6.0,2.0,0.0,2.0,3.0,0.0,9.0,497
1.0,35,0.0,0,2.0,2.0,2.0,6.0,2.0,3.0,13.0,4.0,498
1.0,31,0.0,0,2.0,2.0,6.0,0.0,2.0,3.0,0.0,9.0,499
2.0,56,1.0,25,2.0,2.0,6.0,6.0,2.0,6.0,5.0,4.0,500
0.0,38,0.0,0,2.0,7.0,2.0,6.0,2.0,8.0,11.0,9.0,501
1.0,26,0.0,0,2.0,6.0,2.0,6.0,3.0,6.0,11.0,9.0,502
0.0,31,0.0,25,2.0,2.0,2.0,3.0,2.0,3.0,13.0,9.0,503
1.0,24,1.0,0,2.0,2.0,2.0,6.0,2.0,3.0,11.0,9.0,504
1.0,45,0.0,0,2.0,2.0,9.0,0.0,2.0,3.0,5.0,6.0,505
1.0,51,1.0,0,2.0,2.0,2.0,0.0,2.0,6.0,8.0,9.0,506
1.0,51,1.0,0,2.0,2.0,9.0,6.0,2.0,3.0,0.0,10.0,507
2.0,35,0.0,0,2.0,2.0,2.0,6.0,2.0,6.0,5.0,10.0,508
2.0,46,1.0,0,2.0,2.0,2.0,3.0,2.0,3.0,0.0,9.0,509
2.0,44,0.0,0,2.0,2.0,2.0,3.0,2.0,6.0,0.0,10.0,510
1.0,49,0.0,0,2.0,2.0,6.0,6.0,2.0,6.0,13.0,9.0,511
1.0,35,0.0,0,3.0,0.0,2.0,6.0,2.0,3.0,9.0,9.0,512
1.0,35,0.0,0,2.0,2.0,2.0,3.0,2.0,6.0,5.0,10.0,513
1.0,32,0.0,0,2.0,2.0,2.0,6.0,2.0,3.0,5.0,4.0,514
2.0,27,0.0,0,2.0,2.0,2.0,6.0,0.0,3.0,9.0,9.0,515
2.0,24,0.0,0,2.0,5.0,2.0,3.0,2.0,6.0,9.0,9.0,516
0.0,32,1.0,0,2.0,2.0,2.0,6.0,0.0,6.0,5.0,10.0,517
2.0,34,0.0,0,2.0,2.0,2.0,6.0,3.0,3.0,8.0,4.0,518
2.0,25,0.0,12,2.0,2.0,6.0,6.0,2.0,6.0,5.0,9.0,519
1.0,1485,0.0,0,2.0,6.0,2.0,6.0,3.0,6.0,5.0,9.0,520
1.0,42,0.0,0,2.0,2.0,2.0,6.0,2.0,7.0,13.0,9.0,521
2.0,35,0.0,25,2.0,5.0,2.0,6.0,2.0,8.0,0.0,4.0,522
1.0,27,0.0,0,2.0,2.0,2.0,6.0,2.0,3.0,0.0,9.0,523
2.0,54,0.0,0,2.0,2.0,6.0,3.0,3.0,3.0,5.0,2.0,524
1.0,31,0.0,0,2.0,2.0,6.0,6.0,2.0,6.0,5.0,9.0,525
2.0,67,0.0,0,2.0,2.0,2.0,6.0,2.0,7.0,11.0,4.0,526
1.0,59,0.0,0,2.0,5.0,2.0,6.0,2.0,6.0,0.0,9.0,527
2.0,22,0.0,25,2.0,2.0,6.0,6.0,3.0,6.0,5.0,9.0,528
2.0,27,0.0,25,2.0,2.0,2.0,6.0,2.0,6.0,0.0,9.0,529
2.0,29,1.0,25,2.0,5.0,9.0,0.0,2.0,3.0,9.0,9.0,530
1.0,46,1.0,0,2.0,2.0,6.0,0.0,2.0,3.0,13.0,9.0,531
2.0,52,1.0,0,2.0,2.0,6.0,6.0,2.0,3.0,8.0,9.0,532
1.0,32,0.0,0,2.0,5.0,2.0,6.0,2.0,3.0,9.0,9.0,533
1.0,30,0.0,0,2.0,2.0,6.0,6.0,2.0,6.0,11.0,9.0,534
2.0,30,0.0,0,2.0,2.0,2.0,6.0,2.0,3.0,5.0,9.0,535
1.0,25,0.0,0,2.0,2.0,9.0,0.0,3.0,8.0,5.0,9.0,536
2.0,34,0.0,0,2.0,2.0,2.0,6.0,2.0,6.0,8.0,2.0,537
2.0,44,0.0,0,2.0,2.0,2.0,6.0,2.0,3.0,13.0,9.0,538
0.0,32,0.0,23,2.0,5.0,6.0,6.0,2.0,0.0,5.0,9.0,539
0.0,43,1.0,0,2.0,7.0,2.0,3.0,2.0,3.0,5.0,9.0,540
1.0,34,1.0,0,2.0,5.0,2.0,0.0,2.0,6.0,5.0,9.0,541
2.0,60,0.0,0,2.0,2.0,6.0,3.0,2.0,3.0,13.0,9.0,542
2.0,32,0.0,0,2.0,2.0,2.0,6.0,2.0,6.0,13.0,9.0,543
1.0,37,1.0,0,2.0,6.0,2.0,3.0,2.0,3.0,13.0,9.0,544
2.0,35,1.0,0,2.0,2.0,6.0,6.0,2.0,6.0,13.0,9.0,545
2.0,23,0.0,0,2.0,2.0,2.0,3.0,2.0,3.0,5.0,9.0,546
2.0,33,0.0,0,2.0,7.0,6.0,6.0,3.0,8.0,5.0,5.0,547
2.0,31,0.0,0,2.0,2.0,2.0,6.0,2.0,6.0,9.0,9.0,548
2.0,26,0.0,0,2.0,2.0,2.0,3.0,2.0,6.0,8.0,6.0,549
0.0,154,0.0,0,2.0,5.0,2.0,3.0,2.0,3.0,8.0,10.0,550
1.0,27,0.0,0,2.0,2.0,2.0,6.0,2.0,3.0,5.0,9.0,551
2.0,42,0.0,0,2.0,2.0,6.0,6.0,2.0,3.0,13.0,9.0,552
2.0,35,0.0,0,2.0,5.0,2.0,6.0,2.0,6.0,8.0,9.0,553
2.0,23,1.0,0,13.0,2.0,9.0,0.0,2.0,6.0,9.0,9.0,554
1.0,32,0.0,0,2.0,0.0,9.0,3.0,2.0,3.0,8.0,9.0,555
1.0,35,0.0,25,2.0,2.0,2.0,3.0,2.0,8.0,9.0,9.0,556
1.0,49,0.0,0,2.0,6.0,2.0,0.0,2.0,8.0,11.0,9.0,557
1.0,30,0.0,0,2.0,5.0,6.0,6.0,2.0,3.0,11.0,9.0,558
1.0,24,0.0,0,2.0,2.0,2.0,6.0,2.0,3.0,5.0,4.0,559
1.0,40,1.0,0,2.0,2.0,2.0,6.0,2.0,3.0,0.0,5.0,560
0.0,35,0.0,0,2.0,2.0,2.0,6.0,2.0,6.0,13.0,9.0,561
0.0,30,0.0,0,2.0,2.0,6.0,5.0,2.0,6.0,8.0,9.0,562
2.0,35,1.0,0,2.0,2.0,6.0,6.0,2.0,7.0,0.0,10.0,563
2.0,32,1.0,0,2.0,2.0,2.0,6.0,2.0,3.0,5.0,9.0,564
1.0,31,0.0,0,3.0,0.0,2.0,6.0,2.0,3.0,8.0,5.0,565
0.0,27,0.0,0,2.0,2.0,2.0,6.0,2.0,6.0,0.0,4.0,566
0.0,35,1.0,0,2.0,2.0,2.0,0.0,2.0,3.0,9.0,9.0,567
2.0,34,0.0,0,2.0,5.0,2.0,6.0,0.0,3.0,5.0,9.0,568
2.0,29,0.0,12,2.0,2.0,2.0,0.0,2.0,6.0,5.0,9.0,569
2.0,29,1.0,25,2.0,2.0,2.0,3.0,2.0,6.0,5.0,9.0,570
2.0,35,1.0,0,2.0,2.0,6.0,6.0,2.0,6.0,5.0,10.0,571
0.0,44,2.0,0,2.0,2.0,2.0,0.0,2.0,3.0,13.0,9.0,572
0.0,30,0.0,0,2.0,2.0,2.0,6.0,2.0,3.0,5.0,9.0,573
1.0,39,0.0,0,2.0,2.0,2.0,0.0,2.0,6.0,0.0,9.0,574
0.0,46,0.0,0,2.0,5.0,2.0,6.0,2.0,6.0,8.0,4.0,575
2.0,25,0.0,0,2.0,2.0,2.0,6.0,2.0,6.0,5.0,9.0,576
2.0,60,0.0,0,2.0,2.0,2.0,6.0,2.0,7.0,13.0,9.0,577
1.0,46,0.0,0,2.0,5.0,2.0,6.0,2.0,6.0,5.0,9.0,578
1.0,44,1.0,0,2.0,2.0,2.0,3.0,2.0,6.0,5.0,9.0,579
0.0,58,0.0,23,2.0,5.0,6.0,0.0,2.0,3.0,5.0,6.0,580
2.0,35,0.0,0,2.0,2.0,2.0,0.0,2.0,3.0,5.0,8.0,581
2.0,43,0.0,0,2.0,2.0,2.0,3.0,2.0,3.0,9.0,9.0,582
2.0,23,0.0,0,2.0,2.0,2.0,3.0,2.0,0.0,13.0,9.0,583
2.0,42,0.0,0,2.0,2.0,2.0,0.0,2.0,3.0,5.0,9.0,584
0.0,27,0.0,0,2.0,2.0,1.0,3.0,3.0,3.0,11.0,9.0,585
2.0,26,0.0,0,2.0,2.0,2.0,3.0,2.0,3.0,11.0,9.0,586
1.0,33,0.0,24,2.0,5.0,2.0,6.0,2.0,3.0,5.0,6.0,587
2.0,25,1.0,0,2.0,2.0,6.0,6.0,2.0,6.0,5.0,9.0,588
1.0,35,1.0,0,2.0,2.0,2.0,6.0,2.0,3.0,5.0,9.0,589
3.0,49,0.0,0,2.0,2.0,2.0,6.0,2.0,6.0,11.0,9.0,590
1.0,27,1.0,0,2.0,2.0,2.0,6.0,2.0,3.0,5.0,9.0,591
1.0,34,0.0,0,2.0,2.0,2.0,6.0,2.0,7.0,13.0,9.0,592
1.0,34,0.0,25,2.0,2.0,2.0,0.0,0.0,6.0,9.0,10.0,593
1.0,56,0.0,0,2.0,5.0,2.0,6.0,2.0,7.0,11.0,9.0,594
2.0,68,1.0,0,2.0,2.0,6.0,6.0,2.0,0.0,5.0,10.0,595
2.0,28,0.0,0,2.0,7.0,2.0,6.0,2.0,6.0,9.0,9.0,596
1.0,46,0.0,25,2.0,6.0,2.0,6.0,2.0,6.0,5.0,9.0,597
1.0,29,0.0,0,2.0,7.0,2.0,6.0,2.0,8.0,8.0,9.0,598
0.0,29,0.0,0,2.0,2.0,2.0,6.0,2.0,6.0,5.0,9.0,599
2.0,35,0.0,24,2.0,5.0,6.0,3.0,2.0,3.0,13.0,10.0,600
1.0,61,1.0,0,2.0,2.0,2.0,6.0,2.0,6.0,9.0,6.0,601
2.0,488,1.0,25,2.0,6.0,6.0,6.0,2.0,3.0,5.0,4.0,602
2.0,24,1.0,25,2.0,2.0,2.0,6.0,2.0,3.0,11.0,9.0,603
2.0,32,0.0,0,2.0,5.0,2.0,3.0,2.0,6.0,8.0,4.0,604
1.0,45,0.0,0,2.0,5.0,2.0,6.0,3.0,6.0,9.0,9.0,605
0.0,36,1.0,0,2.0,6.0,2.0,0.0,2.0,7.0,13.0,9.0,606
1.0,29,0.0,0,2.0,5.0,9.0,6.0,2.0,8.0,11.0,9.0,607
0.0,31,1.0,0,2.0,2.0,6.0,0.0,2.0,8.0,5.0,9.0,608
2.0,27,0.0,0,2.0,2.0,10.0,5.0,0.0,3.0,13.0,6.0,609
1.0,40,0.0,0,2.0,5.0,6.0,3.0,2.0,6.0,11.0,9.0,610
2.0,30,0.0,0,2.0,2.0,2.0,3.0,2.0,8.0,8.0,10.0,611
0.0,32,1.0,25,2.0,2.0,2.0,6.0,2.0,3.0,5.0,9.0,612
0.0,29,0.0,0,2.0,5.0,6.0,0.0,1.0,6.0,5.0,9.0,613
2.0,31,1.0,0,2.0,0.0,2.0,0.0,2.0,3.0,9.0,3.0,614
1.0,29,1.0,25,2.0,2.0,9.0,6.0,2.0,6.0,8.0,9.0,615
2.0,31,0.0,0,2.0,2.0,2.0,6.0,3.0,3.0,5.0,6.0,616
0.0,21,1.0,0,2.0,6.0,2.0,6.0,2.0,3.0,11.0,9.0,617
1.0,21,0.0,0,2.0,5.0,2.0,6.0,2.0,3.0,5.0,9.0,618
2.0,37,0.0,0,2.0,3.0,2.0,0.0,2.0,6.0,5.0,9.0,619
2.0,40,0.0,0,2.0,5.0,6.0,3.0,3.0,3.0,5.0,9.0,620
2.0,19,0.0,0,2.0,5.0,2.0,6.0,2.0,7.0,9.0,9.0,621
1.0,60,0.0,0,2.0,2.0,2.0,0.0,2.0,3.0,0.0,9.0,622
2.0,26,1.0,0,2.0,5.0,2.0,6.0,2.0,6.0,5.0,9.0,623
1.0,34,1.0,0,2.0,2.0,2.0,6.0,2.0,6.0,5.0,9.0,624
0.0,54,0.0,0,2.0,2.0,2.0,3.0,2.0,3.0,5.0,9.0,625
2.0,37,1.0,0,2.0,2.0,1.0,6.0,2.0,7.0,13.0,9.0,626
1.0,28,0.0,0,2.0,2.0,2.0,6.0,2.0,6.0,8.0,9.0,627
2.0,19,0.0,0,2.0,4.0,12.0,6.0,2.0,3.0,8.0,9.0,628
1.0,44,0.0,0,2.0,2.0,2.0,3.0,2.0,3.0,13.0,9.0,629
1.0,29,0.0,0,2.0,2.0,2.0,0.0,2.0,3.0,5.0,9.0,630
2.0,33,0.0,0,2.0,2.0,2.0,6.0,2.0,3.0,13.0,9.0,631
2.0,30,0.0,12,2.0,5.0,2.0,0.0,1.0,3.0,0.0,9.0,632
2.0,51,0.0,0,2.0,2.0,2.0,3.0,2.0,3.0,13.0,9.0,633
2.0,27,0.0,0,2.0,2.0,1.0,6.0,2.0,8.0,5.0,5.0,634
2.0,30,0.0,0,2.0,7.0,2.0,5.0,2.0,3.0,11.0,9.0,635
1.0,26,0.0,0,2.0,7.0,9.0,6.0,2.0,6.0,5.0,9.0,636
1.0,67,2.0,0,2.0,2.0,6.0,6.0,2.0,3.0,13.0,4.0,637
0.0,31,0.0,25,2.0,5.0,2.0,3.0,2.0,3.0,11.0,9.0,638
1.0,32,0.0,0,2.0,2.0,6.0,6.0,2.0,3.0,0.0,9.0,639
1.0,35,1.0,0,2.0,2.0,2.0,6.0,2.0,6.0,5.0,10.0,640
2.0,39,0.0,0,2.0,5.0,6.0,6.0,2.0,6.0,13.0,10.0,641
1.0,34,0.0,0,2.0,2.0,6.0,6.0,2.0,3.0,5.0,9.0,642
2.0,1802,1.0,0,2.0,0.0,6.0,6.0,2.0,6.0,13.0,9.0,643
2.0,29,0.0,0,2.0,2.0,2.0,3.0,2.0,3.0,13.0,1.0,644
1.0,62,0.0,0,2.0,2.0,2.0,3.0,3.0,0.0,5.0,10.0,645
2.0,27,0.0,0,2.0,2.0,2.0,6.0,2.0,0.0,0.0,9.0,646
2.0,25,0.0,0,2.0,7.0,2.0,3.0,2.0,6.0,5.0,5.0,647
1.0,39,0.0,0,2.0,2.0,6.0,6.0,2.0,4.0,13.0,9.0,648
1.0,47,0.0,0,2.0,6.0,6.0,0.0,2.0,3.0,5.0,9.0,649
0.0,42,0.0,0,2.0,2.0,2.0,6.0,3.0,2.0,0.0,9.0,650
1.0,31,0.0,0,2.0,5.0,2.0,6.0,2.0,6.0,0.0,9.0,651
0.0,31,0.0,0,2.0,2.0,2.0,6.0,2.0,8.0,8.0,4.0,652
1.0,23,1.0,0,2.0,5.0,6.0,6.0,2.0,3.0,5.0,9.0,653
1.0,30,0.0,0,2.0,2.0,2.0,3.0,2.0,6.0,8.0,4.0,654
2.0,35,0.0,0,2.0,2.0,2.0,3.0,2.0,3.0,13.0,9.0,655
2.0,22,0.0,0,2.0,2.0,2.0,6.0,2.0,3.0,5.0,6.0,656
0.0,29,1.0,0,2.0,2.0,2.0,3.0,2.0,0.0,0.0,9.0,657
1.0,53,1.0,0,2.0,2.0,2.0,6.0,2.0,6.0,13.0,9.0,658
2.0,31,1.0,12,2.0,2.0,2.0,6.0,2.0,6.0,13.0,9.0,659
1.0,29,0.0,0,2.0,2.0,2.0,0.0,2.0,8.0,5.0,9.0,660
2.0,30,1.0,0,2.0,2.0,2.0,6.0,2.0,3.0,5.0,10.0,661
0.0,24,0.0,0,2.0,2.0,2.0,6.0,2.0,3.0,13.0,9.0,662
2.0,22,0.0,0,2.0,2.0,6.0,3.0,2.0,8.0,5.0,9.0,663
2.0,33,0.0,0,2.0,2.0,2.0,3.0,2.0,6.0,5.0,10.0,664
2.0,31,0.0,0,2.0,2.0,2.0,6.0,2.0,3.0,8.0,10.0,665
1.0,48,0.0,0,2.0,2.0,6.0,0.0,2.0,7.0,8.0,9.0,666
2.0,32,0.0,0,2.0,5.0,6.0,6.0,2.0,7.0,9.0,9.0,667
1.0,32,1.0,0,2.0,2.0,2.0,6.0,2.0,8.0,0.0,9.0,668
1.0,38,0.0,0,2.0,5.0,6.0,6.0,2.0,8.0,8.0,10.0,669
2.0,30,1.0,0,2.0,2.0,2.0,6.0,2.0,3.0,0.0,9.0,670
2.0,27,0.0,0,2.0,2.0,2.0,6.0,2.0,3.0,5.0,9.0,671
1.0,49,1.0,0,2.0,2.0,6.0,6.0,2.0,3.0,8.0,9.0,672
1.0,44,0.0,0,2.0,2.0,6.0,6.0,2.0,6.0,5.0,7.0,673
2.0,39,1.0,0,2.0,2.0,6.0,4.0,2.0,3.0,13.0,10.0,674
1.0,29,0.0,0,2.0,2.0,6.0,6.0,2.0,3.0,8.0,9.0,675
1.0,49,0.0,0,2.0,6.0,2.0,0.0,2.0,6.0,5.0,9.0,676
1.0,32,1.0,0,2.0,2.0,2.0,6.0,2.0,3.0,0.0,9.0,677
0.0,50,1.0,0,2.0,2.0,2.0,6.0,2.0,8.0,9.0,5.0,678
2.0,48,0.0,0,2.0,2.0,6.0,3.0,2.0,3.0,8.0,9.0,679
1.0,42,0.0,0,9.0,2.0,2.0,6.0,2.0,3.0,5.0,9.0,680
1.0,22,0.0,0,2.0,5.0,2.0,6.0,2.0,3.0,8.0,9.0,681
2.0,25,0.0,0,2.0,2.0,2.0,6.0,2.0,3.0,5.0,9.0,682
1.0,25,1.0,0,2.0,2.0,6.0,3.0,2.0,7.0,5.0,9.0,683
0.0,18,0.0,0,2.0,5.0,6.0,3.0,2.0,3.0,5.0,9.0,684
1.0,51,0.0,0,2.0,2.0,2.0,6.0,2.0,6.0,0.0,9.0,685
1.0,34,0.0,0,2.0,2.0,2.0,6.0,2.0,6.0,8.0,5.0,686
1.0,31,0.0,12,2.0,5.0,2.0,0.0,2.0,3.0,13.0,5.0,687
1.0,53,0.0,0,2.0,5.0,2.0,6.0,2.0,3.0,11.0,9.0,688
2.0,64,1.0,25,2.0,2.0,6.0,6.0,2.0,3.0,11.0,4.0,689
1.0,28,1.0,0,2.0,2.0,6.0,3.0,2.0,3.0,9.0,9.0,690
2.0,25,0.0,0,2.0,2.0,2.0,3.0,2.0,6.0,8.0,9.0,691
1.0,35,0.0,0,2.0,2.0,2.0,6.0,2.0,3.0,13.0,9.0,692
2.0,30,0.0,0,2.0,5.0,2.0,3.0,2.0,8.0,0.0,9.0,693
2.0,25,1.0,25,2.0,2.0,4.0,6.0,2.0,6.0,8.0,5.0,694
1.0,23,0.0,0,2.0,2.0,6.0,0.0,3.0,7.0,13.0,9.0,695
0.0,18,0.0,0,2.0,2.0,2.0,0.0,2.0,8.0,11.0,8.0,696
1.0,27,1.0,0,2.0,2.0,2.0,6.0,2.0,3.0,0.0,9.0,697
1.0,32,1.0,0,2.0,5.0,2.0,6.0,2.0,6.0,5.0,9.0,698
1.0,32,0.0,0,2.0,0.0,6.0,3.0,3.0,3.0,5.0,9.0,699
1.0,55,0.0,0,2.0,2.0,4.0,6.0,3.0,3.0,13.0,9.0,700
1.0,35,1.0,0,2.0,5.0,2.0,6.0,2.0,6.0,11.0,9.0,701
0.0,22,0.0,25,2.0,2.0,2.0,3.0,2.0,3.0,13.0,6.0,702
1.0,65,1.0,0,2.0,2.0,2.0,6.0,2.0,6.0,6.0,9.0,703
2.0,444,0.0,0,2.0,2.0,2.0,3.0,2.0,3.0,8.0,9.0,704
1.0,25,0.0,0,2.0,2.0,6.0,6.0,2.0,6.0,5.0,9.0,705
2.0,25,1.0,0,2.0,5.0,2.0,6.0,2.0,8.0,13.0,9.0,706
2.0,42,0.0,0,2.0,2.0,2.0,6.0,2.0,0.0,5.0,9.0,707
1.0,28,1.0,0,2.0,5.0,2.0,3.0,2.0,6.0,8.0,9.0,708
1.0,19,0.0,0,2.0,2.0,2.0,6.0,2.0,6.0,5.0,4.0,709
2.0,42,0.0,0,2.0,7.0,2.0,0.0,2.0,3.0,9.0,9.0,710
0.0,37,0.0,0,2.0,4.0,6.0,0.0,2.0,6.0,8.0,10.0,711
2.0,42,0.0,0,2.0,7.0,6.0,3.0,2.0,6.0,0.0,9.0,712
2.0,20,0.0,0,2.0,2.0,2.0,6.0,2.0,7.0,0.0,9.0,713
1.0,24,0.0,0,2.0,2.0,2.0,3.0,1.0,3.0,13.0,9.0,714
2.0,44,0.0,0,2.0,2.0,9.0,6.0,2.0,3.0,13.0,9.0,715
0.0,32,0.0,0,2.0,5.0,2.0,6.0,2.0,3.0,5.0,4.0,716
1.0,47,0.0,12,2.0,2.0,2.0,6.0,2.0,3.0,9.0,9.0,717
0.0,31,1.0,0,2.0,2.0,2.0,6.0,2.0,6.0,5.0,9.0,718
0.0,28,1.0,0,2.0,2.0,2.0,0.0,2.0,0.0,5.0,9.0,719
0.0,65,1.0,0,2.0,5.0,2.0,3.0,2.0,6.0,13.0,9.0,720
1.0,19,1.0,0,2.0,2.0,2.0,3.0,3.0,8.0,5.0,5.0,721
1.0,26,0.0,0,2.0,2.0,6.0,6.0,2.0,3.0,0.0,9.0,722
1.0,42,1.0,12,2.0,2.0,2.0,6.0,2.0,3.0,11.0,9.0,723
1.0,19,0.0,0,2.0,5.0,2.0,6.0,2.0,6.0,8.0,6.0,724
2.0,31,0.0,0,2.0,2.0,2.0,3.0,2.0,3.0,5.0,5.0,725
0.0,28,0.0,0,2.0,5.0,2.0,6.0,2.0,6.0,11.0,9.0,726
1.0,34,0.0,0,2.0,2.0,2.0,6.0,2.0,7.0,5.0,9.0,727
2.0,31,0.0,25,2.0,2.0,2.0,3.0,2.0,6.0,0.0,8.0,728
1.0,29,0.0,25,2.0,2.0,6.0,3.0,1.0,3.0,5.0,10.0,729
1.0,59,0.0,0,2.0,2.0,6.0,3.0,2.0,3.0,13.0,9.0,730
0.0,38,0.0,0,2.0,6.0,2.0,6.0,2.0,3.0,0.0,9.0,731
2.0,51,0.0,0,2.0,5.0,2.0,6.0,2.0,6.0,9.0,9.0,732
0.0,31,1.0,24,2.0,2.0,2.0,6.0,2.0,3.0,9.0,10.0,733
2.0,32,0.0,0,2.0,2.0,6.0,3.0,2.0,6.0,0.0,9.0,734
2.0,23,0.0,0,2.0,2.0,6.0,6.0,2.0,8.0,11.0,5.0,735
1.0,40,1.0,0,2.0,2.0,2.0,6.0,2.0,6.0,5.0,9.0,736
0.0,32,0.0,0,2.0,2.0,6.0,3.0,2.0,3.0,9.0,9.0,737
0.0,32,0.0,0,2.0,2.0,2.0,0.0,2.0,3.0,8.0,9.0,738
1.0,57,0.0,0,2.0,2.0,2.0,6.0,2.0,6.0,5.0,9.0,739
1.0,49,0.0,0,2.0,2.0,2.0,6.0,3.0,7.0,13.0,3.0,740
0.0,29,0.0,0,2.0,4.0,6.0,3.0,2.0,6.0,8.0,9.0,741
0.0,60,0.0,12,2.0,2.0,2.0,6.0,2.0,0.0,11.0,9.0,742
2.0,23,0.0,12,2.0,2.0,2.0,6.0,2.0,4.0,5.0,9.0,743
2.0,32,1.0,0,2.0,2.0,6.0,6.0,2.0,8.0,5.0,4.0,744
0.0,50,0.0,0,2.0,2.0,9.0,6.0,2.0,6.0,11.0,9.0,745
1.0,35,1.0,25,2.0,5.0,6.0,3.0,2.0,6.0,0.0,9.0,746
2.0,27,0.0,25,2.0,2.0,6.0,3.0,2.0,3.0,11.0,9.0,747
1.0,32,0.0,0,2.0,2.0,6.0,6.0,2.0,3.0,0.0,9.0,748
1.0,58,0.0,0,2.0,7.0,2.0,6.0,2.0,3.0,8.0,9.0,749
2.0,26,0.0,0,2.0,2.0,2.0,6.0,2.0,1.0,0.0,5.0,750
2.0,24,0.0,0,2.0,5.0,2.0,0.0,2.0,6.0,5.0,9.0,751
1.0,25,0.0,25,2.0,5.0,9.0,6.0,2.0,3.0,13.0,9.0,752
2.0,30,0.0,12,2.0,2.0,6.0,0.0,2.0,3.0,5.0,10.0,753
1.0,39,0.0,0,2.0,2.0,2.0,0.0,2.0,3.0,8.0,9.0,754
1.0,27,1.0,0,2.0,0.0,2.0,6.0,1.0,6.0,13.0,9.0,755
2.0,30,0.0,25,2.0,2.0,2.0,6.0,2.0,3.0,11.0,9.0,756
0.0,21,0.0,0,2.0,2.0,1.0,0.0,2.0,7.0,9.0,9.0,757
1.0,32,1.0,0,2.0,5.0,6.0,6.0,2.0,8.0,5.0,6.0,758
2.0,38,0.0,0,2.0,5.0,2.0,3.0,2.0,3.0,5.0,4.0,759
0.0,27,0.0,0,2.0,2.0,2.0,0.0,3.0,3.0,13.0,5.0,760
0.0,31,0.0,12,2.0,5.0,2.0,6.0,2.0,3.0,0.0,9.0,761
2.0,31,1.0,0,2.0,2.0,2.0,6.0,2.0,8.0,8.0,9.0,762
2.0,28,0.0,0,2.0,2.0,2.0,6.0,2.0,3.0,5.0,3.0,763
2.0,27,0.0,0,4.0,2.0,2.0,3.0,2.0,3.0,8.0,5.0,764
1.0,27,0.0,0,2.0,2.0,6.0,3.0,2.0,3.0,13.0,9.0,765
1.0,35,0.0,0,2.0,5.0,2.0,3.0,2.0,8.0,5.0,9.0,766
2.0,31,1.0,0,2.0,5.0,2.0,6.0,2.0,6.0,5.0,9.0,767
1.0,31,1.0,25,2.0,2.0,6.0,6.0,2.0,3.0,13.0,9.0,768
1.0,34,0.0,0,2.0,2.0,2.0,0.0,2.0,3.0,5.0,9.0,769
1.0,32,0.0,0,2.0,6.0,6.0,0.0,2.0,7.0,9.0,9.0,770
2.0,29,0.0,0,2.0,2.0,2.0,6.0,2.0,6.0,11.0,9.0,771
1.0,49,0.0,0,2.0,2.0,9.0,0.0,2.0,3.0,11.0,10.0,772
2.0,29,0.0,0,2.0,2.0,2.0,6.0,2.0,3.0,9.0,9.0,773
2.0,35,0.0,0,2.0,2.0,2.0,6.0,2.0,3.0,13.0,9.0,774
1.0,61,0.0,0,2.0,0.0,6.0,6.0,2.0,8.0,13.0,9.0,775
0.0,18,0.0,0,2.0,2.0,2.0,6.0,3.0,8.0,8.0,4.0,776
0.0,62,0.0,0,2.0,2.0,2.0,0.0,2.0,3.0,5.0,9.0,777
1.0,30,0.0,0,2.0,2.0,2.0,6.0,2.0,3.0,13.0,9.0,778
1.0,24,0.0,0,2.0,7.0,6.0,6.0,2.0,8.0,13.0,10.0,779
1.0,29,0.0,0,2.0,2.0,2.0,6.0,2.0,3.0,8.0,6.0,780
2.0,26,0.0,0,2.0,6.0,9.0,0.0,2.0,6.0,5.0,9.0,781
0.0,53,0.0,25,2.0,5.0,2.0,6.0,2.0,3.0,0.0,9.0,782
1.0,24,0.0,12,2.0,2.0,2.0,6.0,2.0,3.0,8.0,4.0,783
1.0,38,1.0,0,2.0,5.0,2.0,6.0,3.0,3.0,5.0,2.0,784
1.0,36,0.0,0,2.0,2.0,9.0,0.0,2.0,3.0,13.0,4.0,785
0.0,19,0.0,0,2.0,2.0,2.0,3.0,2.0,3.0,11.0,9.0,786
2.0,26,0.0,0,2.0,5.0,6.0,6.0,2.0,6.0,5.0,9.0,787
0.0,32,0.0,0,2.0,2.0,2.0,3.0,2.0,3.0,13.0,9.0,788
1.0,44,0.0,25,2.0,5.0,2.0,0.0,2.0,3.0,5.0,9.0,789
2.0,27,1.0,0,2.0,2.0,6.0,6.0,2.0,6.0,9.0,9.0,790
2.0,42,1.0,0,2.0,5.0,2.0,6.0,2.0,3.0,11.0,4.0,791
2.0,24,0.0,0,2.0,2.0,2.0,6.0,2.0,3.0,13.0,5.0,792
1.0,62,0.0,0,2.0,2.0,6.0,6.0,3.0,8.0,5.0,7.0,793
0.0,33,0.0,0,2.0,2.0,6.0,6.0,2.0,6.0,13.0,9.0,794
0.0,35,0.0,0,2.0,2.0,2.0,6.0,1.0,3.0,13.0,9.0,795
2.0,35,1.0,0,2.0,2.0,2.0,6.0,2.0,6.0,11.0,9.0,796
2.0,34,1.0,0,2.0,2.0,9.0,6.0,3.0,8.0,5.0,6.0,797
1.0,32,1.0,0,2.0,2.0,2.0,3.0,0.0,3.0,13.0,4.0,798
2.0,35,1.0,0,2.0,4.0,2.0,6.0,2.0,4.0,0.0,10.0,799
1.0,30,1.0,0,2.0,2.0,2.0,6.0,2.0,8.0,5.0,9.0,800
1.0,28,1.0,0,2.0,7.0,2.0,3.0,3.0,6.0,8.0,9.0,801
1.0,34,0.0,0,2.0,2.0,2.0,0.0,2.0,6.0,5.0,9.0,802
1.0,25,1.0,0,2.0,2.0,6.0,4.0,2.0,3.0,8.0,9.0,803
1.0,1918,1.0,0,2.0,5.0,2.0,6.0,2.0,3.0,9.0,9.0,804
1.0,27,0.0,0,2.0,2.0,6.0,6.0,2.0,3.0,11.0,10.0,805
0.0,50,0.0,0,2.0,0.0,2.0,6.0,2.0,7.0,13.0,4.0,806
2.0,30,1.0,0,2.0,2.0,2.0,6.0,2.0,6.0,0.0,9.0,807
0.0,36,0.0,0,2.0,2.0,6.0,3.0,2.0,6.0,13.0,9.0,808
2.0,31,0.0,0,2.0,2.0,6.0,6.0,2.0,3.0,8.0,10.0,809
2.0,32,0.0,0,2.0,5.0,2.0,3.0,2.0,6.0,13.0,10.0,810
1.0,32,0.0,0,2.0,0.0,2.0,3.0,2.0,6.0,9.0,4.0,811
2.0,28,0.0,0,2.0,2.0,2.0,3.0,2.0,3.0,13.0,9.0,812
0.0,31,0.0,0,2.0,2.0,2.0,6.0,2.0,3.0,8.0,9.0,813
0.0,53,0.0,0,2.0,7.0,4.0,6.0,2.0,3.0,8.0,9.0,814
2.0,36,0.0,0,2.0,5.0,6.0,6.0,2.0,3.0,8.0,9.0,815
1.0,32,0.0,0,2.0,2.0,6.0,6.0,2.0,6.0,5.0,1.0,816
1.0,33,0.0,0,2.0,2.0,2.0,3.0,2.0,6.0,13.0,9.0,817
0.0,22,1.0,0,2.0,2.0,2.0,6.0,3.0,6.0,5.0,9.0,818
2.0,31,0.0,0,2.0,2.0,2.0,6.0,2.0,6.0,11.0,10.0,819
2.0,35,0.0,0,2.0,2.0,2.0,3.0,2.0,3.0,13.0,9.0,820
0.0,35,0.0,0,2.0,2.0,2.0,3.0,2.0,3.0,5.0,9.0,821
1.0,19,0.0,0,2.0,5.0,6.0,3.0,2.0,3.0,13.0,10.0,822
1.0,20,0.0,0,2.0,7.0,6.0,6.0,2.0,4.0,8.0,9.0,823
1.0,23,0.0,0,2.0,2.0,2.0,6.0,2.0,8.0,13.0,9.0,824
0.0,39,0.0,0,2.0,2.0,2.0,6.0,2.0,3.0,5.0,9.0,825
2.0,24,0.0,0,2.0,2.0,2.0,3.0,2.0,6.0,5.0,10.0,826
2.0,23,1.0,0,2.0,5.0,2.0,3.0,2.0,6.0,9.0,4.0,827
2.0,31,0.0,0,2.0,6.0,6.0,3.0,2.0,3.0,9.0,9.0,828
0.0,31,1.0,0,2.0,0.0,6.0,3.0,2.0,3.0,13.0,6.0,829
2.0,25,1.0,0,2.0,2.0,2.0,0.0,2.0,3.0,9.0,9.0,830
2.0,36,0.0,0,2.0,2.0,2.0,6.0,2.0,3.0,5.0,9.0,831
2.0,28,0.0,0,2.0,2.0,2.0,6.0,2.0,7.0,5.0,10.0,832
1.0,33,0.0,0,2.0,2.0,2.0,6.0,2.0,6.0,5.0,9.0,833
1.0,38,0.0,0,2.0,2.0,6.0,6.0,3.0,6.0,5.0,9.0,834
2.0,42,0.0,24,2.0,2.0,6.0,6.0,2.0,6.0,11.0,9.0,835
1.0,34,0.0,0,2.0,2.0,2.0,0.0,2.0,6.0,11.0,9.0,836
1.0,57,0.0,0,2.0,2.0,6.0,6.0,2.0,8.0,5.0,9.0,837
2.0,33,0.0,0,2.0,2.0,1.0,6.0,2.0,3.0,8.0,9.0,838
1.0,29,0.0,12,2.0,2.0,2.0,3.0,1.0,3.0,13.0,9.0,839
0.0,30,1.0,0,2.0,2.0,6.0,3.0,2.0,3.0,8.0,9.0,840
1.0,41,0.0,0,2.0,2.0,2.0,3.0,2.0,6.0,5.0,9.0,841
2.0,51,0.0,25,2.0,2.0,9.0,3.0,2.0,3.0,8.0,10.0,842
0.0,51,0.0,0,2.0,2.0,2.0,3.0,2.0,6.0,0.0,9.0,843
2.0,41,0.0,0,2.0,2.0,6.0,6.0,2.0,3.0,5.0,5.0,844
1.0,27,0.0,0,2.0,2.0,6.0,0.0,3.0,6.0,13.0,9.0,845
0.0,39,0.0,0,2.0,2.0,2.0,6.0,2.0,3.0,8.0,9.0,846
1.0,51,0.0,0,2.0,5.0,6.0,6.0,2.0,4.0,5.0,9.0,847
2.0,43,0.0,0,2.0,7.0,2.0,3.0,0.0,3.0,5.0,9.0,848
1.0,51,0.0,0,2.0,2.0,2.0,0.0,2.0,2.0,5.0,10.0,849
2.0,30,0.0,0,2.0,2.0,2.0,0.0,3.0,3.0,13.0,9.0,850
2.0,32,1.0,24,2.0,5.0,2.0,3.0,2.0,6.0,13.0,9.0,851
1.0,66,0.0,0,2.0,2.0,9.0,6.0,2.0,3.0,11.0,10.0,852
1.0,30,0.0,25,2.0,2.0,2.0,6.0,2.0,3.0,5.0,9.0,853
0.0,54,0.0,0,2.0,2.0,2.0,3.0,2.0,4.0,11.0,9.0,854
2.0,29,0.0,0,2.0,2.0,2.0,6.0,2.0,6.0,5.0,9.0,855
2.0,36,0.0,0,2.0,0.0,2.0,3.0,3.0,7.0,8.0,9.0,856
2.0,36,0.0,0,2.0,5.0,6.0,0.0,3.0,6.0,5.0,9.0,857
1.0,18,1.0,0,2.0,2.0,2.0,6.0,2.0,7.0,5.0,9.0,858
2.0,27,1.0,25,2.0,2.0,2.0,3.0,2.0,3.0,11.0,10.0,859
1.0,49,1.0,0,2.0,2.0,2.0,6.0,2.0,6.0,5.0,10.0,860
1.0,24,0.0,0,2.0,6.0,2.0,6.0,2.0,6.0,8.0,10.0,861
1.0,34,1.0,0,2.0,5.0,6.0,0.0,2.0,8.0,5.0,9.0,862
1.0,64,0.0,0,2.0,2.0,2.0,0.0,2.0,3.0,8.0,9.0,863
2.0,21,0.0,0,2.0,2.0,6.0,6.0,2.0,3.0,9.0,9.0,864
1.0,43,0.0,0,2.0,2.0,6.0,3.0,1.0,3.0,11.0,9.0,865
0.0,35,0.0,0,2.0,5.0,6.0,0.0,2.0,7.0,5.0,9.0,866
1.0,29,0.0,0,2.0,6.0,2.0,3.0,2.0,8.0,5.0,10.0,867
2.0,26,0.0,0,2.0,5.0,2.0,0.0,3.0,0.0,11.0,6.0,868
2.0,30,0.0,24,2.0,2.0,2.0,0.0,2.0,3.0,11.0,4.0,869
1.0,53,0.0,0,2.0,2.0,6.0,0.0,2.0,3.0,0.0,9.0,870
1.0,67,1.0,0,2.0,2.0,2.0,0.0,2.0,3.0,8.0,9.0,871
1.0,29,0.0,0,2.0,2.0,2.0,0.0,2.0,2.0,9.0,9.0,872
1.0,62,0.0,0,2.0,5.0,6.0,3.0,2.0,3.0,0.0,9.0,873
2.0,58,0.0,25,2.0,6.0,2.0,3.0,0.0,6.0,0.0,9.0,874
2.0,35,0.0,0,2.0,2.0,2.0,0.0,2.0,6.0,5.0,10.0,875
1.0,31,0.0,0,2.0,5.0,6.0,0.0,2.0,3.0,5.0,9.0,876
1.0,61,1.0,0,2.0,5.0,2.0,6.0,2.0,3.0,13.0,9.0,877
0.0,28,0.0,24,2.0,2.0,6.0,6.0,2.0,7.0,8.0,9.0,878
2.0,54,0.0,0,2.0,5.0,2.0,3.0,0.0,8.0,8.0,9.0,879
1.0,35,0.0,12,2.0,2.0,2.0,0.0,2.0,7.0,8.0,10.0,880
1.0,33,0.0,0,2.0,6.0,2.0,6.0,2.0,3.0,13.0,3.0,881
0.0,25,0.0,24,2.0,2.0,6.0,6.0,2.0,3.0,5.0,9.0,882
2.0,43,1.0,0,2.0,2.0,2.0,6.0,2.0,3.0,5.0,9.0,883
2.0,1730,0.0,0,3.0,0.0,2.0,6.0,2.0,3.0,13.0,9.0,884
1.0,30,0.0,12,2.0,5.0,9.0,3.0,2.0,3.0,9.0,9.0,885
2.0,33,1.0,0,2.0,2.0,2.0,3.0,2.0,3.0,0.0,10.0,886
0.0,986,1.0,0,2.0,5.0,2.0,6.0,2.0,3.0,11.0,9.0,887
2.0,28,0.0,0,2.0,2.0,2.0,6.0,2.0,4.0,5.0,9.0,888
1.0,19,0.0,0,2.0,2.0,2.0,6.0,2.0,8.0,8.0,3.0,889
2.0,27,1.0,0,2.0,7.0,2.0,6.0,2.0,3.0,5.0,9.0,890
2.0,42,0.0,0,2.0,2.0,2.0,3.0,2.0,6.0,5.0,4.0,891
2.0,450,1.0,0,2.0,2.0,6.0,0.0,2.0,6.0,13.0,9.0,892
2.0,28,1.0,23,2.0,5.0,2.0,3.0,2.0,6.0,11.0,9.0,893
0.0,34,0.0,0,2.0,2.0,2.0,6.0,2.0,3.0,13.0,9.0,894
1.0,1283,0.0,0,2.0,2.0,1.0,5.0,3.0,8.0,0.0,4.0,895
2.0,30,0.0,0,2.0,2.0,6.0,0.0,2.0,3.0,5.0,9.0,896
0.0,40,0.0,0,2.0,2.0,2.0,6.0,0.0,2.0,5.0,9.0,897
2.0,31,0.0,0,2.0,2.0,2.0,6.0,2.0,6.0,8.0,6.0,898
2.0,31,0.0,0,2.0,2.0,6.0,6.0,2.0,6.0,8.0,10.0,899
1.0,44,0.0,0,2.0,2.0,2.0,6.0,2.0,3.0,0.0,9.0,900
1.0,29,0.0,0,2.0,5.0,9.0,6.0,3.0,6.0,0.0,9.0,901
0.0,32,0.0,0,2.0,2.0,2.0,6.0,2.0,6.0,13.0,1.0,902
1.0,35,1.0,0,2.0,2.0,6.0,6.0,3.0,6.0,8.0,4.0,903
2.0,28,0.0,25,2.0,2.0,2.0,0.0,2.0,6.0,13.0,9.0,904
1.0,18,0.0,0,2.0,2.0,2.0,0.0,2.0,3.0,9.0,10.0,905
1.0,31,0.0,0,2.0,2.0,2.0,6.0,2.0,6.0,0.0,9.0,906
2.0,26,0.0,12,2.0,5.0,2.0,6.0,2.0,3.0,8.0,9.0,907
1.0,18,0.0,0,2.0,2.0,2.0,0.0,2.0,3.0,5.0,9.0,908
2.0,39,0.0,0,2.0,6.0,6.0,6.0,2.0,3.0,5.0,9.0,909
2.0,31,0.0,0,2.0,2.0,6.0,6.0,2.0,8.0,5.0,9.0,910
1.0,18,0.0,0,2.0,2.0,6.0,6.0,2.0,3.0,5.0,9.0,911
2.0,1585,0.0,0,2.0,6.0,9.0,6.0,2.0,3.0,5.0,9.0,912
0.0,30,0.0,0,2.0,2.0,2.0,6.0,2.0,6.0,13.0,9.0,913
0.0,39,0.0,0,2.0,5.0,6.0,6.0,2.0,3.0,5.0,9.0,914
2.0,68,0.0,0,2.0,2.0,2.0,6.0,2.0,6.0,5.0,9.0,915
2.0,29,0.0,0,2.0,2.0,2.0,0.0,2.0,3.0,5.0,9.0,916
2.0,35,1.0,0,2.0,2.0,2.0,6.0,2.0,3.0,5.0,10.0,917
1.0,23,0.0,0,2.0,6.0,2.0,3.0,2.0,7.0,5.0,9.0,918
1.0,60,0.0,25,2.0,5.0,2.0,6.0,0.0,3.0,5.0,9.0,919
1.0,412,0.0,0,2.0,2.0,2.0,3.0,2.0,6.0,8.0,4.0,920
1.0,53,0.0,0,2.0,2.0,2.0,0.0,2.0,7.0,5.0,9.0,921
1.0,32,1.0,0,2.0,7.0,6.0,6.0,3.0,6.0,11.0,9.0,922
0.0,28,0.0,0,2.0,2.0,2.0,0.0,3.0,8.0,5.0,9.0,923
2.0,56,0.0,0,2.0,2.0,2.0,0.0,2.0,6.0,0.0,9.0,924
2.0,29,1.0,0,2.0,2.0,6.0,3.0,3.0,3.0,5.0,9.0,925
2.0,41,0.0,0,2.0,5.0,6.0,6.0,2.0,6.0,5.0,9.0,926
1.0,44,0.0,0,2.0,2.0,2.0,6.0,3.0,3.0,8.0,9.0,927
2.0,31,0.0,0,2.0,2.0,2.0,6.0,3.0,6.0,5.0,9.0,928
0.0,55,0.0,0,13.0,2.0,6.0,6.0,2.0,6.0,0.0,9.0,929
2.0,30,0.0,0,2.0,2.0,2.0,3.0,2.0,6.0,5.0,9.0,930
0.0,23,0.0,0,2.0,2.0,2.0,3.0,2.0,3.0,13.0,10.0,931
2.0,32,0.0,0,2.0,2.0,9.0,6.0,2.0,6.0,5.0,1.0,932
2.0,23,0.0,0,2.0,2.0,2.0,3.0,2.0,8.0,8.0,9.0,933
0.0,32,0.0,0,2.0,2.0,2.0,3.0,2.0,8.0,13.0,5.0,934
2.0,23,0.0,0,2.0,7.0,2.0,3.0,2.0,3.0,5.0,9.0,935
0.0,24,1.0,0,2.0,2.0,2.0,3.0,2.0,3.0,11.0,9.0,936
0.0,866,1.0,0,2.0,2.0,2.0,6.0,1.0,3.0,9.0,9.0,937
1.0,47,1.0,0,2.0,2.0,6.0,6.0,3.0,8.0,6.0,5.0,938
0.0,567,0.0,0,2.0,2.0,2.0,6.0,2.0,3.0,0.0,4.0,939
0.0,39,1.0,0,2.0,2.0,2.0,0.0,2.0,3.0,8.0,10.0,940
2.0,31,0.0,0,2.0,2.0,2.0,0.0,0.0,8.0,11.0,6.0,941
1.0,30,0.0,0,2.0,2.0,2.0,3.0,2.0,7.0,11.0,9.0,942
0.0,1319,0.0,0,2.0,2.0,6.0,3.0,2.0,6.0,13.0,9.0,943
1.0,30,1.0,0,2.0,2.0,2.0,3.0,2.0,2.0,13.0,4.0,944
2.0,36,1.0,0,2.0,2.0,6.0,6.0,2.0,6.0,9.0,4.0,945
1.0,59,0.0,0,2.0,2.0,2.0,6.0,2.0,3.0,5.0,9.0,946
2.0,30,1.0,0,2.0,2.0,2.0,6.0,2.0,3.0,8.0,9.0,947
1.0,31,0.0,0,2.0,2.0,6.0,6.0,2.0,3.0,5.0,9.0,948
2.0,31,0.0,0,2.0,2.0,6.0,6.0,2.0,7.0,11.0,4.0,949
1.0,31,0.0,0,2.0,5.0,2.0,6.0,2.0,8.0,5.0,5.0,950
2.0,39,0.0,0,2.0,5.0,9.0,3.0,2.0,6.0,5.0,9.0,951
2.0,46,0.0,0,2.0,2.0,2.0,3.0,3.0,6.0,9.0,9.0,952
0.0,56,0.0,12,2.0,2.0,6.0,0.0,2.0,7.0,13.0,9.0,953
2.0,47,0.0,0,2.0,3.0,2.0,0.0,2.0,3.0,0.0,9.0,954
2.0,43,0.0,0,2.0,2.0,6.0,6.0,2.0,3.0,0.0,9.0,955
1.0,27,0.0,0,2.0,2.0,1.0,6.0,2.0,7.0,13.0,9.0,956
2.0,1243,0.0,0,2.0,2.0,2.0,6.0,0.0,6.0,5.0,9.0,957
1.0,25,1.0,0,2.0,2.0,2.0,0.0,3.0,6.0,5.0,10.0,958
2.0,42,0.0,0,2.0,6.0,6.0,3.0,2.0,6.0,13.0,9.0,959
2.0,47,0.0,25,2.0,5.0,2.0,3.0,0.0,3.0,13.0,9.0,960
1.0,27,0.0,0,2.0,6.0,6.0,6.0,2.0,2.0,9.0,9.0,961
1.0,47,0.0,0,2.0,2.0,2.0,6.0,2.0,6.0,5.0,9.0,962
1.0,32,1.0,24,2.0,2.0,2.0,6.0,2.0,6.0,13.0,9.0,963
0.0,1320,0.0,0,2.0,6.0,2.0,6.0,2.0,3.0,0.0,9.0,964
0.0,23,1.0,0,2.0,2.0,4.0,6.0,2.0,6.0,13.0,9.0,965
1.0,63,0.0,0,2.0,2.0,2.0,6.0,2.0,6.0,5.0,9.0,966
1.0,30,0.0,0,2.0,2.0,2.0,6.0,2.0,6.0,13.0,9.0,967
0.0,35,0.0,0,2.0,2.0,2.0,0.0,2.0,6.0,13.0,10.0,968
2.0,29,1.0,0,2.0,2.0,6.0,6.0,2.0,7.0,0.0,9.0,969
1.0,40,0.0,0,2.0,2.0,6.0,6.0,2.0,6.0,0.0,9.0,970
1.0,31,0.0,0,2.0,2.0,2.0,3.0,2.0,3.0,8.0,9.0,971
2.0,30,0.0,0,2.0,0.0,2.0,6.0,2.0,6.0,5.0,9.0,972
2.0,38,0.0,0,2.0,2.0,2.0,6.0,2.0,6.0,11.0,6.0,973
0.0,42,0.0,25,2.0,7.0,2.0,3.0,3.0,6.0,5.0,9.0,974
1.0,32,1.0,0,2.0,2.0,2.0,0.0,2.0,2.0,11.0,9.0,975
2.0,29,0.0,0,2.0,2.0,2.0,0.0,2.0,6.0,0.0,9.0,976
1.0,28,0.0,0,2.0,2.0,2.0,6.0,2.0,6.0,5.0,9.0,977
0.0,34,0.0,0,2.0,2.0,6.0,6.0,2.0,6.0,11.0,9.0,978
2.0,31,0.0,0,2.0,2.0,2.0,6.0,3.0,6.0,13.0,1.0,979
2.0,32,0.0,0,2.0,2.0,2.0,6.0,2.0,3.0,5.0,9.0,980
0.0,59,0.0,0,2.0,2.0,6.0,6.0,2.0,3.0,13.0,9.0,981
1.0,30,1.0,0,2.0,2.0,6.0,6.0,2.0,3.0,13.0,9.0,982
1.0,23,1.0,0,2.0,2.0,2.0,6.0,2.0,3.0,13.0,9.0,983
1.0,23,0.0,23,2.0,2.0,2.0,6.0,3.0,3.0,13.0,10.0,984
1.0,55,0.0,0,2.0,2.0,2.0,0.0,3.0,3.0,13.0,3.0,985
1.0,35,0.0,0,2.0,5.0,2.0,6.0,3.0,6.0,8.0,9.0,986
1.0,42,0.0,0,2.0,2.0,2.0,0.0,2.0,6.0,0.0,9.0,987
0.0,29,1.0,25,2.0,5.0,2.0,3.0,2.0,3.0,9.0,10.0,988
2.0,44,0.0,0,2.0,5.0,2.0,3.0,2.0,3.0,5.0,4.0,989
1.0,36,0.0,0,2.0,2.0,2.0,3.0,2.0,3.0,5.0,4.0,990
1.0,28,0.0,0,2.0,6.0,2.0,6.0,2.0,8.0,8.0,10.0,991
2.0,60,1.0,0,2.0,2.0,2.0,6.0,2.0,3.0,0.0,10.0,992
2.0,37,0.0,0,2.0,2.0,2.0,6.0,3.0,6.0,13.0,9.0,993
2.0,22,1.0,0,2.0,7.0,9.0,6.0,2.0,6.0,8.0,9.0,994
2.0,28,1.0,24,2.0,2.0,2.0,3.0,2.0,6.0,11.0,4.0,995
2.0,28,0.0,0,2.0,2.0,9.0,6.0,0.0,6.0,13.0,9.0,996
1.0,28,0.0,0,2.0,2.0,1.0,3.0,2.0,6.0,11.0,9.0,997
0.0,47,1.0,0,2.0,2.0,2.0,6.0,2.0,6.0,11.0,8.0,998
1.0,28,0.0,0,2.0,2.0,2.0,6.0,3.0,3.0,11.0,4.0,999
